--
-- Database: 'cmt_naive_ci_mysql'
--

-- --------------------------------------------------------

--
-- Table structure for table 'acceptance'
--

CREATE TABLE acceptance (
  id integer NOT NULL,
  PRIMARY KEY (id)
) ;

-- --------------------------------------------------------

--
-- Table structure for table 'administrator'
--

CREATE TABLE administrator (
  id integer NOT NULL,
  acceptpaper integer DEFAULT NULL,
  PRIMARY KEY (id)
) ;

-- --------------------------------------------------------

--
-- Table structure for table 'assignedto'
--

CREATE TABLE assignedto (
  paper integer NOT NULL,
  reviewer integer NOT NULL,
  PRIMARY KEY (paper,reviewer)
) ;

--
-- Dumping data for table 'assignedto'
--

INSERT INTO assignedto (paper, reviewer) VALUES
(4, 2),
(8, 5),
(9, 5),
(12, 5),
(16, 17),
(16, 20),
(1828, 20),
(2402, 20),
(508, 21),
(1396, 23),
(25, 27),
(774, 27),
(2370, 27),
(25, 29),
(2370, 29),
(220, 30),
(221, 30),
(33, 31),
(34, 35),
(421, 35),
(422, 35),
(1148, 38),
(1152, 38),
(1153, 38),
(34, 39),
(421, 39),
(310, 42),
(43, 45),
(1870, 46),
(43, 47),
(595, 47),
(49, 50),
(2260, 50),
(49, 51),
(437, 51),
(2260, 51),
(59, 57),
(62, 63),
(483, 63),
(62, 64),
(483, 64),
(594, 64),
(486, 66),
(1800, 69),
(72, 71),
(77, 71),
(78, 71),
(2310, 82),
(81, 84),
(81, 86),
(151, 88),
(1081, 88),
(1082, 88),
(89, 90),
(89, 92),
(490, 96),
(492, 96),
(608, 99),
(609, 99),
(611, 99),
(103, 101),
(210, 107),
(1478, 107),
(1482, 107),
(108, 110),
(108, 113),
(1231, 113),
(1232, 113),
(114, 115),
(1199, 116),
(114, 119),
(798, 121),
(1231, 126),
(1232, 126),
(127, 128),
(362, 128),
(127, 129),
(362, 129),
(904, 131),
(925, 135),
(1120, 135),
(1122, 135),
(14, 137),
(15, 137),
(499, 139),
(502, 139),
(973, 139),
(1130, 141),
(142, 143),
(547, 143),
(142, 144),
(1944, 144),
(803, 146),
(173, 149),
(151, 153),
(2319, 155),
(430, 157),
(512, 157),
(160, 158),
(164, 161),
(167, 161),
(2197, 169),
(173, 171),
(175, 176),
(533, 176),
(878, 176),
(165, 177),
(175, 177),
(533, 177),
(164, 180),
(167, 180),
(1483, 182),
(188, 186),
(1031, 193),
(194, 196),
(1289, 196),
(1712, 196),
(194, 197),
(570, 199),
(855, 199),
(1238, 199),
(105, 200),
(105, 203),
(207, 205),
(211, 212),
(211, 214),
(9, 217),
(12, 217),
(207, 225),
(229, 228),
(231, 228),
(232, 228),
(350, 237),
(240, 238),
(247, 245),
(249, 248),
(250, 248),
(252, 248),
(1789, 259),
(256, 260),
(256, 261),
(965, 261),
(265, 262),
(266, 262),
(268, 271),
(268, 272),
(847, 275),
(1917, 277),
(855, 279),
(924, 279),
(1238, 279),
(1164, 281),
(1165, 281),
(1675, 286),
(1827, 286),
(287, 288),
(287, 289),
(2361, 289),
(2364, 289),
(1, 290),
(745, 291),
(1647, 294),
(298, 295),
(299, 295),
(617, 301),
(1494, 303),
(302, 304),
(1573, 304),
(302, 306),
(1573, 306),
(313, 311),
(764, 315),
(486, 316),
(854, 317),
(1455, 319),
(954, 320),
(527, 321),
(1791, 322),
(1169, 323),
(1817, 324),
(591, 325),
(1625, 326),
(1515, 327),
(313, 328),
(1865, 329),
(350, 330),
(1362, 331),
(1800, 332),
(383, 333),
(2310, 334),
(1527, 335),
(360, 336),
(404, 337),
(1443, 338),
(795, 339),
(1738, 340),
(2383, 341),
(985, 342),
(354, 343),
(2197, 344),
(408, 345),
(914, 346),
(1494, 347),
(2128, 348),
(2134, 349),
(354, 355),
(1536, 365),
(368, 366),
(1487, 371),
(1488, 371),
(374, 372),
(376, 372),
(404, 380),
(1870, 382),
(2179, 382),
(383, 387),
(392, 388),
(393, 388),
(394, 388),
(399, 396),
(479, 403),
(411, 409),
(413, 412),
(418, 412),
(1138, 427),
(786, 429),
(985, 433),
(430, 434),
(512, 434),
(984, 434),
(437, 435),
(1566, 440),
(500, 442),
(503, 442),
(1202, 449),
(1649, 449),
(2557, 449),
(1177, 450),
(1452, 451),
(1453, 451),
(1675, 454),
(1827, 454),
(2728, 454),
(455, 458),
(847, 458),
(1512, 458),
(455, 459),
(1512, 459),
(1981, 460),
(848, 462),
(2468, 462),
(820, 464),
(2191, 464),
(2436, 464),
(2087, 466),
(2088, 466),
(1256, 468),
(1313, 468),
(1346, 468),
(905, 470),
(473, 471),
(124, 476),
(479, 477),
(739, 482),
(740, 482),
(1019, 495),
(499, 497),
(502, 497),
(667, 514),
(669, 514),
(671, 514),
(684, 516),
(1760, 516),
(1998, 516),
(1789, 519),
(507, 520),
(521, 520),
(527, 524),
(2179, 529),
(539, 537),
(619, 541),
(868, 544),
(870, 544),
(871, 544),
(547, 545),
(539, 552),
(798, 552),
(1604, 555),
(1605, 555),
(1630, 555),
(556, 557),
(556, 560),
(1910, 566),
(570, 571),
(1988, 577),
(14, 581),
(15, 581),
(59, 584),
(419, 584),
(420, 584),
(419, 585),
(420, 585),
(1588, 587),
(1616, 589),
(595, 592),
(2110, 597),
(2183, 597),
(2327, 597),
(1498, 600),
(602, 604),
(602, 605),
(491, 606),
(617, 615),
(619, 623),
(625, 626),
(625, 629),
(1760, 629),
(1998, 629),
(1248, 632),
(635, 633),
(637, 633),
(639, 633),
(4, 642),
(640, 642),
(1785, 642),
(640, 645),
(1785, 645),
(650, 647),
(651, 647),
(654, 652),
(655, 652),
(656, 652),
(659, 660),
(659, 664),
(699, 666),
(1625, 674),
(8, 675),
(408, 676),
(2048, 681),
(684, 682),
(618, 688),
(1498, 688),
(618, 689),
(1033, 691),
(1035, 691),
(1038, 691),
(853, 693),
(949, 693),
(696, 694),
(699, 697),
(700, 701),
(827, 701),
(1941, 701),
(700, 702),
(1941, 702),
(708, 710),
(1670, 710),
(708, 711),
(1630, 715),
(717, 719),
(1264, 719),
(717, 720),
(1264, 720),
(1864, 720),
(650, 723),
(1273, 725),
(1395, 725),
(2089, 725),
(77, 727),
(78, 727),
(655, 729),
(656, 729),
(730, 731),
(730, 735),
(185, 743),
(745, 746),
(1202, 753),
(2557, 753),
(754, 757),
(754, 759),
(995, 759),
(763, 761),
(764, 768),
(220, 777),
(221, 777),
(1871, 777),
(774, 778),
(914, 782),
(165, 784),
(793, 791),
(984, 797),
(806, 808),
(962, 808),
(806, 809),
(962, 809),
(854, 810),
(1033, 813),
(1038, 813),
(815, 817),
(1331, 817),
(815, 819),
(1566, 819),
(820, 821),
(1733, 821),
(2191, 821),
(2087, 822),
(2088, 822),
(1132, 826),
(827, 828),
(265, 830),
(2511, 833),
(834, 835),
(834, 839),
(1828, 843),
(2402, 843),
(848, 844),
(849, 844),
(299, 863),
(1983, 866),
(1999, 874),
(2000, 874),
(1093, 875),
(1094, 875),
(398, 876),
(400, 876),
(1431, 876),
(879, 881),
(879, 883),
(1115, 886),
(938, 891),
(1256, 893),
(1346, 893),
(310, 895),
(1313, 898),
(905, 902),
(906, 908),
(2169, 908),
(2170, 908),
(906, 909),
(888, 919),
(1871, 921),
(925, 927),
(931, 929),
(933, 936),
(991, 936),
(933, 937),
(991, 937),
(939, 942),
(939, 944),
(1121, 946),
(1452, 946),
(1453, 946),
(949, 947),
(1147, 951),
(954, 957),
(960, 958),
(969, 967),
(1934, 971),
(1936, 971),
(974, 972),
(978, 972),
(979, 972),
(247, 980),
(1, 986),
(995, 992),
(33, 998),
(1599, 998),
(76, 1000),
(80, 1000),
(678, 1003),
(679, 1003),
(536, 1009),
(446, 1011),
(707, 1015),
(974, 1025),
(979, 1025),
(1265, 1025),
(1028, 1026),
(1031, 1029),
(1042, 1039),
(1043, 1039),
(2281, 1044),
(536, 1045),
(1534, 1046),
(1535, 1046),
(1536, 1046),
(1017, 1047),
(1707, 1048),
(1035, 1049),
(1392, 1050),
(1795, 1051),
(1019, 1052),
(1434, 1053),
(1804, 1054),
(490, 1055),
(491, 1055),
(492, 1055),
(1251, 1056),
(1252, 1056),
(1548, 1056),
(1853, 1057),
(973, 1058),
(654, 1059),
(960, 1060),
(188, 1061),
(1066, 1068),
(1066, 1071),
(2098, 1073),
(2101, 1073),
(1081, 1078),
(1082, 1078),
(191, 1084),
(1725, 1089),
(1997, 1092),
(1999, 1092),
(2000, 1092),
(414, 1098),
(417, 1098),
(444, 1098),
(506, 1101),
(509, 1101),
(1148, 1106),
(1152, 1106),
(2108, 1106),
(190, 1108),
(924, 1112),
(1875, 1125),
(965, 1126),
(1130, 1129),
(1138, 1136),
(190, 1142),
(191, 1142),
(568, 1143),
(1147, 1145),
(850, 1156),
(851, 1156),
(850, 1159),
(851, 1159),
(1017, 1159),
(1103, 1160),
(1169, 1166),
(1034, 1171),
(1153, 1173),
(485, 1174),
(1668, 1179),
(1669, 1179),
(1477, 1186),
(1479, 1186),
(2255, 1188),
(1190, 1191),
(1392, 1191),
(1930, 1191),
(1190, 1192),
(1930, 1192),
(2110, 1193),
(2183, 1193),
(750, 1196),
(1289, 1209),
(1712, 1209),
(250, 1213),
(1014, 1214),
(1216, 1219),
(1216, 1220),
(242, 1223),
(229, 1225),
(232, 1225),
(446, 1225),
(793, 1226),
(1647, 1226),
(1501, 1235),
(1241, 1242),
(1487, 1242),
(1488, 1242),
(1241, 1244),
(413, 1245),
(418, 1245),
(1251, 1249),
(1252, 1254),
(1548, 1254),
(309, 1257),
(284, 1260),
(1990, 1260),
(2141, 1260),
(1120, 1262),
(1122, 1262),
(1265, 1266),
(853, 1269),
(1273, 1274),
(2089, 1274),
(239, 1279),
(994, 1282),
(996, 1282),
(1407, 1287),
(1295, 1293),
(392, 1300),
(394, 1300),
(521, 1301),
(1303, 1304),
(1303, 1305),
(696, 1310),
(1643, 1310),
(411, 1315),
(888, 1315),
(1545, 1317),
(1668, 1319),
(1669, 1319),
(1320, 1321),
(1320, 1322),
(373, 1329),
(1794, 1329),
(1331, 1334),
(1337, 1335),
(1115, 1339),
(978, 1343),
(489, 1348),
(473, 1350),
(771, 1351),
(773, 1351),
(771, 1352),
(773, 1352),
(398, 1355),
(400, 1355),
(373, 1356),
(1848, 1356),
(1362, 1360),
(1450, 1364),
(414, 1370),
(417, 1370),
(1248, 1370),
(1600, 1376),
(1643, 1380),
(1981, 1382),
(2007, 1382),
(526, 1390),
(772, 1397),
(931, 1398),
(1407, 1405),
(2255, 1409),
(1875, 1410),
(2436, 1411),
(938, 1412),
(1656, 1413),
(1848, 1414),
(1944, 1415),
(786, 1416),
(160, 1417),
(1907, 1418),
(1337, 1419),
(1811, 1419),
(2333, 1419),
(1295, 1420),
(526, 1425),
(76, 1427),
(80, 1427),
(750, 1427),
(870, 1429),
(871, 1429),
(1434, 1437),
(1733, 1446),
(1450, 1448),
(1983, 1459),
(1836, 1462),
(1464, 1466),
(2276, 1466),
(1464, 1467),
(2276, 1467),
(608, 1472),
(609, 1472),
(1477, 1473),
(1479, 1473),
(1480, 1473),
(637, 1475),
(639, 1475),
(1483, 1476),
(505, 1485),
(1501, 1503),
(505, 1507),
(506, 1507),
(509, 1507),
(1515, 1517),
(1028, 1520),
(1165, 1530),
(1545, 1543),
(788, 1550),
(399, 1553),
(2273, 1557),
(568, 1561),
(994, 1568),
(996, 1568),
(1795, 1568),
(607, 1570),
(1578, 1581),
(1578, 1583),
(1588, 1591),
(185, 1593),
(241, 1602),
(244, 1602),
(2511, 1602),
(1181, 1618),
(763, 1620),
(1478, 1620),
(1482, 1620),
(360, 1629),
(904, 1632),
(1387, 1634),
(1005, 1658),
(1006, 1658),
(240, 1664),
(1042, 1666),
(667, 1672),
(669, 1672),
(1616, 1678),
(1164, 1681),
(241, 1690),
(244, 1690),
(1103, 1696),
(2090, 1696),
(231, 1702),
(2121, 1705),
(2383, 1709),
(374, 1711),
(376, 1711),
(607, 1719),
(1725, 1726),
(508, 1730),
(788, 1737),
(789, 1737),
(210, 1739),
(284, 1744),
(1534, 1753),
(1535, 1753),
(1599, 1759),
(1600, 1759),
(1168, 1767),
(1168, 1768),
(651, 1773),
(1934, 1775),
(1936, 1775),
(1443, 1781),
(1811, 1813),
(2333, 1813),
(868, 1819),
(507, 1829),
(772, 1839),
(671, 1855),
(1480, 1862),
(1865, 1867),
(803, 1891),
(1897, 1895),
(2150, 1902),
(2512, 1904),
(1907, 1905),
(1920, 1918),
(1670, 1928),
(266, 1939),
(1864, 1952),
(309, 1965),
(444, 1968),
(1990, 1993),
(2141, 1993),
(1794, 2004),
(368, 2008),
(678, 2026),
(679, 2026),
(2034, 2032),
(485, 2043),
(2048, 2051),
(1804, 2055),
(1034, 2060),
(1121, 2061),
(594, 2063),
(2121, 2064),
(489, 2065),
(1395, 2066),
(1455, 2070),
(1199, 2076),
(500, 2082),
(503, 2082),
(1387, 2082),
(2090, 2091),
(1917, 2096),
(2098, 2096),
(2101, 2096),
(2169, 2117),
(2170, 2117),
(124, 2118),
(1177, 2123),
(1014, 2129),
(2134, 2137),
(611, 2142),
(249, 2145),
(252, 2145),
(2128, 2147),
(298, 2158),
(2361, 2159),
(2364, 2159),
(1005, 2160),
(1006, 2160),
(1897, 2160),
(1738, 2167),
(103, 2173),
(1396, 2178),
(422, 2202),
(2728, 2204),
(2034, 2205),
(2108, 2227),
(2512, 2228),
(393, 2229),
(1604, 2244),
(1605, 2244),
(1988, 2251),
(1997, 2270),
(1920, 2272),
(2273, 2272),
(2281, 2279),
(789, 2282),
(1181, 2300),
(1527, 2302),
(707, 2312),
(1791, 2323),
(2327, 2330),
(239, 2341),
(242, 2341),
(1132, 2345),
(1656, 2350),
(2007, 2360),
(795, 2374),
(2585, 2382),
(2150, 2398),
(2095, 2404),
(1093, 2408),
(1094, 2408),
(1431, 2416),
(878, 2420),
(1043, 2423),
(1817, 2425),
(1836, 2431),
(1853, 2449),
(2095, 2453),
(72, 2469),
(739, 2491),
(740, 2491),
(2585, 2587),
(591, 2612),
(2468, 2638),
(1707, 2655),
(969, 2662),
(1910, 2669),
(635, 2679),
(849, 2753),
(1649, 2831),
(2319, 2926);

-- --------------------------------------------------------

--
-- Table structure for table 'assignreviewer'
--

CREATE TABLE assignreviewer (
  administrator integer NOT NULL,
  reviewer integer NOT NULL,
  PRIMARY KEY (administrator,reviewer)
) ;

-- --------------------------------------------------------

--
-- Table structure for table 'associatedchair'
--

CREATE TABLE associatedchair (
  id integer NOT NULL,
  PRIMARY KEY (id)
) ;

-- --------------------------------------------------------

--
-- Table structure for table 'author'
--

CREATE TABLE author (
  id integer NOT NULL,
  PRIMARY KEY (id)
) ;

--
-- Dumping data for table 'author'
--

INSERT INTO author (id) VALUES
(0),
(13),
(19),
(21),
(23),
(28),
(30),
(35),
(36),
(38),
(46),
(47),
(48),
(51),
(53),
(54),
(64),
(66),
(67),
(71),
(82),
(83),
(86),
(91),
(93),
(99),
(104),
(107),
(111),
(112),
(116),
(118),
(123),
(126),
(129),
(130),
(131),
(135),
(139),
(143),
(144),
(146),
(147),
(154),
(155),
(161),
(174),
(176),
(179),
(180),
(182),
(184),
(189),
(195),
(196),
(197),
(199),
(201),
(209),
(213),
(215),
(217),
(226),
(227),
(228),
(238),
(257),
(259),
(270),
(272),
(273),
(275),
(279),
(288),
(290),
(291),
(301),
(303),
(305),
(308),
(316),
(317),
(319),
(323),
(327),
(329),
(330),
(331),
(335),
(336),
(337),
(339),
(340),
(341),
(343),
(345),
(346),
(348),
(349),
(352),
(353),
(357),
(358),
(359),
(372),
(382),
(384),
(385),
(396),
(401),
(403),
(405),
(407),
(412),
(432),
(433),
(443),
(445),
(457),
(458),
(459),
(460),
(466),
(470),
(488),
(497),
(504),
(516),
(520),
(524),
(535),
(544),
(549),
(551),
(558),
(560),
(561),
(566),
(567),
(572),
(581),
(587),
(592),
(605),
(606),
(615),
(620),
(622),
(623),
(627),
(628),
(629),
(641),
(644),
(661),
(663),
(673),
(674),
(676),
(686),
(691),
(693),
(701),
(706),
(710),
(712),
(713),
(720),
(721),
(725),
(733),
(734),
(735),
(738),
(747),
(749),
(753),
(755),
(756),
(766),
(767),
(770),
(775),
(777),
(782),
(785),
(787),
(794),
(800),
(801),
(802),
(808),
(809),
(810),
(816),
(819),
(821),
(822),
(828),
(833),
(836),
(838),
(843),
(844),
(856),
(858),
(859),
(877),
(882),
(884),
(887),
(895),
(896),
(902),
(907),
(911),
(915),
(917),
(921),
(923),
(927),
(928),
(935),
(936),
(941),
(943),
(956),
(961),
(964),
(971),
(972),
(983),
(992),
(998),
(1004),
(1013),
(1015),
(1018),
(1020),
(1021),
(1050),
(1051),
(1058),
(1064),
(1069),
(1070),
(1071),
(1076),
(1087),
(1092),
(1098),
(1102),
(1106),
(1114),
(1123),
(1129),
(1158),
(1166),
(1179),
(1180),
(1191),
(1192),
(1193),
(1194),
(1198),
(1204),
(1214),
(1217),
(1218),
(1220),
(1225),
(1227),
(1228),
(1245),
(1255),
(1257),
(1260),
(1262),
(1267),
(1275),
(1276),
(1279),
(1301),
(1302),
(1307),
(1310),
(1312),
(1319),
(1323),
(1325),
(1329),
(1332),
(1350),
(1352),
(1357),
(1359),
(1366),
(1369),
(1378),
(1394),
(1397),
(1402),
(1403),
(1436),
(1438),
(1439),
(1458),
(1459),
(1462),
(1465),
(1468),
(1473),
(1476),
(1493),
(1495),
(1496),
(1502),
(1505),
(1507),
(1518),
(1519),
(1522),
(1524),
(1526),
(1528),
(1529),
(1541),
(1542),
(1562),
(1565),
(1568),
(1580),
(1581),
(1582),
(1583),
(1590),
(1591),
(1594),
(1596),
(1602),
(1603),
(1611),
(1615),
(1620),
(1624),
(1637),
(1642),
(1648),
(1662),
(1664),
(1677),
(1678),
(1683),
(1688),
(1690),
(1709),
(1711),
(1720),
(1727),
(1730),
(1734),
(1745),
(1748),
(1750),
(1758),
(1759),
(1761),
(1765),
(1775),
(1781),
(1787),
(1790),
(1793),
(1797),
(1801),
(1803),
(1807),
(1815),
(1819),
(1821),
(1829),
(1835),
(1839),
(1843),
(1852),
(1854),
(1862),
(1868),
(1869),
(1873),
(1877),
(1879),
(1882),
(1888),
(1891),
(1900),
(1911),
(1914),
(1933),
(1946),
(1948),
(1959),
(1971),
(1980),
(1987),
(1991),
(1996),
(2003),
(2006),
(2009),
(2012),
(2016),
(2017),
(2026),
(2027),
(2043),
(2050),
(2054),
(2056),
(2064),
(2065),
(2070),
(2072),
(2094),
(2104),
(2107),
(2119),
(2125),
(2127),
(2135),
(2144),
(2147),
(2152),
(2161),
(2164),
(2173),
(2174),
(2178),
(2181),
(2188),
(2189),
(2198),
(2200),
(2202),
(2212),
(2219),
(2235),
(2241),
(2242),
(2247),
(2256),
(2264),
(2270),
(2272),
(2286),
(2315),
(2321),
(2323),
(2328),
(2339),
(2349),
(2350),
(2366),
(2377),
(2385),
(2399),
(2416),
(2418),
(2426),
(2428),
(2469),
(2473),
(2476),
(2483),
(2490),
(2491),
(2495),
(2500),
(2504),
(2513),
(2520),
(2525),
(2528),
(2531),
(2533),
(2552),
(2556),
(2562),
(2566),
(2571),
(2586),
(2589),
(2592),
(2595),
(2603),
(2607),
(2617),
(2619),
(2623),
(2624),
(2661),
(2689),
(2692),
(2699),
(2706),
(2721),
(2729),
(2731),
(2735),
(2737),
(2739),
(2750),
(2756),
(2763),
(2782),
(2783),
(2846),
(2871),
(2886),
(2910),
(2921),
(2927),
(2954),
(2960),
(2973),
(2998),
(3007),
(3012),
(3043);

-- --------------------------------------------------------

--
-- Table structure for table 'authornotreviewer'
--

CREATE TABLE authornotreviewer (
  id integer NOT NULL,
  PRIMARY KEY (id)
) ;

-- --------------------------------------------------------

--
-- Table structure for table 'bid'
--

CREATE TABLE bid (
  id integer NOT NULL,
  adjustedby integer DEFAULT NULL,
  hasbid_inv integer DEFAULT NULL,
  PRIMARY KEY (id)
) ;

-- --------------------------------------------------------

--
-- Table structure for table 'chairman'
--

CREATE TABLE chairman (
  id integer NOT NULL,
  PRIMARY KEY (id)
) ;

--
-- Dumping data for table 'chairman'
--

INSERT INTO chairman (id) VALUES
(177),
(316),
(450),
(497),
(1073),
(1186),
(2202),
(2229);

-- --------------------------------------------------------

--
-- Table structure for table 'co-author'
--

CREATE TABLE "co-author" (
  id integer NOT NULL,
  PRIMARY KEY (id)
) ;

--
-- Dumping data for table 'co-author'
--

INSERT INTO "co-author" (id) VALUES
(13),
(19),
(30),
(35),
(38),
(46),
(47),
(51),
(54),
(64),
(67),
(71),
(83),
(86),
(93),
(99),
(107),
(112),
(118),
(126),
(129),
(131),
(135),
(139),
(143),
(144),
(147),
(154),
(161),
(174),
(176),
(180),
(195),
(196),
(197),
(199),
(201),
(209),
(213),
(217),
(227),
(228),
(257),
(270),
(275),
(279),
(288),
(291),
(301),
(305),
(352),
(357),
(359),
(372),
(382),
(385),
(396),
(401),
(405),
(412),
(432),
(443),
(445),
(458),
(459),
(460),
(466),
(497),
(516),
(520),
(544),
(549),
(551),
(560),
(561),
(566),
(567),
(572),
(581),
(592),
(605),
(606),
(615),
(620),
(622),
(623),
(627),
(629),
(641),
(644),
(661),
(673),
(686),
(691),
(693),
(701),
(710),
(713),
(720),
(721),
(725),
(734),
(735),
(738),
(747),
(753),
(755),
(756),
(766),
(770),
(777),
(794),
(801),
(808),
(809),
(819),
(821),
(822),
(828),
(833),
(836),
(843),
(844),
(856),
(858),
(859),
(877),
(884),
(887),
(896),
(911),
(915),
(921),
(923),
(927),
(928),
(935),
(936),
(941),
(961),
(964),
(971),
(972),
(983),
(992),
(998),
(1004),
(1018),
(1021),
(1050),
(1051),
(1058),
(1064),
(1069),
(1076),
(1087),
(1092),
(1098),
(1102),
(1106),
(1158),
(1179),
(1180),
(1191),
(1192),
(1193),
(1194),
(1218),
(1220),
(1225),
(1227),
(1245),
(1257),
(1260),
(1262),
(1267),
(1275),
(1276),
(1279),
(1301),
(1307),
(1310),
(1312),
(1319),
(1323),
(1329),
(1350),
(1352),
(1366),
(1369),
(1378),
(1402),
(1403),
(1436),
(1438),
(1439),
(1459),
(1462),
(1465),
(1473),
(1493),
(1495),
(1505),
(1507),
(1519),
(1522),
(1524),
(1528),
(1529),
(1541),
(1565),
(1568),
(1580),
(1590),
(1602),
(1603),
(1611),
(1615),
(1620),
(1642),
(1648),
(1677),
(1688),
(1690),
(1711),
(1720),
(1734),
(1745),
(1748),
(1758),
(1759),
(1761),
(1765),
(1775),
(1797),
(1801),
(1803),
(1807),
(1819),
(1829),
(1835),
(1843),
(1852),
(1854),
(1862),
(1869),
(1873),
(1877),
(1879),
(1882),
(1888),
(1900),
(1911),
(1914),
(1933),
(1948),
(1959),
(1971),
(1987),
(1991),
(1996),
(2003),
(2006),
(2009),
(2012),
(2016),
(2026),
(2043),
(2050),
(2064),
(2065),
(2104),
(2107),
(2119),
(2127),
(2135),
(2144),
(2152),
(2161),
(2164),
(2174),
(2181),
(2188),
(2200),
(2202),
(2212),
(2219),
(2242),
(2247),
(2256),
(2264),
(2270),
(2272),
(2286),
(2321),
(2328),
(2349),
(2350),
(2366),
(2377),
(2399),
(2416),
(2418),
(2469),
(2473),
(2476),
(2483),
(2491),
(2495),
(2504),
(2513),
(2520),
(2525),
(2531),
(2552),
(2556),
(2562),
(2566),
(2571),
(2589),
(2592),
(2595),
(2603),
(2607),
(2617),
(2619),
(2661),
(2689),
(2692),
(2699),
(2706),
(2729),
(2735),
(2737),
(2739),
(2750),
(2763),
(2782),
(2846),
(2871),
(2921),
(2927),
(2960),
(2998),
(3007),
(3012),
(3043);

-- --------------------------------------------------------

--
-- Table structure for table 'co-writepaper'
--

CREATE TABLE "co-writepaper" (
  "co-author" integer NOT NULL,
  paper integer NOT NULL,
  PRIMARY KEY ("co-author",paper)
) ;

--
-- Dumping data for table 'co-writepaper'
--

INSERT INTO "co-writepaper" ("co-author", paper) VALUES
(622, 1),
(3012, 4),
(673, 8),
(921, 9),
(921, 12),
(13, 14),
(13, 15),
(19, 16),
(30, 25),
(2012, 33),
(38, 34),
(46, 43),
(54, 49),
(1745, 59),
(67, 62),
(228, 72),
(71, 76),
(1225, 77),
(1225, 78),
(71, 80),
(83, 81),
(93, 89),
(2174, 103),
(201, 105),
(112, 108),
(118, 114),
(2119, 124),
(131, 127),
(147, 142),
(154, 151),
(2735, 160),
(720, 164),
(161, 165),
(720, 167),
(174, 173),
(180, 175),
(2960, 185),
(1900, 188),
(566, 190),
(2706, 191),
(199, 194),
(227, 207),
(209, 210),
(213, 211),
(217, 220),
(217, 221),
(1959, 229),
(1402, 231),
(1959, 232),
(833, 239),
(2603, 240),
(1279, 241),
(2525, 242),
(1279, 244),
(1495, 247),
(2144, 249),
(2377, 250),
(2144, 252),
(257, 256),
(858, 265),
(1873, 266),
(270, 268),
(197, 284),
(291, 287),
(1879, 298),
(1914, 299),
(305, 302),
(2513, 309),
(896, 310),
(401, 313),
(352, 350),
(357, 354),
(359, 360),
(131, 362),
(1933, 368),
(372, 373),
(2272, 374),
(2272, 376),
(385, 383),
(1301, 392),
(520, 393),
(1301, 394),
(396, 398),
(2219, 399),
(396, 400),
(405, 404),
(1843, 408),
(458, 411),
(51, 413),
(412, 414),
(412, 417),
(51, 418),
(35, 419),
(35, 420),
(38, 421),
(1106, 422),
(432, 430),
(2202, 437),
(443, 444),
(445, 446),
(460, 455),
(288, 473),
(2212, 479),
(67, 483),
(64, 485),
(1021, 486),
(961, 489),
(86, 490),
(2065, 491),
(86, 492),
(753, 499),
(497, 500),
(753, 502),
(497, 503),
(1688, 505),
(2043, 506),
(1507, 507),
(1439, 508),
(2043, 509),
(432, 512),
(843, 521),
(2476, 526),
(2921, 527),
(180, 533),
(2592, 536),
(551, 539),
(1611, 547),
(561, 556),
(567, 568),
(572, 570),
(1438, 591),
(592, 594),
(382, 595),
(606, 602),
(99, 607),
(2531, 608),
(2531, 609),
(2064, 611),
(560, 617),
(615, 618),
(620, 619),
(627, 625),
(2737, 635),
(1473, 637),
(1473, 639),
(644, 640),
(2016, 650),
(544, 651),
(1459, 654),
(1064, 655),
(1064, 656),
(661, 659),
(1971, 667),
(1971, 669),
(1854, 671),
(605, 678),
(605, 679),
(1087, 684),
(1748, 696),
(928, 699),
(144, 700),
(2595, 707),
(713, 708),
(721, 717),
(734, 730),
(738, 739),
(738, 740),
(747, 745),
(859, 750),
(756, 754),
(1801, 763),
(766, 764),
(1350, 771),
(770, 772),
(1350, 773),
(777, 774),
(2026, 786),
(2927, 788),
(1948, 789),
(1227, 793),
(794, 795),
(801, 798),
(887, 803),
(693, 806),
(809, 815),
(822, 820),
(143, 827),
(836, 834),
(844, 847),
(1319, 848),
(2418, 849),
(1158, 850),
(1158, 851),
(2270, 853),
(1541, 854),
(856, 855),
(1759, 868),
(998, 870),
(998, 871),
(877, 878),
(884, 879),
(459, 888),
(2416, 904),
(1888, 905),
(911, 906),
(915, 914),
(923, 924),
(821, 925),
(1352, 931),
(935, 933),
(581, 938),
(941, 939),
(1522, 949),
(549, 954),
(1403, 960),
(693, 962),
(964, 965),
(2473, 969),
(972, 973),
(1775, 974),
(1076, 978),
(1775, 979),
(2483, 984),
(983, 985),
(935, 991),
(992, 994),
(1051, 995),
(992, 996),
(1004, 1005),
(1004, 1006),
(2161, 1014),
(2750, 1017),
(1018, 1019),
(2699, 1028),
(1524, 1031),
(1911, 1033),
(691, 1034),
(1462, 1035),
(1911, 1038),
(1602, 1042),
(1690, 1043),
(1069, 1066),
(1877, 1081),
(1877, 1082),
(2504, 1093),
(2504, 1094),
(1102, 1103),
(1797, 1115),
(126, 1120),
(135, 1121),
(126, 1122),
(2607, 1130),
(2689, 1132),
(2763, 1138),
(3007, 1147),
(1378, 1148),
(1378, 1152),
(2729, 1153),
(2520, 1164),
(1529, 1165),
(936, 1168),
(2619, 1169),
(47, 1177),
(1180, 1181),
(1193, 1190),
(2164, 1199),
(1058, 1202),
(1218, 1216),
(927, 1231),
(927, 1232),
(856, 1238),
(1191, 1241),
(1245, 1248),
(1366, 1251),
(735, 1252),
(1257, 1256),
(721, 1264),
(971, 1265),
(1275, 1273),
(279, 1289),
(2247, 1295),
(1307, 1303),
(1312, 1313),
(1323, 1320),
(808, 1331),
(2617, 1337),
(1257, 1346),
(686, 1362),
(139, 1387),
(176, 1392),
(2469, 1395),
(1276, 1396),
(2998, 1407),
(1220, 1431),
(1436, 1434),
(1528, 1443),
(2366, 1450),
(1262, 1452),
(1262, 1453),
(2692, 1455),
(1465, 1464),
(1620, 1477),
(1765, 1478),
(1620, 1479),
(107, 1480),
(1765, 1482),
(2152, 1483),
(1192, 1487),
(1192, 1488),
(1493, 1494),
(301, 1498),
(1505, 1501),
(460, 1512),
(1519, 1515),
(755, 1527),
(2350, 1534),
(2350, 1535),
(2104, 1536),
(2571, 1545),
(735, 1548),
(1565, 1566),
(305, 1573),
(1580, 1578),
(1590, 1588),
(1758, 1599),
(2661, 1600),
(1603, 1604),
(1603, 1605),
(1615, 1616),
(1369, 1625),
(1807, 1630),
(1642, 1643),
(1882, 1647),
(1648, 1649),
(2349, 1656),
(710, 1668),
(710, 1669),
(1819, 1670),
(1677, 1675),
(2242, 1707),
(279, 1712),
(129, 1725),
(1734, 1733),
(2782, 1738),
(1761, 1760),
(644, 1785),
(2009, 1789),
(195, 1791),
(2003, 1794),
(1329, 1795),
(2495, 1800),
(1803, 1804),
(1092, 1811),
(641, 1817),
(1677, 1827),
(1829, 1828),
(1835, 1836),
(1711, 1848),
(1852, 1853),
(1862, 1864),
(1267, 1865),
(1869, 1870),
(1098, 1871),
(3043, 1875),
(2181, 1897),
(2491, 1907),
(1310, 1910),
(2846, 1917),
(828, 1920),
(1193, 1930),
(1260, 1934),
(1260, 1936),
(144, 1941),
(2562, 1944),
(275, 1981),
(2264, 1983),
(1987, 1988),
(1991, 1990),
(629, 1997),
(1761, 1998),
(516, 1999),
(516, 2000),
(2006, 2007),
(2566, 2034),
(2050, 2048),
(725, 2087),
(725, 2088),
(1275, 2089),
(701, 2090),
(2556, 2095),
(196, 2098),
(196, 2101),
(2107, 2108),
(1050, 2110),
(2188, 2121),
(2127, 2128),
(2135, 2134),
(1991, 2141),
(2399, 2150),
(2256, 2169),
(2256, 2170),
(2286, 2179),
(1050, 2183),
(822, 2191),
(2200, 2197),
(2552, 2255),
(54, 2260),
(2871, 2273),
(1465, 2276),
(2321, 2281),
(1720, 2310),
(1996, 2319),
(2328, 2327),
(1092, 2333),
(623, 2361),
(623, 2364),
(30, 2370),
(1194, 2383),
(1829, 2402),
(466, 2436),
(1179, 2468),
(819, 2511),
(1568, 2512),
(1058, 2557),
(2589, 2585),
(2739, 2728);

-- --------------------------------------------------------

--
-- Table structure for table 'conference'
--

CREATE TABLE conference (
  id integer NOT NULL,
  siteurl integer DEFAULT NULL,
  acceptshardcopysubmissions integer DEFAULT NULL,
  logourl integer DEFAULT NULL,
  "date" date DEFAULT NULL,
  "name" varchar(6) DEFAULT NULL,
  reviewsperpaper integer DEFAULT NULL,
  PRIMARY KEY (id)
) ;

--
-- Dumping data for table 'conference'
--

INSERT INTO conference (id, siteurl, acceptshardcopysubmissions, logourl, "date", "name", reviewsperpaper) VALUES
(7, 1408, NULL, NULL, '0001-05-08', 'ZSWC', NULL),
(79, 1062, NULL, NULL, '0001-05-06', 'XSWC', NULL),
(163, 2887, NULL, NULL, '0001-05-04', 'ZSWC', NULL),
(208, 318, NULL, NULL, '0001-05-05', 'SIGXYZ', NULL),
(219, 2798, NULL, NULL, '0001-05-02', 'XSWC', NULL),
(230, 2062, NULL, NULL, '0001-05-03', 'YSWC', NULL),
(254, 2157, NULL, NULL, '0001-05-09', 'SIGXYZ', NULL),
(395, 2861, NULL, NULL, '0001-05-07', 'YSWC', NULL);

-- --------------------------------------------------------

--
-- Table structure for table 'conferencechair'
--

CREATE TABLE conferencechair (
  id integer NOT NULL,
  PRIMARY KEY (id)
) ;

-- --------------------------------------------------------

--
-- Table structure for table 'conferencemember'
--

CREATE TABLE conferencemember (
  id integer NOT NULL,
  PRIMARY KEY (id)
) ;

--
-- Dumping data for table 'conferencemember'
--

INSERT INTO conferencemember (id) VALUES
(0),
(2),
(5),
(13),
(17),
(19),
(20),
(21),
(23),
(27),
(28),
(29),
(30),
(31),
(35),
(36),
(38),
(39),
(42),
(45),
(46),
(47),
(48),
(50),
(51),
(53),
(54),
(57),
(63),
(64),
(66),
(67),
(69),
(71),
(82),
(83),
(84),
(86),
(88),
(90),
(91),
(92),
(93),
(96),
(99),
(101),
(104),
(107),
(110),
(111),
(112),
(113),
(115),
(116),
(118),
(119),
(121),
(123),
(126),
(128),
(129),
(130),
(131),
(135),
(137),
(139),
(141),
(143),
(144),
(146),
(147),
(149),
(153),
(154),
(155),
(157),
(158),
(161),
(169),
(171),
(174),
(176),
(177),
(179),
(180),
(182),
(184),
(186),
(189),
(193),
(195),
(196),
(197),
(199),
(200),
(201),
(203),
(205),
(209),
(212),
(213),
(214),
(215),
(217),
(225),
(226),
(227),
(228),
(237),
(238),
(245),
(248),
(257),
(259),
(260),
(261),
(262),
(270),
(271),
(272),
(273),
(275),
(277),
(279),
(281),
(286),
(288),
(289),
(290),
(291),
(294),
(295),
(301),
(303),
(304),
(305),
(306),
(308),
(311),
(315),
(316),
(317),
(319),
(320),
(321),
(322),
(323),
(324),
(325),
(326),
(327),
(328),
(329),
(330),
(331),
(332),
(333),
(334),
(335),
(336),
(337),
(338),
(339),
(340),
(341),
(342),
(343),
(344),
(345),
(346),
(347),
(348),
(349),
(352),
(353),
(355),
(357),
(358),
(359),
(365),
(366),
(371),
(372),
(380),
(382),
(384),
(385),
(387),
(388),
(396),
(401),
(403),
(405),
(407),
(409),
(412),
(427),
(429),
(432),
(433),
(434),
(435),
(440),
(442),
(443),
(445),
(449),
(450),
(451),
(454),
(457),
(458),
(459),
(460),
(462),
(464),
(466),
(468),
(470),
(471),
(476),
(477),
(482),
(488),
(495),
(497),
(504),
(514),
(516),
(519),
(520),
(524),
(529),
(535),
(537),
(541),
(544),
(545),
(549),
(551),
(552),
(555),
(557),
(558),
(560),
(561),
(566),
(567),
(571),
(572),
(577),
(581),
(584),
(585),
(587),
(589),
(592),
(597),
(600),
(604),
(605),
(606),
(615),
(620),
(622),
(623),
(626),
(627),
(628),
(629),
(632),
(633),
(641),
(642),
(644),
(645),
(647),
(652),
(660),
(661),
(663),
(664),
(666),
(673),
(674),
(675),
(676),
(681),
(682),
(686),
(688),
(689),
(691),
(693),
(694),
(697),
(701),
(702),
(706),
(710),
(711),
(712),
(713),
(715),
(719),
(720),
(721),
(723),
(725),
(727),
(729),
(731),
(733),
(734),
(735),
(738),
(743),
(746),
(747),
(749),
(753),
(755),
(756),
(757),
(759),
(761),
(766),
(767),
(768),
(770),
(775),
(777),
(778),
(782),
(784),
(785),
(787),
(791),
(794),
(797),
(800),
(801),
(802),
(808),
(809),
(810),
(813),
(816),
(817),
(819),
(821),
(822),
(826),
(828),
(830),
(833),
(835),
(836),
(838),
(839),
(843),
(844),
(856),
(858),
(859),
(863),
(866),
(874),
(875),
(876),
(877),
(881),
(882),
(883),
(884),
(886),
(887),
(891),
(893),
(895),
(896),
(898),
(902),
(907),
(908),
(909),
(911),
(915),
(917),
(919),
(921),
(923),
(927),
(928),
(929),
(935),
(936),
(937),
(941),
(942),
(943),
(944),
(946),
(947),
(951),
(956),
(957),
(958),
(961),
(964),
(967),
(971),
(972),
(980),
(983),
(986),
(992),
(998),
(1000),
(1003),
(1004),
(1009),
(1011),
(1013),
(1015),
(1018),
(1020),
(1021),
(1025),
(1026),
(1029),
(1039),
(1044),
(1045),
(1046),
(1047),
(1048),
(1049),
(1050),
(1051),
(1052),
(1053),
(1054),
(1055),
(1056),
(1057),
(1058),
(1059),
(1060),
(1061),
(1064),
(1068),
(1069),
(1070),
(1071),
(1073),
(1076),
(1078),
(1084),
(1087),
(1089),
(1092),
(1098),
(1101),
(1102),
(1106),
(1108),
(1112),
(1114),
(1123),
(1125),
(1126),
(1129),
(1136),
(1142),
(1143),
(1145),
(1156),
(1158),
(1159),
(1160),
(1166),
(1171),
(1173),
(1174),
(1179),
(1180),
(1186),
(1188),
(1191),
(1192),
(1193),
(1194),
(1196),
(1198),
(1204),
(1209),
(1213),
(1214),
(1217),
(1218),
(1219),
(1220),
(1223),
(1225),
(1226),
(1227),
(1228),
(1235),
(1242),
(1244),
(1245),
(1249),
(1254),
(1255),
(1257),
(1260),
(1262),
(1266),
(1267),
(1269),
(1274),
(1275),
(1276),
(1279),
(1282),
(1287),
(1293),
(1300),
(1301),
(1302),
(1304),
(1305),
(1307),
(1310),
(1312),
(1315),
(1317),
(1319),
(1321),
(1322),
(1323),
(1325),
(1329),
(1332),
(1334),
(1335),
(1339),
(1343),
(1348),
(1350),
(1351),
(1352),
(1355),
(1356),
(1357),
(1359),
(1360),
(1364),
(1366),
(1369),
(1370),
(1376),
(1378),
(1380),
(1382),
(1390),
(1394),
(1397),
(1398),
(1402),
(1403),
(1405),
(1409),
(1410),
(1411),
(1412),
(1413),
(1414),
(1415),
(1416),
(1417),
(1418),
(1419),
(1420),
(1425),
(1427),
(1429),
(1436),
(1437),
(1438),
(1439),
(1446),
(1448),
(1458),
(1459),
(1462),
(1465),
(1466),
(1467),
(1468),
(1472),
(1473),
(1475),
(1476),
(1485),
(1493),
(1495),
(1496),
(1502),
(1503),
(1505),
(1507),
(1517),
(1518),
(1519),
(1520),
(1522),
(1524),
(1526),
(1528),
(1529),
(1530),
(1541),
(1542),
(1543),
(1550),
(1553),
(1557),
(1561),
(1562),
(1565),
(1568),
(1570),
(1580),
(1581),
(1582),
(1583),
(1590),
(1591),
(1593),
(1594),
(1596),
(1602),
(1603),
(1611),
(1615),
(1618),
(1620),
(1624),
(1629),
(1632),
(1634),
(1637),
(1642),
(1648),
(1658),
(1662),
(1664),
(1666),
(1672),
(1677),
(1678),
(1681),
(1683),
(1688),
(1690),
(1696),
(1702),
(1705),
(1709),
(1711),
(1719),
(1720),
(1726),
(1727),
(1730),
(1734),
(1737),
(1739),
(1744),
(1745),
(1748),
(1750),
(1753),
(1758),
(1759),
(1761),
(1765),
(1767),
(1768),
(1773),
(1775),
(1781),
(1787),
(1790),
(1793),
(1797),
(1801),
(1803),
(1807),
(1813),
(1815),
(1819),
(1821),
(1829),
(1835),
(1839),
(1843),
(1852),
(1854),
(1855),
(1862),
(1867),
(1868),
(1869),
(1873),
(1877),
(1879),
(1882),
(1888),
(1891),
(1895),
(1900),
(1902),
(1904),
(1905),
(1911),
(1914),
(1918),
(1928),
(1933),
(1939),
(1946),
(1948),
(1952),
(1959),
(1965),
(1968),
(1971),
(1980),
(1987),
(1991),
(1993),
(1996),
(2003),
(2004),
(2006),
(2008),
(2009),
(2012),
(2016),
(2017),
(2026),
(2027),
(2032),
(2043),
(2050),
(2051),
(2054),
(2055),
(2056),
(2060),
(2061),
(2063),
(2064),
(2065),
(2066),
(2070),
(2072),
(2076),
(2082),
(2091),
(2094),
(2096),
(2104),
(2107),
(2117),
(2118),
(2119),
(2123),
(2125),
(2127),
(2129),
(2135),
(2137),
(2142),
(2144),
(2145),
(2147),
(2152),
(2158),
(2159),
(2160),
(2161),
(2164),
(2167),
(2173),
(2174),
(2178),
(2181),
(2188),
(2189),
(2198),
(2200),
(2202),
(2204),
(2205),
(2212),
(2219),
(2227),
(2228),
(2229),
(2235),
(2241),
(2242),
(2244),
(2247),
(2251),
(2256),
(2264),
(2270),
(2272),
(2279),
(2282),
(2286),
(2300),
(2302),
(2312),
(2315),
(2321),
(2323),
(2328),
(2330),
(2339),
(2341),
(2345),
(2349),
(2350),
(2360),
(2366),
(2374),
(2377),
(2382),
(2385),
(2398),
(2399),
(2404),
(2408),
(2416),
(2418),
(2420),
(2423),
(2425),
(2426),
(2428),
(2431),
(2449),
(2453),
(2469),
(2473),
(2476),
(2483),
(2490),
(2491),
(2495),
(2500),
(2504),
(2513),
(2520),
(2525),
(2528),
(2531),
(2533),
(2552),
(2556),
(2562),
(2566),
(2571),
(2586),
(2587),
(2589),
(2592),
(2595),
(2603),
(2607),
(2612),
(2617),
(2619),
(2623),
(2624),
(2638),
(2655),
(2661),
(2662),
(2669),
(2679),
(2689),
(2692),
(2699),
(2706),
(2721),
(2729),
(2731),
(2735),
(2737),
(2739),
(2750),
(2753),
(2756),
(2763),
(2782),
(2783),
(2831),
(2846),
(2871),
(2886),
(2910),
(2921),
(2926),
(2927),
(2954),
(2960),
(2973),
(2998),
(3007),
(3012),
(3043);

-- --------------------------------------------------------

--
-- Table structure for table 'decision'
--

CREATE TABLE decision (
  id integer NOT NULL,
  PRIMARY KEY (id)
) ;

-- --------------------------------------------------------

--
-- Table structure for table 'detailsenteredby'
--

CREATE TABLE detailsenteredby (
  conference integer NOT NULL,
  administrator integer NOT NULL,
  PRIMARY KEY (conference,administrator)
) ;

-- --------------------------------------------------------

--
-- Table structure for table 'document'
--

CREATE TABLE document (
  id integer NOT NULL,
  PRIMARY KEY (id)
) ;

--
-- Dumping data for table 'document'
--

INSERT INTO document (id) VALUES
(1),
(3),
(4),
(6),
(8),
(9),
(10),
(11),
(12),
(14),
(15),
(16),
(22),
(24),
(25),
(32),
(33),
(34),
(40),
(41),
(43),
(49),
(55),
(56),
(58),
(59),
(60),
(61),
(62),
(68),
(70),
(72),
(73),
(74),
(75),
(76),
(77),
(78),
(80),
(81),
(87),
(89),
(95),
(97),
(98),
(100),
(102),
(103),
(105),
(106),
(108),
(114),
(120),
(122),
(124),
(125),
(127),
(133),
(134),
(136),
(138),
(140),
(142),
(148),
(150),
(151),
(156),
(159),
(160),
(162),
(164),
(165),
(166),
(167),
(168),
(170),
(172),
(173),
(175),
(181),
(183),
(185),
(187),
(188),
(190),
(191),
(192),
(194),
(204),
(206),
(207),
(210),
(211),
(218),
(220),
(221),
(222),
(223),
(229),
(231),
(232),
(233),
(234),
(235),
(236),
(239),
(240),
(241),
(242),
(243),
(244),
(246),
(247),
(249),
(250),
(251),
(252),
(253),
(255),
(256),
(263),
(264),
(265),
(266),
(267),
(268),
(274),
(276),
(278),
(280),
(282),
(283),
(284),
(285),
(287),
(293),
(296),
(297),
(298),
(299),
(300),
(302),
(309),
(310),
(312),
(313),
(314),
(350),
(354),
(360),
(361),
(362),
(364),
(367),
(368),
(369),
(370),
(373),
(374),
(375),
(376),
(377),
(378),
(379),
(381),
(383),
(389),
(390),
(391),
(392),
(393),
(394),
(397),
(398),
(399),
(400),
(402),
(404),
(408),
(410),
(411),
(413),
(414),
(415),
(416),
(417),
(418),
(419),
(420),
(421),
(422),
(423),
(424),
(425),
(426),
(428),
(430),
(436),
(437),
(438),
(439),
(441),
(444),
(446),
(447),
(452),
(453),
(455),
(461),
(463),
(465),
(467),
(469),
(472),
(473),
(474),
(475),
(478),
(479),
(480),
(481),
(483),
(484),
(485),
(486),
(487),
(489),
(490),
(491),
(492),
(493),
(494),
(496),
(498),
(499),
(500),
(501),
(502),
(503),
(505),
(506),
(507),
(508),
(509),
(510),
(511),
(512),
(513),
(515),
(517),
(518),
(521),
(522),
(523),
(525),
(526),
(527),
(528),
(530),
(531),
(532),
(533),
(534),
(536),
(538),
(539),
(540),
(542),
(543),
(546),
(547),
(548),
(553),
(554),
(556),
(562),
(563),
(564),
(565),
(568),
(569),
(570),
(574),
(575),
(576),
(578),
(579),
(580),
(582),
(583),
(588),
(590),
(591),
(593),
(594),
(595),
(596),
(598),
(599),
(601),
(602),
(607),
(608),
(609),
(610),
(611),
(612),
(613),
(614),
(616),
(617),
(618),
(619),
(624),
(625),
(631),
(634),
(635),
(636),
(637),
(638),
(639),
(640),
(646),
(648),
(649),
(650),
(651),
(653),
(654),
(655),
(656),
(657),
(658),
(659),
(665),
(667),
(668),
(669),
(670),
(671),
(677),
(678),
(679),
(680),
(683),
(684),
(685),
(690),
(692),
(695),
(696),
(698),
(699),
(700),
(704),
(705),
(707),
(708),
(714),
(716),
(717),
(722),
(724),
(726),
(728),
(730),
(736),
(737),
(739),
(740),
(741),
(742),
(744),
(745),
(750),
(751),
(752),
(754),
(760),
(762),
(763),
(764),
(769),
(771),
(772),
(773),
(774),
(779),
(780),
(781),
(786),
(788),
(789),
(790),
(792),
(793),
(795),
(796),
(798),
(803),
(804),
(805),
(806),
(811),
(812),
(814),
(815),
(820),
(824),
(825),
(827),
(831),
(832),
(834),
(840),
(841),
(842),
(845),
(846),
(847),
(848),
(849),
(850),
(851),
(852),
(853),
(854),
(855),
(860),
(861),
(862),
(864),
(865),
(867),
(868),
(869),
(870),
(871),
(872),
(878),
(879),
(885),
(888),
(889),
(890),
(892),
(897),
(899),
(900),
(901),
(903),
(904),
(905),
(906),
(912),
(913),
(914),
(918),
(922),
(924),
(925),
(930),
(931),
(932),
(933),
(938),
(939),
(945),
(948),
(949),
(950),
(952),
(953),
(954),
(959),
(960),
(962),
(965),
(966),
(968),
(969),
(970),
(973),
(974),
(975),
(976),
(977),
(978),
(979),
(981),
(982),
(984),
(985),
(988),
(989),
(990),
(991),
(993),
(994),
(995),
(996),
(997),
(999),
(1001),
(1002),
(1005),
(1006),
(1007),
(1008),
(1010),
(1012),
(1014),
(1016),
(1017),
(1019),
(1023),
(1024),
(1027),
(1028),
(1030),
(1031),
(1032),
(1033),
(1034),
(1035),
(1036),
(1037),
(1038),
(1040),
(1041),
(1042),
(1043),
(1065),
(1066),
(1072),
(1074),
(1077),
(1079),
(1080),
(1081),
(1082),
(1083),
(1085),
(1086),
(1088),
(1090),
(1091),
(1093),
(1094),
(1095),
(1096),
(1097),
(1099),
(1100),
(1103),
(1104),
(1105),
(1107),
(1109),
(1110),
(1111),
(1113),
(1115),
(1116),
(1117),
(1118),
(1119),
(1120),
(1121),
(1122),
(1124),
(1127),
(1128),
(1130),
(1131),
(1132),
(1133),
(1134),
(1135),
(1137),
(1138),
(1139),
(1140),
(1141),
(1144),
(1146),
(1147),
(1148),
(1149),
(1150),
(1151),
(1152),
(1153),
(1154),
(1155),
(1161),
(1162),
(1163),
(1164),
(1165),
(1167),
(1168),
(1169),
(1170),
(1172),
(1175),
(1176),
(1177),
(1178),
(1181),
(1182),
(1183),
(1184),
(1185),
(1187),
(1189),
(1190),
(1197),
(1199),
(1200),
(1201),
(1202),
(1205),
(1206),
(1207),
(1208),
(1210),
(1211),
(1212),
(1215),
(1216),
(1222),
(1224),
(1230),
(1231),
(1232),
(1233),
(1234),
(1236),
(1237),
(1238),
(1239),
(1240),
(1241),
(1246),
(1247),
(1248),
(1250),
(1251),
(1252),
(1256),
(1259),
(1261),
(1263),
(1264),
(1265),
(1270),
(1271),
(1272),
(1273),
(1278),
(1281),
(1283),
(1284),
(1285),
(1286),
(1288),
(1289),
(1291),
(1292),
(1294),
(1295),
(1296),
(1297),
(1298),
(1303),
(1308),
(1309),
(1311),
(1313),
(1316),
(1318),
(1320),
(1326),
(1327),
(1328),
(1330),
(1331),
(1336),
(1337),
(1338),
(1340),
(1341),
(1342),
(1345),
(1346),
(1347),
(1353),
(1354),
(1361),
(1362),
(1363),
(1365),
(1372),
(1373),
(1374),
(1375),
(1379),
(1381),
(1383),
(1384),
(1385),
(1386),
(1387),
(1388),
(1389),
(1391),
(1392),
(1395),
(1396),
(1400),
(1401),
(1406),
(1407),
(1421),
(1422),
(1423),
(1424),
(1428),
(1430),
(1431),
(1432),
(1433),
(1434),
(1440),
(1441),
(1442),
(1443),
(1444),
(1445),
(1447),
(1449),
(1450),
(1451),
(1452),
(1453),
(1454),
(1455),
(1456),
(1460),
(1461),
(1463),
(1464),
(1470),
(1471),
(1477),
(1478),
(1479),
(1480),
(1481),
(1482),
(1483),
(1484),
(1486),
(1487),
(1488),
(1489),
(1490),
(1491),
(1494),
(1498),
(1500),
(1501),
(1506),
(1508),
(1509),
(1510),
(1511),
(1512),
(1513),
(1514),
(1515),
(1521),
(1523),
(1525),
(1527),
(1532),
(1533),
(1534),
(1535),
(1536),
(1537),
(1538),
(1539),
(1544),
(1545),
(1546),
(1547),
(1548),
(1549),
(1551),
(1552),
(1555),
(1556),
(1558),
(1559),
(1560),
(1564),
(1566),
(1569),
(1571),
(1572),
(1573),
(1574),
(1575),
(1576),
(1577),
(1578),
(1584),
(1585),
(1586),
(1587),
(1588),
(1592),
(1595),
(1597),
(1598),
(1599),
(1600),
(1601),
(1604),
(1605),
(1606),
(1607),
(1608),
(1609),
(1610),
(1612),
(1613),
(1614),
(1616),
(1617),
(1619),
(1621),
(1622),
(1623),
(1625),
(1626),
(1627),
(1628),
(1630),
(1631),
(1633),
(1635),
(1636),
(1638),
(1639),
(1640),
(1641),
(1643),
(1644),
(1645),
(1646),
(1647),
(1649),
(1650),
(1651),
(1653),
(1654),
(1655),
(1656),
(1657),
(1659),
(1660),
(1661),
(1663),
(1667),
(1668),
(1669),
(1670),
(1671),
(1673),
(1674),
(1675),
(1679),
(1680),
(1682),
(1685),
(1686),
(1689),
(1691),
(1692),
(1693),
(1695),
(1697),
(1698),
(1699),
(1700),
(1701),
(1703),
(1704),
(1706),
(1707),
(1710),
(1712),
(1714),
(1715),
(1716),
(1717),
(1721),
(1722),
(1723),
(1724),
(1725),
(1729),
(1731),
(1732),
(1733),
(1736),
(1738),
(1740),
(1742),
(1743),
(1747),
(1752),
(1754),
(1755),
(1756),
(1760),
(1763),
(1764),
(1770),
(1771),
(1772),
(1776),
(1777),
(1778),
(1779),
(1780),
(1782),
(1783),
(1784),
(1785),
(1788),
(1789),
(1791),
(1792),
(1794),
(1795),
(1798),
(1799),
(1800),
(1804),
(1805),
(1808),
(1809),
(1810),
(1811),
(1814),
(1817),
(1818),
(1822),
(1823),
(1824),
(1825),
(1826),
(1827),
(1828),
(1831),
(1833),
(1834),
(1836),
(1838),
(1840),
(1842),
(1845),
(1846),
(1847),
(1848),
(1849),
(1850),
(1851),
(1853),
(1857),
(1858),
(1859),
(1860),
(1861),
(1863),
(1864),
(1865),
(1870),
(1871),
(1874),
(1875),
(1880),
(1883),
(1884),
(1885),
(1886),
(1889),
(1890),
(1892),
(1893),
(1894),
(1896),
(1897),
(1899),
(1901),
(1903),
(1906),
(1907),
(1908),
(1910),
(1912),
(1913),
(1915),
(1916),
(1917),
(1919),
(1920),
(1921),
(1922),
(1923),
(1924),
(1925),
(1926),
(1927),
(1929),
(1930),
(1931),
(1932),
(1934),
(1935),
(1936),
(1937),
(1938),
(1940),
(1941),
(1942),
(1943),
(1944),
(1945),
(1947),
(1949),
(1950),
(1951),
(1953),
(1954),
(1955),
(1956),
(1957),
(1958),
(1960),
(1961),
(1962),
(1963),
(1964),
(1966),
(1969),
(1970),
(1973),
(1974),
(1975),
(1976),
(1977),
(1979),
(1981),
(1982),
(1983),
(1985),
(1986),
(1988),
(1989),
(1990),
(1994),
(1997),
(1998),
(1999),
(2000),
(2001),
(2002),
(2007),
(2011),
(2013),
(2014),
(2018),
(2019),
(2021),
(2022),
(2023),
(2029),
(2030),
(2031),
(2033),
(2034),
(2035),
(2036),
(2038),
(2040),
(2041),
(2044),
(2045),
(2046),
(2048),
(2049),
(2058),
(2059),
(2067),
(2068),
(2071),
(2074),
(2075),
(2077),
(2078),
(2079),
(2080),
(2083),
(2084),
(2085),
(2086),
(2087),
(2088),
(2089),
(2090),
(2093),
(2095),
(2097),
(2098),
(2099),
(2100),
(2101),
(2102),
(2105),
(2108),
(2109),
(2110),
(2112),
(2113),
(2115),
(2116),
(2121),
(2122),
(2124),
(2128),
(2130),
(2131),
(2133),
(2134),
(2138),
(2139),
(2140),
(2141),
(2148),
(2149),
(2150),
(2153),
(2154),
(2155),
(2156),
(2166),
(2168),
(2169),
(2170),
(2171),
(2172),
(2176),
(2179),
(2180),
(2182),
(2183),
(2184),
(2185),
(2186),
(2187),
(2190),
(2191),
(2192),
(2193),
(2195),
(2196),
(2197),
(2203),
(2206),
(2207),
(2209),
(2210),
(2211),
(2213),
(2214),
(2215),
(2217),
(2218),
(2220),
(2221),
(2222),
(2223),
(2224),
(2225),
(2230),
(2231),
(2232),
(2233),
(2234),
(2236),
(2237),
(2238),
(2239),
(2243),
(2246),
(2248),
(2249),
(2250),
(2252),
(2253),
(2254),
(2255),
(2257),
(2258),
(2259),
(2260),
(2262),
(2263),
(2266),
(2267),
(2268),
(2269),
(2273),
(2274),
(2275),
(2276),
(2278),
(2280),
(2281),
(2285),
(2289),
(2290),
(2291),
(2293),
(2294),
(2295),
(2297),
(2298),
(2301),
(2303),
(2304),
(2305),
(2306),
(2308),
(2309),
(2310),
(2311),
(2313),
(2314),
(2317),
(2318),
(2319),
(2320),
(2322),
(2325),
(2326),
(2327),
(2331),
(2332),
(2333),
(2336),
(2338),
(2343),
(2344),
(2347),
(2348),
(2352),
(2353),
(2355),
(2356),
(2357),
(2358),
(2361),
(2362),
(2363),
(2364),
(2368),
(2369),
(2370),
(2371),
(2372),
(2373),
(2375),
(2376),
(2379),
(2380),
(2381),
(2383),
(2387),
(2388),
(2392),
(2393),
(2394),
(2395),
(2396),
(2400),
(2402),
(2403),
(2406),
(2407),
(2410),
(2411),
(2413),
(2414),
(2415),
(2417),
(2421),
(2422),
(2424),
(2429),
(2432),
(2433),
(2434),
(2435),
(2436),
(2437),
(2439),
(2440),
(2441),
(2442),
(2443),
(2444),
(2445),
(2446),
(2447),
(2448),
(2450),
(2451),
(2452),
(2454),
(2455),
(2456),
(2457),
(2458),
(2459),
(2460),
(2461),
(2462),
(2463),
(2464),
(2465),
(2466),
(2467),
(2468),
(2470),
(2471),
(2474),
(2475),
(2477),
(2478),
(2479),
(2482),
(2484),
(2485),
(2486),
(2488),
(2493),
(2494),
(2496),
(2497),
(2499),
(2502),
(2503),
(2506),
(2508),
(2509),
(2510),
(2511),
(2512),
(2515),
(2516),
(2517),
(2521),
(2522),
(2523),
(2526),
(2527),
(2530),
(2535),
(2537),
(2538),
(2539),
(2540),
(2541),
(2544),
(2545),
(2547),
(2549),
(2550),
(2554),
(2557),
(2558),
(2559),
(2560),
(2561),
(2564),
(2567),
(2568),
(2569),
(2572),
(2573),
(2575),
(2576),
(2577),
(2578),
(2579),
(2580),
(2582),
(2583),
(2585),
(2593),
(2596),
(2597),
(2599),
(2600),
(2601),
(2604),
(2605),
(2608),
(2610),
(2611),
(2615),
(2616),
(2618),
(2621),
(2625),
(2626),
(2627),
(2629),
(2630),
(2631),
(2632),
(2633),
(2634),
(2635),
(2636),
(2637),
(2639),
(2640),
(2641),
(2642),
(2643),
(2644),
(2645),
(2646),
(2647),
(2648),
(2649),
(2650),
(2651),
(2652),
(2653),
(2654),
(2656),
(2657),
(2658),
(2659),
(2664),
(2665),
(2667),
(2668),
(2670),
(2672),
(2673),
(2674),
(2675),
(2676),
(2677),
(2678),
(2680),
(2681),
(2682),
(2685),
(2687),
(2688),
(2691),
(2694),
(2695),
(2697),
(2698),
(2702),
(2703),
(2704),
(2707),
(2709),
(2710),
(2711),
(2713),
(2714),
(2717),
(2718),
(2722),
(2723),
(2724),
(2726),
(2727),
(2728),
(2732),
(2733),
(2734),
(2738),
(2741),
(2743),
(2744),
(2745),
(2748),
(2749),
(2752),
(2754),
(2755),
(2757),
(2759),
(2760),
(2762),
(2765),
(2767),
(2768),
(2769),
(2771),
(2772),
(2775),
(2776),
(2778),
(2780),
(2784),
(2786),
(2787),
(2788),
(2790),
(2791),
(2792),
(2793),
(2795),
(2796),
(2799),
(2800),
(2801),
(2803),
(2804),
(2805),
(2806),
(2807),
(2808),
(2809),
(2810),
(2811),
(2812),
(2813),
(2814),
(2815),
(2816),
(2817),
(2818),
(2820),
(2821),
(2823),
(2824),
(2826),
(2827),
(2828),
(2830),
(2832),
(2833),
(2834),
(2837),
(2838),
(2840),
(2844),
(2847),
(2850),
(2851),
(2853),
(2854),
(2855),
(2858),
(2859),
(2862),
(2864),
(2867),
(2868),
(2869),
(2873),
(2874),
(2875),
(2878),
(2880),
(2881),
(2884),
(2888),
(2889),
(2891),
(2893),
(2894),
(2895),
(2896),
(2898),
(2900),
(2902),
(2903),
(2907),
(2909),
(2912),
(2914),
(2916),
(2917),
(2918),
(2919),
(2923),
(2924),
(2929),
(2930),
(2931),
(2932),
(2934),
(2935),
(2936),
(2938),
(2939),
(2940),
(2941),
(2942),
(2943),
(2944),
(2945),
(2946),
(2947),
(2948),
(2950),
(2951),
(2952),
(2956),
(2957),
(2958),
(2961),
(2962),
(2965),
(2966),
(2967),
(2969),
(2970),
(2971),
(2974),
(2976),
(2978),
(2979),
(2981),
(2983),
(2985),
(2987),
(2988),
(2990),
(2994),
(2997),
(3001),
(3002),
(3003),
(3004),
(3005),
(3009),
(3010),
(3013),
(3015),
(3016),
(3017),
(3018),
(3020),
(3024),
(3026),
(3029),
(3032),
(3034),
(3035),
(3038),
(3040),
(3042),
(3045),
(3046),
(3047),
(3048),
(3049),
(3050),
(3051),
(3052),
(3053),
(3054),
(3056),
(3057),
(3059),
(3061),
(3062),
(3065),
(3067),
(3068),
(3069),
(3072),
(3075),
(3077),
(3081);

-- --------------------------------------------------------

--
-- Table structure for table 'enablevirtualmeeting'
--

CREATE TABLE enablevirtualmeeting (
  administrator integer NOT NULL,
  conference integer NOT NULL,
  PRIMARY KEY (administrator,conference)
) ;

-- --------------------------------------------------------

--
-- Table structure for table 'endreview'
--

CREATE TABLE endreview (
  programcommitteechair integer NOT NULL,
  review integer NOT NULL,
  PRIMARY KEY (programcommitteechair,review)
) ;

-- --------------------------------------------------------

--
-- Table structure for table 'enterreviewcriteria'
--

CREATE TABLE enterreviewcriteria (
  administrator integer NOT NULL,
  conference integer NOT NULL,
  PRIMARY KEY (administrator,conference)
) ;

-- --------------------------------------------------------

--
-- Table structure for table 'externalreviewer'
--

CREATE TABLE externalreviewer (
  id integer NOT NULL,
  assignedbyreviewer integer DEFAULT NULL,
  PRIMARY KEY (id)
) ;

-- --------------------------------------------------------

--
-- Table structure for table 'finalizepaperassignment'
--

CREATE TABLE finalizepaperassignment (
  administrator integer NOT NULL,
  conference integer NOT NULL,
  PRIMARY KEY (administrator,conference)
) ;

-- --------------------------------------------------------

--
-- Table structure for table 'hardcopymailingmanifestsp'
--

CREATE TABLE hardcopymailingmanifestsp (
  conference integer NOT NULL,
  administrator integer NOT NULL,
  PRIMARY KEY (conference,administrator)
) ;

-- --------------------------------------------------------

--
-- Table structure for table 'hasconferencemember'
--

CREATE TABLE hasconferencemember (
  conference integer NOT NULL,
  conferencemember integer NOT NULL,
  PRIMARY KEY (conference,conferencemember)
) ;

--
-- Dumping data for table 'hasconferencemember'
--

INSERT INTO hasconferencemember (conference, conferencemember) VALUES
(7, 5),
(7, 20),
(7, 31),
(7, 84),
(7, 113),
(7, 449),
(7, 541),
(7, 584),
(7, 633),
(7, 647),
(7, 731),
(7, 759),
(7, 784),
(7, 1011),
(7, 1089),
(7, 1112),
(7, 1173),
(7, 1266),
(7, 1287),
(7, 1305),
(7, 1317),
(7, 1334),
(7, 1382),
(7, 1409),
(7, 1410),
(7, 1411),
(7, 1412),
(7, 1413),
(7, 1414),
(7, 1415),
(7, 1416),
(7, 1417),
(7, 1418),
(7, 1419),
(7, 1420),
(79, 35),
(79, 47),
(79, 71),
(79, 90),
(79, 119),
(79, 121),
(79, 153),
(79, 171),
(79, 196),
(79, 212),
(79, 260),
(79, 262),
(79, 289),
(79, 295),
(79, 315),
(79, 427),
(79, 544),
(79, 642),
(79, 701),
(79, 715),
(79, 797),
(79, 833),
(79, 881),
(79, 886),
(79, 908),
(79, 927),
(79, 951),
(79, 1044),
(79, 1045),
(79, 1046),
(79, 1047),
(79, 1048),
(79, 1049),
(79, 1050),
(79, 1051),
(79, 1052),
(79, 1053),
(79, 1054),
(79, 1055),
(79, 1056),
(79, 1057),
(79, 1058),
(79, 1059),
(79, 1060),
(79, 1061),
(163, 88),
(163, 99),
(163, 129),
(163, 135),
(163, 139),
(163, 161),
(163, 248),
(163, 306),
(163, 434),
(163, 458),
(163, 466),
(163, 520),
(163, 555),
(163, 581),
(163, 615),
(163, 652),
(163, 691),
(163, 777),
(163, 808),
(163, 936),
(163, 971),
(163, 1159),
(163, 1174),
(163, 1179),
(163, 1191),
(163, 1245),
(163, 1352),
(163, 1466),
(163, 1568),
(163, 1602),
(163, 1711),
(163, 2026),
(163, 2160),
(163, 2408),
(163, 2491),
(163, 2669),
(208, 42),
(208, 141),
(208, 155),
(208, 200),
(208, 205),
(208, 245),
(208, 271),
(208, 290),
(208, 316),
(208, 317),
(208, 319),
(208, 320),
(208, 321),
(208, 322),
(208, 323),
(208, 324),
(208, 325),
(208, 326),
(208, 327),
(208, 328),
(208, 329),
(208, 330),
(208, 331),
(208, 332),
(208, 333),
(208, 334),
(208, 335),
(208, 336),
(208, 337),
(208, 338),
(208, 339),
(208, 340),
(208, 341),
(208, 342),
(208, 343),
(208, 344),
(208, 345),
(208, 346),
(208, 347),
(208, 348),
(208, 349),
(219, 27),
(219, 51),
(219, 64),
(219, 126),
(219, 217),
(219, 388),
(219, 450),
(219, 560),
(219, 585),
(219, 660),
(219, 688),
(219, 720),
(219, 725),
(219, 743),
(219, 753),
(219, 843),
(219, 946),
(219, 1000),
(219, 1026),
(219, 1073),
(219, 1193),
(219, 1242),
(219, 1260),
(219, 1310),
(219, 1475),
(219, 1813),
(219, 2082),
(230, 107),
(230, 143),
(230, 176),
(230, 199),
(230, 228),
(230, 435),
(230, 471),
(230, 604),
(230, 629),
(230, 689),
(230, 819),
(230, 844),
(230, 1098),
(230, 1142),
(230, 1220),
(230, 1244),
(230, 1462),
(230, 1507),
(230, 1634),
(230, 1666),
(230, 1737),
(230, 1744),
(230, 1904),
(230, 1918),
(230, 1928),
(230, 2060),
(230, 2061),
(230, 2063),
(230, 2064),
(230, 2065),
(230, 2066),
(254, 39),
(254, 88),
(254, 96),
(254, 99),
(254, 135),
(254, 139),
(254, 248),
(254, 261),
(254, 281),
(254, 286),
(254, 434),
(254, 458),
(254, 552),
(254, 555),
(254, 645),
(254, 652),
(254, 691),
(254, 702),
(254, 727),
(254, 777),
(254, 791),
(254, 830),
(254, 874),
(254, 893),
(254, 1159),
(254, 1186),
(254, 1191),
(254, 1209),
(254, 1254),
(254, 1355),
(254, 1429),
(254, 1568),
(254, 1602),
(254, 1672),
(254, 1753),
(254, 2117),
(254, 2158),
(254, 2159),
(254, 2160),
(395, 27),
(395, 38),
(395, 51),
(395, 64),
(395, 144),
(395, 177),
(395, 279),
(395, 388),
(395, 462),
(395, 464),
(395, 516),
(395, 693),
(395, 710),
(395, 720),
(395, 725),
(395, 817),
(395, 946),
(395, 998),
(395, 1025),
(395, 1039),
(395, 1101),
(395, 1225),
(395, 1242),
(395, 1260),
(395, 1315),
(395, 1356),
(395, 1370),
(395, 1620),
(395, 2082),
(395, 2272);

-- --------------------------------------------------------

--
-- Table structure for table 'hasconflictofinterest'
--

CREATE TABLE hasconflictofinterest (
  person integer NOT NULL,
  document integer NOT NULL,
  PRIMARY KEY (person,document)
) ;

-- --------------------------------------------------------

--
-- Table structure for table 'hasprogramcommitteemember'
--

CREATE TABLE hasprogramcommitteemember (
  programcommittee integer NOT NULL,
  programcommitteemember integer NOT NULL,
  PRIMARY KEY (programcommittee,programcommitteemember)
) ;

--
-- Dumping data for table 'hasprogramcommitteemember'
--

INSERT INTO hasprogramcommitteemember (programcommittee, programcommitteemember) VALUES
(448, 51),
(448, 449),
(448, 450),
(448, 451),
(873, 497),
(873, 581),
(873, 874),
(873, 875),
(873, 876),
(2201, 115),
(2201, 121),
(2201, 876),
(2201, 886),
(2201, 958),
(2201, 2160),
(2201, 2202),
(2216, 169),
(2216, 316),
(2216, 324),
(2216, 330),
(2216, 380),
(2216, 470),
(2216, 1581),
(2226, 604),
(2226, 819),
(2226, 2227),
(2226, 2228),
(2226, 2229),
(2365, 177),
(2365, 682),
(2365, 1160),
(2365, 1409),
(2365, 2350),
(2928, 129),
(2928, 137),
(2928, 537),
(2928, 1092),
(2928, 1159),
(2928, 1186),
(2933, 597),
(2933, 725),
(2933, 1073),
(2933, 1356),
(2933, 2423);

-- --------------------------------------------------------

--
-- Table structure for table 'hassubjectarea'
--

CREATE TABLE hassubjectarea (
  paper integer NOT NULL,
  subjectarea integer NOT NULL,
  PRIMARY KEY (paper,subjectarea)
) ;

-- --------------------------------------------------------

--
-- Table structure for table 'markconflictofinterest'
--

CREATE TABLE markconflictofinterest (
  conferencemember integer NOT NULL,
  paper integer NOT NULL,
  PRIMARY KEY (conferencemember,paper)
) ;

-- --------------------------------------------------------

--
-- Table structure for table 'meta-review'
--

CREATE TABLE "meta-review" (
  id integer NOT NULL,
  PRIMARY KEY (id)
) ;

-- --------------------------------------------------------

--
-- Table structure for table 'meta-reviewer'
--

CREATE TABLE "meta-reviewer" (
  id integer NOT NULL,
  PRIMARY KEY (id)
) ;

-- --------------------------------------------------------

--
-- Table structure for table 'paper'
--

CREATE TABLE paper (
  id integer NOT NULL,
  paperid integer DEFAULT NULL,
  rejectedby integer DEFAULT NULL,
  "readbymeta-reviewer" integer DEFAULT NULL,
  hasauthor integer DEFAULT NULL,
  title varchar(113) DEFAULT NULL,
  hasdecision integer DEFAULT NULL,
  acceptedby integer DEFAULT NULL,
  PRIMARY KEY (id)
) ;

--
-- Dumping data for table 'paper'
--

INSERT INTO paper (id, paperid, rejectedby, "readbymeta-reviewer", hasauthor, title, hasdecision, acceptedby) VALUES
(1, 987, NULL, NULL, 0, 'labium peeped daydreams permuting immediately canzona interrelated cooked', NULL, NULL),
(4, 3014, NULL, NULL, 641, 'timbrel presell woodcraft reupholstered xerosis steamers', NULL, NULL),
(8, 672, NULL, NULL, 674, 'isolators reducing nethermost nonfiction', NULL, NULL),
(9, 2542, NULL, NULL, 674, 'satisfying undamped sharpers forbearer', NULL, NULL),
(12, 920, NULL, NULL, 674, 'neologic intermuscular fobbed transcribed swifters redigesting', NULL, NULL),
(14, 2492, NULL, NULL, 2339, 'regainers teardown margarins inconvenience triunities', NULL, NULL),
(15, 3036, NULL, NULL, 2339, 'occulters blubberer amenities desecrated', NULL, NULL),
(16, 18, NULL, NULL, 21, 'effulgences coreless tuberculoses environs', NULL, NULL),
(24, NULL, NULL, NULL, NULL, NULL, NULL, NULL),
(25, 26, NULL, NULL, 28, 'sharpers forbearer anesthetization undermentioned outflanking', NULL, NULL),
(33, 3076, NULL, NULL, 273, 'bounden occulters blubberer amenities desecrated tetrachlorides loutish', NULL, NULL),
(34, 37, NULL, NULL, 36, 'danker raunchiness perspicuously disjoined', NULL, NULL),
(40, NULL, NULL, NULL, NULL, NULL, NULL, NULL),
(43, 44, NULL, NULL, 48, 'firefanged skeins equalled sandwiching bewitchment cheaters', NULL, NULL),
(49, 52, NULL, NULL, 53, 'dissociated heartier petitionee brill', NULL, NULL),
(55, NULL, NULL, NULL, NULL, NULL, NULL, NULL),
(56, NULL, NULL, NULL, NULL, NULL, NULL, NULL),
(59, 1746, NULL, NULL, 587, 'latchets inflecting trephines hops exec junketeers isolators reducing', NULL, NULL),
(60, NULL, NULL, NULL, NULL, NULL, NULL, NULL),
(61, NULL, NULL, NULL, NULL, NULL, NULL, NULL),
(62, 65, NULL, NULL, 66, 'evasiveness toto teashop reaccepts gunneries exorcises pirog desexes', NULL, NULL),
(70, NULL, NULL, NULL, NULL, NULL, NULL, NULL),
(72, 2777, NULL, NULL, 337, 'slavishly hipless prs bluejays cuppier nonsurgical', NULL, NULL),
(76, 1816, NULL, NULL, 749, 'ostinato recalculation safest signiory latchets inflecting trephines hops exec', NULL, NULL),
(77, 1280, NULL, NULL, 337, 'interrelated cooked reformers goodwife technicolor plenishes nippy', NULL, NULL),
(78, 2430, NULL, NULL, 337, 'cancels debiting parrots paraguayans resonates overbites', NULL, NULL),
(80, 2848, NULL, NULL, 749, 'outflanking funnyman commuted lachrymation floweret arcadian acridities', NULL, NULL),
(81, 85, NULL, NULL, 82, 'teratoid coadjutors thuggeries nondestructive maladjustments', NULL, NULL),
(89, 94, NULL, NULL, 91, 'bigamistic furrows eloquence cobwebbier divorcing incidentally retorts insoles stockman', NULL, NULL),
(97, NULL, NULL, NULL, NULL, NULL, NULL, NULL),
(100, NULL, NULL, NULL, NULL, NULL, NULL, NULL),
(103, 2175, NULL, NULL, 1255, 'inadvisability disciplinarians majors manifestly decaffeinates scalepan', NULL, NULL),
(105, 202, NULL, NULL, 104, 'agric proliferating disintegrator oblongish leapfrogged overabundant legworks', NULL, NULL),
(108, 109, NULL, NULL, 111, 'nigglings midmonths labium peeped daydreams permuting immediately canzona', NULL, NULL),
(114, 117, NULL, NULL, 116, 'nonliving agric proliferating disintegrator oblongish leapfrogged', NULL, NULL),
(122, NULL, NULL, NULL, NULL, NULL, NULL, NULL),
(124, 2120, NULL, NULL, 123, 'hearings legation subendorsed hippocampus miscalculates', NULL, NULL),
(127, 132, NULL, NULL, 130, 'yeller cognizably reminds teratoid coadjutors thuggeries nondestructive maladjustments', NULL, NULL),
(133, NULL, NULL, NULL, NULL, NULL, NULL, NULL),
(142, 145, NULL, NULL, 146, 'technicolor plenishes nippy bounden occulters blubberer amenities desecrated', NULL, NULL),
(150, NULL, NULL, NULL, NULL, NULL, NULL, NULL),
(151, 152, NULL, NULL, 155, 'gaudiness irades inadvisability disciplinarians majors manifestly decaffeinates scalepan folklorists', NULL, NULL),
(160, 2883, NULL, NULL, 2624, 'majors manifestly decaffeinates scalepan folklorists attractive yeller cognizably', NULL, NULL),
(164, 2825, NULL, NULL, 346, 'preheats loggias reconciliating photocatalyst lenity tautological jambing', NULL, NULL),
(165, 783, NULL, NULL, 782, 'intermuscular fobbed transcribed swifters redigesting', NULL, NULL),
(167, 1371, NULL, NULL, 346, 'isolators reducing nethermost nonfiction retrogressions eliminates unknowns mongoloids', NULL, NULL),
(170, NULL, NULL, NULL, NULL, NULL, NULL, NULL),
(173, 2885, NULL, NULL, 2886, 'leviathans misadvised tiltyard numberable yawing prosecutrices', NULL, NULL),
(175, 178, NULL, NULL, 179, 'oralogy tibetans slavishly hipless prs', NULL, NULL),
(183, NULL, NULL, NULL, NULL, NULL, NULL, NULL),
(185, 2959, NULL, NULL, 184, 'succories dwelling scrapped prat islanded burlily thanklessly', NULL, NULL),
(188, 2908, NULL, NULL, 2235, 'unitarians reevaluate rekeys ochroid climatotherapy crocks carpetbag', NULL, NULL),
(190, 2666, NULL, NULL, 189, 'islanded burlily thanklessly swiveled polers oinked apnea maxillary dumpers', NULL, NULL),
(191, 2705, NULL, NULL, 189, 'pirog desexes summable heliocentricity excretions recelebrating', NULL, NULL),
(194, 198, NULL, NULL, 195, 'stollens ponderers conditione loathly cancels debiting', NULL, NULL),
(204, NULL, NULL, NULL, NULL, NULL, NULL, NULL),
(207, 224, NULL, NULL, 226, 'succulently marquise underlaid neurosurgeon', NULL, NULL),
(210, 3078, NULL, NULL, 1476, 'napoleons rifer splinting surmisers', NULL, NULL),
(211, 216, NULL, NULL, 215, 'jigsawed kickstands prated songstresses', NULL, NULL),
(220, 1075, NULL, NULL, 674, 'stollens ponderers conditione loathly cancels', NULL, NULL),
(221, 2849, NULL, NULL, 674, 'daydreams permuting immediately canzona interrelated cooked', NULL, NULL),
(223, NULL, NULL, NULL, NULL, NULL, NULL, NULL),
(229, 2037, NULL, NULL, 337, 'anesthetization undermentioned outflanking funnyman commuted lachrymation', NULL, NULL),
(231, 2324, NULL, NULL, 337, 'lenity tautological jambing sodality outcrop slipcases', NULL, NULL),
(232, 3019, NULL, NULL, 337, 'swifters redigesting ostinato recalculation safest signiory latchets inflecting', NULL, NULL),
(239, 2340, NULL, NULL, 238, 'danker raunchiness perspicuously disjoined nigglings midmonths', NULL, NULL),
(240, 2602, NULL, NULL, 816, 'prs bluejays cuppier nonsurgical skimpiest outpoured', NULL, NULL),
(241, 2337, NULL, NULL, 238, 'thoughtless elation swampland earings circumscribed paralyzingly', NULL, NULL),
(242, 2524, NULL, NULL, 238, 'technicolor plenishes nippy bounden occulters blubberer', NULL, NULL),
(244, 2401, NULL, NULL, 238, 'yabber reprovingly blungers dwarflike effulgences', NULL, NULL),
(247, 1497, NULL, NULL, 1496, 'forfends voucherable intercepting jeered immunopathology', NULL, NULL),
(249, 2146, NULL, NULL, 1071, 'subpartnership cordilleras recirculations alkalin succulently', NULL, NULL),
(250, 2378, NULL, NULL, 1070, 'margarins inconvenience triunities dipped votarists', NULL, NULL),
(252, 2696, NULL, NULL, 1071, 'dismounting endorser libations harrower claymores shiftlessly', NULL, NULL),
(256, 258, NULL, NULL, 259, 'gasogenes obnoxiously dismounting endorser libations harrower claymores', NULL, NULL),
(265, 2240, NULL, NULL, 2241, 'nonliving agric proliferating disintegrator oblongish leapfrogged overabundant', NULL, NULL),
(266, 2335, NULL, NULL, 2241, 'zinged fridge stained unintentional', NULL, NULL),
(267, NULL, NULL, NULL, NULL, NULL, NULL, NULL),
(268, 269, NULL, NULL, 273, 'outpoured dissociated heartier petitionee brill neologic intermuscular', NULL, NULL),
(282, NULL, NULL, NULL, NULL, NULL, NULL, NULL),
(284, 2865, NULL, NULL, 1594, 'miscalling firefanged skeins equalled sandwiching bewitchment cheaters', NULL, NULL),
(287, 292, NULL, NULL, 290, 'tetrachlorides loutish polygony malines', NULL, NULL),
(298, 3074, NULL, NULL, 336, 'nonspecialized vrouw squads tantalums', NULL, NULL),
(299, 2598, NULL, NULL, 336, 'embrocation casteless uroliths sashes marrieds fungic', NULL, NULL),
(302, 307, NULL, NULL, 303, 'coadjutors thuggeries nondestructive maladjustments', NULL, NULL),
(309, 2514, NULL, NULL, 308, 'neurosurgeon innervated hunts barrens emanative blowpipe varies thickest machinability', NULL, NULL),
(310, 894, NULL, NULL, 308, 'bedstraws thoughtless elation swampland earings circumscribed paralyzingly', NULL, NULL),
(313, 2904, NULL, NULL, 2500, 'overweight readmits loopholing tattles', NULL, NULL),
(350, 351, NULL, NULL, 353, 'overabundant legworks easeful cognize hoatzin toiled nonspecialized vrouw', NULL, NULL),
(354, 356, NULL, NULL, 358, 'claymores shiftlessly feedstuffs lyricizing hierarchs composedly taunting dragged', NULL, NULL),
(360, 1832, NULL, NULL, 1821, 'refocus vividness administrated remedying prophetically allayed zinged fridge', NULL, NULL),
(362, 363, NULL, NULL, 130, 'safest signiory latchets inflecting trephines hops exec', NULL, NULL),
(368, 2010, NULL, NULL, 2009, 'overweight readmits loopholing tattles irradiates', NULL, NULL),
(373, 1358, NULL, NULL, 1357, 'amenities desecrated tetrachlorides loutish polygony', NULL, NULL),
(374, 2288, NULL, NULL, 348, 'plights corollaries gaudiness irades inadvisability', NULL, NULL),
(376, 2922, NULL, NULL, 348, 'dissociated heartier petitionee brill', NULL, NULL),
(378, NULL, NULL, NULL, NULL, NULL, NULL, NULL),
(383, 386, NULL, NULL, 384, 'inserter plights corollaries gaudiness irades', NULL, NULL),
(392, 2758, NULL, NULL, 1302, 'kinkiest xix recollected householder overeducated objurgate treaties', NULL, NULL),
(393, 2671, NULL, NULL, 1730, 'playgoers cheques batting waspishly stilbestrol', NULL, NULL),
(394, 1299, NULL, NULL, 1302, 'pirog desexes summable heliocentricity excretions', NULL, NULL),
(398, 1694, NULL, NULL, 1217, 'decaffeinates scalepan folklorists attractive yeller cognizably reminds', NULL, NULL),
(399, 2316, NULL, NULL, 2315, 'pasturage thurifer teazle fringier rhythmical wastebaskets powderer immigrates inserter', NULL, NULL),
(400, 2614, NULL, NULL, 1217, 'swifters redigesting ostinato recalculation safest signiory', NULL, NULL),
(404, 406, NULL, NULL, 28, 'overeducated objurgate treaties preprocessor despising loftily yabber reprovingly', NULL, NULL),
(408, 1844, NULL, NULL, 407, 'blubberer amenities desecrated tetrachlorides loutish', NULL, NULL),
(411, 1314, NULL, NULL, 802, 'preprocessor despising loftily yabber reprovingly', NULL, NULL),
(413, 2802, NULL, NULL, 53, 'venturers valiantly unremorsefully extradites', NULL, NULL),
(414, 1368, NULL, NULL, 1369, 'splinting surmisers satisfying undamped sharpers forbearer anesthetization undermentioned outflanking', NULL, NULL),
(417, 2774, NULL, NULL, 1369, 'petitionee brill neologic intermuscular fobbed', NULL, NULL),
(418, 2039, NULL, NULL, 53, 'nigglings midmonths labium peeped daydreams', NULL, NULL),
(419, 2546, NULL, NULL, 587, 'skimpiest outpoured dissociated heartier petitionee brill neologic intermuscular fobbed', NULL, NULL),
(420, 586, NULL, NULL, 587, 'riffled kerneling napoleons rifer splinting surmisers satisfying', NULL, NULL),
(421, 2472, NULL, NULL, 36, 'outcrop slipcases phenylketonuria grunts venturers valiantly unremorsefully extradites stollens', NULL, NULL),
(422, 2551, NULL, NULL, 36, 'yabber reprovingly blungers dwarflike', NULL, NULL),
(430, 431, NULL, NULL, 433, 'wastebaskets powderer immigrates inserter plights', NULL, NULL),
(437, 3058, NULL, NULL, 1591, 'arcadian acridities unrealistic substituting surges preheats loggias reconciliating photocatalyst', NULL, NULL),
(444, 1967, NULL, NULL, 1369, 'substituting surges preheats loggias', NULL, NULL),
(446, 2284, NULL, NULL, 405, 'nonfiction retrogressions eliminates unknowns mongoloids', NULL, NULL),
(452, NULL, NULL, NULL, NULL, NULL, NULL, NULL),
(455, 456, NULL, NULL, 457, 'slavishly hipless prs bluejays cuppier nonsurgical skimpiest outpoured', NULL, NULL),
(473, 2307, NULL, NULL, 2189, 'transcribed swifters redigesting ostinato recalculation safest signiory latchets inflecting', NULL, NULL),
(474, NULL, NULL, NULL, NULL, NULL, NULL, NULL),
(479, 2766, NULL, NULL, 1458, 'polygony malines cliffhanger entailments reindexed bedstraws', NULL, NULL),
(480, NULL, NULL, NULL, NULL, NULL, NULL, NULL),
(483, 2391, NULL, NULL, 66, 'resonates overbites terminals giros', NULL, NULL),
(485, 2042, NULL, NULL, 66, 'bewitchment cheaters riffled kerneling napoleons rifer splinting', NULL, NULL),
(486, 1022, NULL, NULL, 1020, 'undermentioned outflanking funnyman commuted lachrymation', NULL, NULL),
(487, NULL, NULL, NULL, NULL, NULL, NULL, NULL),
(489, 2686, NULL, NULL, 488, 'trephines hops exec junketeers isolators reducing', NULL, NULL),
(490, 3080, NULL, NULL, 488, 'blowpipe varies thickest machinability orbiters tormentor owner', NULL, NULL),
(491, 2897, NULL, NULL, 488, 'circumscribed paralyzingly pouchy surrejoinders chestiest measurage', NULL, NULL),
(492, 1909, NULL, NULL, 488, 'nigglings midmonths labium peeped daydreams permuting', NULL, NULL),
(496, NULL, NULL, NULL, NULL, NULL, NULL, NULL),
(499, 2106, NULL, NULL, 1204, 'safest signiory latchets inflecting trephines hops', NULL, NULL),
(500, 2995, NULL, NULL, 2152, 'mohairs admiralties bewigged playgoers cheques', NULL, NULL),
(502, 3066, NULL, NULL, 1204, 'commuted lachrymation floweret arcadian acridities', NULL, NULL),
(503, 2151, NULL, NULL, 2152, 'blungers dwarflike effulgences coreless tuberculoses environs hulled', NULL, NULL),
(505, 1687, NULL, NULL, 504, 'mohairs admiralties bewigged playgoers', NULL, NULL),
(506, 3023, NULL, NULL, 504, 'terminals giros podgy vagus kinkiest', NULL, NULL),
(507, 2584, NULL, NULL, 504, 'phenylketonuria grunts venturers valiantly unremorsefully', NULL, NULL),
(508, 2412, NULL, NULL, 504, 'floweret arcadian acridities unrealistic substituting surges', NULL, NULL),
(509, 2047, NULL, NULL, 504, 'teashop reaccepts gunneries exorcises pirog desexes summable heliocentricity excretions', NULL, NULL),
(510, NULL, NULL, NULL, NULL, NULL, NULL, NULL),
(512, 3060, NULL, NULL, 433, 'administrated remedying prophetically allayed zinged fridge', NULL, NULL),
(521, 2852, NULL, NULL, 21, 'napoleons rifer splinting surmisers satisfying undamped sharpers forbearer', NULL, NULL),
(526, 2481, NULL, NULL, 524, 'demarcators tasselling crocked wharfinger reconverting washboards overdrank recalculations', NULL, NULL),
(527, 2920, NULL, NULL, 1123, 'mendelism kookiest leavening embrocation casteless', NULL, NULL),
(530, NULL, NULL, NULL, NULL, NULL, NULL, NULL),
(533, 2296, NULL, NULL, 179, 'villainousness miscalling firefanged skeins equalled sandwiching bewitchment cheaters riffled', NULL, NULL),
(536, 2591, NULL, NULL, 535, 'dissociative apostacy malting footgear abominators trilobate jigsawed kickstands prated', NULL, NULL),
(539, 550, NULL, NULL, 549, 'addends surveiled wagers joysticks nonliving agric', NULL, NULL),
(542, NULL, NULL, NULL, NULL, NULL, NULL, NULL),
(547, 2518, NULL, NULL, 146, 'yabber reprovingly blungers dwarflike effulgences coreless', NULL, NULL),
(556, 559, NULL, NULL, 558, 'thanklessly swiveled polers oinked', NULL, NULL),
(562, NULL, NULL, NULL, NULL, NULL, NULL, NULL),
(568, 1563, NULL, NULL, 1562, 'uroliths sashes marrieds fungic gasogenes obnoxiously', NULL, NULL),
(569, NULL, NULL, NULL, NULL, NULL, NULL, NULL),
(570, 573, NULL, NULL, 195, 'waspishly stilbestrol villainousness miscalling firefanged skeins', NULL, NULL),
(575, NULL, NULL, NULL, NULL, NULL, NULL, NULL),
(578, NULL, NULL, NULL, NULL, NULL, NULL, NULL),
(579, NULL, NULL, NULL, NULL, NULL, NULL, NULL),
(582, NULL, NULL, NULL, NULL, NULL, NULL, NULL),
(591, 2613, NULL, NULL, 1596, 'obnoxiously dismounting endorser libations harrower claymores shiftlessly', NULL, NULL),
(594, 2963, NULL, NULL, 316, 'embossers cerebrum gloves mohairs admiralties bewigged playgoers cheques batting', NULL, NULL),
(595, 1492, NULL, NULL, 48, 'lenity tautological jambing sodality', NULL, NULL),
(598, NULL, NULL, NULL, NULL, NULL, NULL, NULL),
(601, NULL, NULL, NULL, NULL, NULL, NULL, NULL),
(602, 603, NULL, NULL, 345, 'junketeers isolators reducing nethermost nonfiction retrogressions eliminates', NULL, NULL),
(607, 1718, NULL, NULL, 1720, 'signiory latchets inflecting trephines hops', NULL, NULL),
(608, 2532, NULL, NULL, 2533, 'innervated hunts barrens emanative blowpipe varies', NULL, NULL),
(609, 2590, NULL, NULL, 2533, 'danker raunchiness perspicuously disjoined nigglings', NULL, NULL),
(611, 2143, NULL, NULL, 1839, 'reindexed bedstraws thoughtless elation swampland', NULL, NULL),
(617, 1652, NULL, NULL, 558, 'waspishly stilbestrol villainousness miscalling firefanged', NULL, NULL),
(618, 687, NULL, NULL, 686, 'heliocentricity excretions recelebrating dually plateauing reoccupations embossers', NULL, NULL),
(619, 621, NULL, NULL, 622, 'irades inadvisability disciplinarians majors manifestly decaffeinates scalepan', NULL, NULL),
(624, NULL, NULL, NULL, NULL, NULL, NULL, NULL),
(625, 630, NULL, NULL, 628, 'stollens ponderers conditione loathly', NULL, NULL),
(635, 2736, NULL, NULL, 917, 'petitionee brill neologic intermuscular', NULL, NULL),
(637, 2715, NULL, NULL, 917, 'cheques batting waspishly stilbestrol villainousness miscalling firefanged', NULL, NULL),
(639, 1474, NULL, NULL, 917, 'tuberculoses environs hulled preexamination oralogy tibetans slavishly hipless prs', NULL, NULL),
(640, 643, NULL, NULL, 641, 'claymores shiftlessly feedstuffs lyricizing hierarchs composedly taunting', NULL, NULL),
(646, NULL, NULL, NULL, NULL, NULL, NULL, NULL),
(650, 2015, NULL, NULL, 272, 'amenities desecrated tetrachlorides loutish polygony malines cliffhanger entailments', NULL, NULL),
(651, 2712, NULL, NULL, 272, 'labium peeped daydreams permuting immediately canzona interrelated cooked reformers', NULL, NULL),
(654, 1457, NULL, NULL, 1458, 'tonsils pasturage thurifer teazle fringier rhythmical wastebaskets', NULL, NULL),
(655, 2842, NULL, NULL, 403, 'corkscrewed promiscuousness clewed reassemble hesitation fainting croupy bacchanalia regainers', NULL, NULL),
(656, 1063, NULL, NULL, 403, 'interrelated cooked reformers goodwife technicolor plenishes nippy bounden', NULL, NULL),
(659, 662, NULL, NULL, 663, 'decentralizing hogfishes gantleted richer succories', NULL, NULL),
(667, 2194, NULL, NULL, 327, 'plights corollaries gaudiness irades inadvisability disciplinarians', NULL, NULL),
(669, 1972, NULL, NULL, 327, 'zinged fridge stained unintentional antiquarians dilutes quantitatively', NULL, NULL),
(671, 1856, NULL, NULL, 327, 'blowpipe varies thickest machinability orbiters tormentor owner zanier', NULL, NULL),
(678, 2025, NULL, NULL, 676, 'orbiters tormentor owner zanier corkscrewed promiscuousness clewed reassemble', NULL, NULL),
(679, 2797, NULL, NULL, 676, 'daydreams permuting immediately canzona interrelated cooked reformers', NULL, NULL),
(684, 2069, NULL, NULL, 2070, 'peeped daydreams permuting immediately canzona interrelated cooked reformers goodwife', NULL, NULL),
(685, NULL, NULL, NULL, NULL, NULL, NULL, NULL),
(696, 1749, NULL, NULL, 1750, 'reaccepts gunneries exorcises pirog desexes', NULL, NULL),
(699, 1841, NULL, NULL, 1214, 'crocked wharfinger reconverting washboards overdrank', NULL, NULL),
(700, 703, NULL, NULL, 146, 'wastebaskets powderer immigrates inserter', NULL, NULL),
(704, NULL, NULL, NULL, NULL, NULL, NULL, NULL),
(705, NULL, NULL, NULL, NULL, NULL, NULL, NULL),
(707, 2594, NULL, NULL, 706, 'maladjustments subpartnership cordilleras recirculations alkalin succulently marquise underlaid neurosurgeon', NULL, NULL),
(708, 709, NULL, NULL, 712, 'daydreams permuting immediately canzona', NULL, NULL),
(716, NULL, NULL, NULL, NULL, NULL, NULL, NULL),
(717, 718, NULL, NULL, 346, 'waspishly stilbestrol villainousness miscalling firefanged skeins equalled sandwiching', NULL, NULL),
(730, 732, NULL, NULL, 733, 'inconvenience triunities dipped votarists kilogram', NULL, NULL),
(736, NULL, NULL, NULL, NULL, NULL, NULL, NULL),
(739, 2489, NULL, NULL, 2490, 'cartons acquirable refocus vividness administrated', NULL, NULL),
(740, 2628, NULL, NULL, 2490, 'thurifer teazle fringier rhythmical', NULL, NULL),
(742, NULL, NULL, NULL, NULL, NULL, NULL, NULL),
(745, 748, NULL, NULL, 290, 'neologic intermuscular fobbed transcribed swifters redigesting ostinato recalculation', NULL, NULL),
(750, 1426, NULL, NULL, 749, 'unknowns mongoloids danker raunchiness perspicuously disjoined', NULL, NULL),
(751, NULL, NULL, NULL, NULL, NULL, NULL, NULL),
(754, 758, NULL, NULL, 755, 'chestiest measurage tonsils pasturage thurifer teazle fringier rhythmical', NULL, NULL),
(760, NULL, NULL, NULL, NULL, NULL, NULL, NULL),
(763, 1802, NULL, NULL, 182, 'outpoured dissociated heartier petitionee brill neologic intermuscular fobbed transcribed', NULL, NULL),
(764, 765, NULL, NULL, 767, 'disinclines antonyms anesthetize chanticleer administrants preengaging', NULL, NULL),
(771, 1349, NULL, NULL, 770, 'succulently marquise underlaid neurosurgeon innervated', NULL, NULL),
(772, 2409, NULL, NULL, 2189, 'canzona interrelated cooked reformers goodwife technicolor plenishes nippy bounden', NULL, NULL),
(773, 1499, NULL, NULL, 770, 'retrogressions eliminates unknowns mongoloids', NULL, NULL),
(774, 776, NULL, NULL, 775, 'loggias reconciliating photocatalyst lenity tautological', NULL, NULL),
(780, NULL, NULL, NULL, NULL, NULL, NULL, NULL),
(781, NULL, NULL, NULL, NULL, NULL, NULL, NULL),
(786, 2857, NULL, NULL, 785, 'cordilleras recirculations alkalin succulently marquise underlaid neurosurgeon', NULL, NULL),
(788, 2989, NULL, NULL, 787, 'evasiveness toto teashop reaccepts', NULL, NULL),
(789, 2283, NULL, NULL, 787, 'gantleted richer succories dwelling scrapped prat', NULL, NULL),
(790, NULL, NULL, NULL, NULL, NULL, NULL, NULL),
(793, 1229, NULL, NULL, 1228, 'rebroadcasting grousing overdrinking frow demarcators tasselling crocked', NULL, NULL),
(795, 3037, NULL, NULL, 1468, 'hesitation fainting croupy bacchanalia regainers teardown margarins inconvenience', NULL, NULL),
(798, 799, NULL, NULL, 800, 'refocus vividness administrated remedying prophetically allayed zinged fridge stained', NULL, NULL),
(803, 2892, NULL, NULL, 802, 'redigesting ostinato recalculation safest signiory latchets inflecting trephines hops', NULL, NULL),
(805, NULL, NULL, NULL, NULL, NULL, NULL, NULL),
(806, 807, NULL, NULL, 810, 'cliffhanger entailments reindexed bedstraws thoughtless', NULL, NULL),
(811, NULL, NULL, NULL, NULL, NULL, NULL, NULL),
(815, 818, NULL, NULL, 816, 'unknowns mongoloids danker raunchiness perspicuously', NULL, NULL),
(820, 823, NULL, NULL, 23, 'latchets inflecting trephines hops exec', NULL, NULL),
(824, NULL, NULL, NULL, NULL, NULL, NULL, NULL),
(827, 829, NULL, NULL, 146, 'danker raunchiness perspicuously disjoined nigglings midmonths', NULL, NULL),
(834, 837, NULL, NULL, 838, 'orbiters tormentor owner zanier corkscrewed promiscuousness', NULL, NULL),
(840, NULL, NULL, NULL, NULL, NULL, NULL, NULL),
(847, 2751, NULL, NULL, 349, 'nethermost nonfiction retrogressions eliminates unknowns', NULL, NULL),
(848, 2292, NULL, NULL, 349, 'immediately canzona interrelated cooked reformers', NULL, NULL),
(849, 2860, NULL, NULL, 349, 'overeducated objurgate treaties preprocessor', NULL, NULL),
(850, 1157, NULL, NULL, 226, 'vitric mendelism kookiest leavening embrocation casteless uroliths sashes marrieds', NULL, NULL),
(851, 1554, NULL, NULL, 226, 'decaffeinates scalepan folklorists attractive yeller cognizably reminds teratoid', NULL, NULL),
(853, 2271, NULL, NULL, 317, 'loathly cancels debiting parrots paraguayans', NULL, NULL),
(854, 1540, NULL, NULL, 1542, 'preexamination oralogy tibetans slavishly hipless', NULL, NULL),
(855, 857, NULL, NULL, 195, 'recollected householder overeducated objurgate treaties preprocessor despising loftily', NULL, NULL),
(860, NULL, NULL, NULL, NULL, NULL, NULL, NULL),
(864, NULL, NULL, NULL, NULL, NULL, NULL, NULL),
(867, NULL, NULL, NULL, NULL, NULL, NULL, NULL),
(868, 1820, NULL, NULL, 270, 'trephines hops exec junketeers', NULL, NULL),
(870, 3027, NULL, NULL, 270, 'effulgences coreless tuberculoses environs hulled preexamination', NULL, NULL),
(871, 2991, NULL, NULL, 270, 'circumscribed paralyzingly pouchy surrejoinders chestiest measurage tonsils', NULL, NULL),
(878, 2841, NULL, NULL, 179, 'sharpers forbearer anesthetization undermentioned outflanking funnyman', NULL, NULL),
(879, 880, NULL, NULL, 882, 'northers mutualist harebrained earthworms lunk forefended overtaking', NULL, NULL),
(888, 2570, NULL, NULL, 887, 'reformers goodwife technicolor plenishes nippy bounden occulters', NULL, NULL),
(889, NULL, NULL, NULL, NULL, NULL, NULL, NULL),
(901, NULL, NULL, NULL, NULL, NULL, NULL, NULL),
(904, 2480, NULL, NULL, 902, 'bluejays cuppier nonsurgical skimpiest outpoured', NULL, NULL),
(905, 1887, NULL, NULL, 1217, 'retrogressions eliminates unknowns mongoloids danker raunchiness', NULL, NULL),
(906, 910, NULL, NULL, 907, 'hesitation fainting croupy bacchanalia', NULL, NULL),
(913, NULL, NULL, NULL, NULL, NULL, NULL, NULL),
(914, 916, NULL, NULL, 917, 'unremorsefully extradites stollens ponderers', NULL, NULL),
(922, NULL, NULL, NULL, NULL, NULL, NULL, NULL),
(924, 2028, NULL, NULL, 1790, 'environs hulled preexamination oralogy tibetans', NULL, NULL),
(925, 926, NULL, NULL, 23, 'skimpiest outpoured dissociated heartier petitionee brill neologic', NULL, NULL),
(931, 1399, NULL, NULL, 1397, 'scalepan folklorists attractive yeller cognizably reminds teratoid coadjutors thuggeries', NULL, NULL),
(933, 934, NULL, NULL, 323, 'thoughtless elation swampland earings circumscribed paralyzingly pouchy', NULL, NULL),
(938, 1995, NULL, NULL, 1996, 'varies thickest machinability orbiters tormentor', NULL, NULL),
(939, 940, NULL, NULL, 943, 'placarders septuagenarians safecracker cacaos mignonette', NULL, NULL),
(949, 2746, NULL, NULL, 810, 'retrogressions eliminates unknowns mongoloids', NULL, NULL),
(952, NULL, NULL, NULL, NULL, NULL, NULL, NULL),
(954, 955, NULL, NULL, 956, 'reupholstered xerosis steamers neurological warranter', NULL, NULL),
(960, 1404, NULL, NULL, 1359, 'pegboxes feeblish extenuation stranders abbesses strongboxes chromas', NULL, NULL),
(962, 963, NULL, NULL, 810, 'treaties preprocessor despising loftily', NULL, NULL),
(965, 2836, NULL, NULL, 2198, 'irradiates befriends insinuators restorers rebroadcasting grousing', NULL, NULL),
(969, 2663, NULL, NULL, 340, 'voucherable intercepting jeered immunopathology addends', NULL, NULL),
(973, 2114, NULL, NULL, 329, 'parrots paraguayans resonates overbites terminals giros podgy', NULL, NULL),
(974, 2829, NULL, NULL, 329, 'reoccupations embossers cerebrum gloves mohairs admiralties bewigged playgoers cheques', NULL, NULL),
(978, 1344, NULL, NULL, 329, 'equalled sandwiching bewitchment cheaters riffled kerneling napoleons rifer', NULL, NULL),
(979, 1774, NULL, NULL, 329, 'despising loftily yabber reprovingly blungers', NULL, NULL),
(982, NULL, NULL, NULL, NULL, NULL, NULL, NULL),
(984, 3031, NULL, NULL, 983, 'underlaid neurosurgeon innervated hunts barrens emanative blowpipe', NULL, NULL),
(985, 2911, NULL, NULL, 2910, 'scalepan folklorists attractive yeller cognizably reminds teratoid', NULL, NULL),
(991, 2024, NULL, NULL, 323, 'xerosis steamers neurological warranter flashings oops detonations chippering', NULL, NULL),
(994, 2964, NULL, NULL, 755, 'inadvisability disciplinarians majors manifestly decaffeinates scalepan', NULL, NULL),
(995, 2536, NULL, NULL, 755, 'tetrachlorides loutish polygony malines cliffhanger entailments', NULL, NULL),
(996, 1567, NULL, NULL, 755, 'neologic intermuscular fobbed transcribed swifters', NULL, NULL),
(1005, 2843, NULL, NULL, 385, 'flashings oops detonations chippering photospherically pouchiest canvasses pyorrheas cartons', NULL, NULL),
(1006, 2390, NULL, NULL, 385, 'circumscribed paralyzingly pouchy surrejoinders chestiest measurage tonsils pasturage', NULL, NULL),
(1014, 2162, NULL, NULL, 1013, 'toiled nonspecialized vrouw squads tantalums overweight readmits loopholing tattles', NULL, NULL),
(1017, 2770, NULL, NULL, 1015, 'owner zanier corkscrewed promiscuousness clewed reassemble hesitation fainting croupy', NULL, NULL),
(1019, 2073, NULL, NULL, 2072, 'overabundant legworks easeful cognize hoatzin toiled nonspecialized', NULL, NULL),
(1028, 2700, NULL, NULL, 1637, 'unmuzzling measles decentralizing hogfishes', NULL, NULL),
(1031, 2866, NULL, NULL, 2586, 'nonspecialized vrouw squads tantalums overweight readmits loopholing tattles', NULL, NULL),
(1033, 2081, NULL, NULL, 1129, 'coadjutors thuggeries nondestructive maladjustments subpartnership cordilleras recirculations alkalin succulently', NULL, NULL),
(1034, 2719, NULL, NULL, 2017, 'heartier petitionee brill neologic intermuscular fobbed transcribed', NULL, NULL),
(1035, 2606, NULL, NULL, 2607, 'nippy bounden occulters blubberer amenities desecrated tetrachlorides loutish polygony', NULL, NULL),
(1038, 2165, NULL, NULL, 1129, 'trephines hops exec junketeers isolators reducing nethermost nonfiction', NULL, NULL),
(1042, 1665, NULL, NULL, 1664, 'overbites terminals giros podgy vagus kinkiest xix', NULL, NULL),
(1043, 2992, NULL, NULL, 2973, 'perspicuously disjoined nigglings midmonths labium peeped daydreams', NULL, NULL),
(1065, NULL, NULL, NULL, NULL, NULL, NULL, NULL),
(1066, 1067, NULL, NULL, 1070, 'thickest machinability orbiters tormentor owner zanier', NULL, NULL),
(1081, 2534, NULL, NULL, 838, 'triunities dipped votarists kilogram timbrel presell', NULL, NULL),
(1082, 1876, NULL, NULL, 838, 'tetrachlorides loutish polygony malines cliffhanger', NULL, NULL),
(1085, NULL, NULL, NULL, NULL, NULL, NULL, NULL),
(1086, NULL, NULL, NULL, NULL, NULL, NULL, NULL),
(1090, NULL, NULL, NULL, NULL, NULL, NULL, NULL),
(1093, 2819, NULL, NULL, 2595, 'antiquarians dilutes quantitatively shovels vitric mendelism kookiest leavening', NULL, NULL),
(1094, 2915, NULL, NULL, 2595, 'inadvisability disciplinarians majors manifestly decaffeinates scalepan folklorists', NULL, NULL),
(1103, 1786, NULL, NULL, 1787, 'swampland earings circumscribed paralyzingly pouchy surrejoinders', NULL, NULL),
(1104, NULL, NULL, NULL, NULL, NULL, NULL, NULL),
(1115, 1796, NULL, NULL, 1114, 'webbier foxiness toddy playlets', NULL, NULL),
(1117, NULL, NULL, NULL, NULL, NULL, NULL, NULL),
(1120, 3064, NULL, NULL, 111, 'occulters blubberer amenities desecrated tetrachlorides loutish polygony malines cliffhanger', NULL, NULL),
(1121, 2693, NULL, NULL, 2692, 'valiantly unremorsefully extradites stollens ponderers conditione loathly cancels debiting', NULL, NULL),
(1122, 1881, NULL, NULL, 111, 'podgy vagus kinkiest xix recollected householder overeducated objurgate', NULL, NULL),
(1130, 2789, NULL, NULL, 1727, 'raunchiness perspicuously disjoined nigglings midmonths labium peeped', NULL, NULL),
(1132, 2690, NULL, NULL, 1129, 'plights corollaries gaudiness irades inadvisability disciplinarians', NULL, NULL),
(1134, NULL, NULL, NULL, NULL, NULL, NULL, NULL),
(1138, 2764, NULL, NULL, 1980, 'dumps carousels acidly deponent venges shivas', NULL, NULL),
(1140, NULL, NULL, NULL, NULL, NULL, NULL, NULL),
(1147, 3028, NULL, NULL, 330, 'rebroadcasting grousing overdrinking frow', NULL, NULL),
(1148, 1377, NULL, NULL, 36, 'cuppier nonsurgical skimpiest outpoured dissociated heartier petitionee brill', NULL, NULL),
(1152, 2683, NULL, NULL, 36, 'bewitchment cheaters riffled kerneling napoleons rifer', NULL, NULL),
(1153, 2986, NULL, NULL, 2721, 'recalculation safest signiory latchets inflecting trephines hops', NULL, NULL),
(1155, NULL, NULL, NULL, NULL, NULL, NULL, NULL),
(1162, NULL, NULL, NULL, NULL, NULL, NULL, NULL),
(1164, 2519, NULL, NULL, 1781, 'easeful cognize hoatzin toiled nonspecialized vrouw squads tantalums overweight', NULL, NULL),
(1165, 1531, NULL, NULL, 1528, 'quantitatively shovels vitric mendelism kookiest', NULL, NULL),
(1168, 1769, NULL, NULL, 1166, 'fainting croupy bacchanalia regainers teardown margarins inconvenience triunities dipped', NULL, NULL),
(1169, 2620, NULL, NULL, 2428, 'fringier rhythmical wastebaskets powderer', NULL, NULL),
(1176, NULL, NULL, NULL, NULL, NULL, NULL, NULL),
(1177, 2548, NULL, NULL, 1021, 'dumpers bering evasiveness toto teashop reaccepts gunneries', NULL, NULL),
(1181, 2299, NULL, NULL, 2173, 'votarists kilogram timbrel presell woodcraft reupholstered', NULL, NULL),
(1182, NULL, NULL, NULL, NULL, NULL, NULL, NULL),
(1189, NULL, NULL, NULL, NULL, NULL, NULL, NULL),
(1190, 1195, NULL, NULL, 1194, 'lenity tautological jambing sodality outcrop slipcases phenylketonuria grunts', NULL, NULL),
(1199, 2163, NULL, NULL, 1198, 'composedly taunting dragged lobsters careering triplets hepatics colonies defalcate', NULL, NULL),
(1200, NULL, NULL, NULL, NULL, NULL, NULL, NULL),
(1202, 1203, NULL, NULL, 1204, 'cerebrum gloves mohairs admiralties', NULL, NULL),
(1207, NULL, NULL, NULL, NULL, NULL, NULL, NULL),
(1211, NULL, NULL, NULL, NULL, NULL, NULL, NULL),
(1216, 1221, NULL, NULL, 1217, 'slavishly hipless prs bluejays', NULL, NULL),
(1231, 2342, NULL, NULL, 111, 'trephines hops exec junketeers isolators reducing', NULL, NULL),
(1232, 3063, NULL, NULL, 111, 'acridities unrealistic substituting surges', NULL, NULL),
(1233, NULL, NULL, NULL, NULL, NULL, NULL, NULL),
(1238, 2507, NULL, NULL, 195, 'summable heliocentricity excretions recelebrating dually plateauing', NULL, NULL),
(1240, NULL, NULL, NULL, NULL, NULL, NULL, NULL),
(1241, 1243, NULL, NULL, 341, 'undermentioned outflanking funnyman commuted lachrymation floweret arcadian', NULL, NULL),
(1248, 2701, NULL, NULL, 1624, 'hops exec junketeers isolators reducing nethermost nonfiction retrogressions eliminates', NULL, NULL),
(1251, 1367, NULL, NULL, 1255, 'subpartnership cordilleras recirculations alkalin succulently marquise', NULL, NULL),
(1252, 1253, NULL, NULL, 1255, 'photospherically pouchiest canvasses pyorrheas', NULL, NULL),
(1256, 1258, NULL, NULL, 896, 'hesitation fainting croupy bacchanalia', NULL, NULL),
(1264, 2581, NULL, NULL, 346, 'hulled preexamination oralogy tibetans', NULL, NULL),
(1265, 1268, NULL, NULL, 1267, 'hipless prs bluejays cuppier nonsurgical skimpiest outpoured', NULL, NULL),
(1271, NULL, NULL, NULL, NULL, NULL, NULL, NULL),
(1273, 1277, NULL, NULL, 1276, 'commuted lachrymation floweret arcadian acridities unrealistic substituting surges', NULL, NULL),
(1281, NULL, NULL, NULL, NULL, NULL, NULL, NULL),
(1288, NULL, NULL, NULL, NULL, NULL, NULL, NULL),
(1289, 1290, NULL, NULL, 195, 'satisfying undamped sharpers forbearer anesthetization undermentioned outflanking funnyman commuted', NULL, NULL),
(1295, 2716, NULL, NULL, 385, 'regainers teardown margarins inconvenience', NULL, NULL),
(1296, NULL, NULL, NULL, NULL, NULL, NULL, NULL),
(1297, NULL, NULL, NULL, NULL, NULL, NULL, NULL),
(1298, NULL, NULL, NULL, NULL, NULL, NULL, NULL),
(1303, 1306, NULL, NULL, 403, 'succulently marquise underlaid neurosurgeon innervated hunts barrens emanative', NULL, NULL),
(1308, NULL, NULL, NULL, NULL, NULL, NULL, NULL),
(1311, NULL, NULL, NULL, NULL, NULL, NULL, NULL),
(1313, 2574, NULL, NULL, 896, 'wastebaskets powderer immigrates inserter plights corollaries gaudiness irades', NULL, NULL),
(1320, 1324, NULL, NULL, 1325, 'oblongish leapfrogged overabundant legworks easeful cognize hoatzin toiled', NULL, NULL),
(1326, NULL, NULL, NULL, NULL, NULL, NULL, NULL),
(1331, 1333, NULL, NULL, 1332, 'cooked reformers goodwife technicolor plenishes', NULL, NULL),
(1337, 2863, NULL, NULL, 1541, 'immediately canzona interrelated cooked', NULL, NULL),
(1341, NULL, NULL, NULL, NULL, NULL, NULL, NULL),
(1346, 2419, NULL, NULL, 896, 'technicolor plenishes nippy bounden occulters blubberer amenities desecrated tetrachlorides', NULL, NULL),
(1353, NULL, NULL, NULL, NULL, NULL, NULL, NULL),
(1362, 2794, NULL, NULL, 558, 'satisfying undamped sharpers forbearer', NULL, NULL),
(1365, NULL, NULL, NULL, NULL, NULL, NULL, NULL),
(1372, NULL, NULL, NULL, NULL, NULL, NULL, NULL),
(1383, NULL, NULL, NULL, NULL, NULL, NULL, NULL),
(1387, 2529, NULL, NULL, 2528, 'cheaters riffled kerneling napoleons rifer splinting surmisers satisfying undamped', NULL, NULL),
(1388, NULL, NULL, NULL, NULL, NULL, NULL, NULL),
(1389, NULL, NULL, NULL, NULL, NULL, NULL, NULL),
(1392, 1393, NULL, NULL, 179, 'overeducated objurgate treaties preprocessor despising loftily yabber reprovingly blungers', NULL, NULL),
(1395, 2982, NULL, NULL, 1394, 'sodality outcrop slipcases phenylketonuria grunts venturers valiantly', NULL, NULL),
(1396, 2177, NULL, NULL, 1394, 'loftily yabber reprovingly blungers dwarflike effulgences coreless tuberculoses environs', NULL, NULL),
(1401, NULL, NULL, NULL, NULL, NULL, NULL, NULL),
(1407, 2999, NULL, NULL, 2428, 'clewed reassemble hesitation fainting croupy bacchanalia regainers teardown', NULL, NULL),
(1421, NULL, NULL, NULL, NULL, NULL, NULL, NULL),
(1422, NULL, NULL, NULL, NULL, NULL, NULL, NULL),
(1431, 2996, NULL, NULL, 1217, 'interrelated cooked reformers goodwife technicolor plenishes nippy bounden', NULL, NULL),
(1434, 1435, NULL, NULL, 1438, 'colonies defalcate transplantations forfends', NULL, NULL),
(1441, NULL, NULL, NULL, NULL, NULL, NULL, NULL),
(1443, 3025, NULL, NULL, 1793, 'pouchiest canvasses pyorrheas cartons acquirable refocus vividness', NULL, NULL),
(1444, NULL, NULL, NULL, NULL, NULL, NULL, NULL),
(1450, 2367, NULL, NULL, 1662, 'overtaking sourdoughs traditionless spoliator earthlier stenographers reallocating aslope', NULL, NULL),
(1451, NULL, NULL, NULL, NULL, NULL, NULL, NULL),
(1452, 1978, NULL, NULL, 319, 'substituting surges preheats loggias reconciliating', NULL, NULL),
(1453, 2993, NULL, NULL, 319, 'exec junketeers isolators reducing nethermost nonfiction retrogressions', NULL, NULL),
(1455, 2913, NULL, NULL, 111, 'effulgences coreless tuberculoses environs', NULL, NULL),
(1464, 1469, NULL, NULL, 1468, 'innervated hunts barrens emanative blowpipe varies thickest', NULL, NULL),
(1477, 2877, NULL, NULL, 1476, 'trephines hops exec junketeers isolators reducing nethermost', NULL, NULL),
(1478, 2901, NULL, NULL, 1476, 'effulgences coreless tuberculoses environs hulled preexamination oralogy tibetans', NULL, NULL),
(1479, 1984, NULL, NULL, 1476, 'acridities unrealistic substituting surges preheats loggias', NULL, NULL),
(1480, 2882, NULL, NULL, 1476, 'podgy vagus kinkiest xix recollected householder overeducated objurgate', NULL, NULL),
(1482, 1766, NULL, NULL, 1476, 'bewigged playgoers cheques batting waspishly stilbestrol', NULL, NULL),
(1483, 2773, NULL, NULL, 2528, 'slipcases phenylketonuria grunts venturers valiantly unremorsefully extradites stollens ponderers', NULL, NULL),
(1486, NULL, NULL, NULL, NULL, NULL, NULL, NULL),
(1487, 1708, NULL, NULL, 1709, 'equalled sandwiching bewitchment cheaters riffled', NULL, NULL),
(1488, 2879, NULL, NULL, 1709, 'prs bluejays cuppier nonsurgical skimpiest outpoured dissociated', NULL, NULL),
(1494, 2126, NULL, NULL, 2125, 'hunts barrens emanative blowpipe varies', NULL, NULL),
(1498, 2245, NULL, NULL, 331, 'polers oinked apnea maxillary dumpers', NULL, NULL),
(1501, 1504, NULL, NULL, 1502, 'carpetbag peonism metropolitanize twanged pedros nonforfeitable dissociative apostacy', NULL, NULL),
(1506, NULL, NULL, NULL, NULL, NULL, NULL, NULL),
(1512, 2708, NULL, NULL, 457, 'thurifer teazle fringier rhythmical wastebaskets powderer immigrates inserter plights', NULL, NULL),
(1515, 1516, NULL, NULL, 1518, 'reminds teratoid coadjutors thuggeries nondestructive maladjustments subpartnership cordilleras', NULL, NULL),
(1527, 3041, NULL, NULL, 1526, 'junketeers isolators reducing nethermost nonfiction', NULL, NULL),
(1534, 3079, NULL, NULL, 1581, 'timbrel presell woodcraft reupholstered xerosis steamers neurological', NULL, NULL),
(1535, 2779, NULL, NULL, 1581, 'cliffhanger entailments reindexed bedstraws thoughtless elation', NULL, NULL),
(1536, 2103, NULL, NULL, 1581, 'decaffeinates scalepan folklorists attractive', NULL, NULL),
(1539, NULL, NULL, NULL, NULL, NULL, NULL, NULL),
(1545, 2980, NULL, NULL, 470, 'fringier rhythmical wastebaskets powderer', NULL, NULL),
(1548, 3022, NULL, NULL, 1255, 'chestiest measurage tonsils pasturage thurifer teazle fringier rhythmical wastebaskets', NULL, NULL),
(1566, 2953, NULL, NULL, 816, 'parrots paraguayans resonates overbites terminals giros', NULL, NULL),
(1573, 1741, NULL, NULL, 303, 'marrieds fungic gasogenes obnoxiously dismounting', NULL, NULL),
(1577, NULL, NULL, NULL, NULL, NULL, NULL, NULL),
(1578, 1579, NULL, NULL, 1582, 'measurage tonsils pasturage thurifer teazle fringier rhythmical wastebaskets powderer', NULL, NULL),
(1587, NULL, NULL, NULL, NULL, NULL, NULL, NULL),
(1588, 1589, NULL, NULL, 36, 'resonates overbites terminals giros podgy vagus', NULL, NULL),
(1595, NULL, NULL, NULL, NULL, NULL, NULL, NULL),
(1599, 1757, NULL, NULL, 270, 'nigglings midmonths labium peeped daydreams permuting immediately canzona', NULL, NULL),
(1600, 2660, NULL, NULL, 270, 'podgy vagus kinkiest xix recollected householder overeducated objurgate', NULL, NULL),
(1604, 2955, NULL, NULL, 2954, 'lobsters careering triplets hepatics colonies defalcate transplantations forfends voucherable', NULL, NULL),
(1605, 3044, NULL, NULL, 2954, 'blowpipe varies thickest machinability orbiters tormentor owner zanier', NULL, NULL),
(1608, NULL, NULL, NULL, NULL, NULL, NULL, NULL),
(1612, NULL, NULL, NULL, NULL, NULL, NULL, NULL),
(1616, 1878, NULL, NULL, 1815, 'teardown margarins inconvenience triunities dipped votarists kilogram timbrel presell', NULL, NULL),
(1619, NULL, NULL, NULL, NULL, NULL, NULL, NULL),
(1625, 2622, NULL, NULL, 1624, 'vagus kinkiest xix recollected householder overeducated objurgate', NULL, NULL),
(1630, 1806, NULL, NULL, 339, 'neurological warranter flashings oops detonations chippering photospherically', NULL, NULL),
(1636, NULL, NULL, NULL, NULL, NULL, NULL, NULL),
(1639, NULL, NULL, NULL, NULL, NULL, NULL, NULL),
(1640, NULL, NULL, NULL, NULL, NULL, NULL, NULL),
(1643, 1684, NULL, NULL, 1683, 'scrapped prat islanded burlily thanklessly swiveled polers oinked', NULL, NULL),
(1645, NULL, NULL, NULL, NULL, NULL, NULL, NULL),
(1647, 2132, NULL, NULL, 1228, 'claymores shiftlessly feedstuffs lyricizing hierarchs composedly taunting dragged', NULL, NULL),
(1649, 3011, NULL, NULL, 1204, 'cuppier nonsurgical skimpiest outpoured dissociated heartier petitionee brill', NULL, NULL),
(1651, NULL, NULL, NULL, NULL, NULL, NULL, NULL),
(1656, 2351, NULL, NULL, 1583, 'zanier corkscrewed promiscuousness clewed reassemble hesitation fainting', NULL, NULL),
(1659, NULL, NULL, NULL, NULL, NULL, NULL, NULL),
(1663, NULL, NULL, NULL, NULL, NULL, NULL, NULL),
(1668, 1837, NULL, NULL, 712, 'hulled preexamination oralogy tibetans slavishly hipless prs', NULL, NULL),
(1669, 1751, NULL, NULL, 712, 'chestiest measurage tonsils pasturage thurifer teazle fringier rhythmical', NULL, NULL),
(1670, 2053, NULL, NULL, 2054, 'xix recollected householder overeducated objurgate treaties preprocessor despising loftily', NULL, NULL),
(1675, 1676, NULL, NULL, 1678, 'colonies defalcate transplantations forfends', NULL, NULL),
(1680, NULL, NULL, NULL, NULL, NULL, NULL, NULL),
(1686, NULL, NULL, NULL, NULL, NULL, NULL, NULL),
(1698, NULL, NULL, NULL, NULL, NULL, NULL, NULL),
(1700, NULL, NULL, NULL, NULL, NULL, NULL, NULL),
(1706, NULL, NULL, NULL, NULL, NULL, NULL, NULL),
(1707, 2890, NULL, NULL, 1562, 'taunting dragged lobsters careering triplets hepatics colonies defalcate transplantations', NULL, NULL),
(1712, 1713, NULL, NULL, 195, 'neologic intermuscular fobbed transcribed', NULL, NULL),
(1716, NULL, NULL, NULL, NULL, NULL, NULL, NULL),
(1722, NULL, NULL, NULL, NULL, NULL, NULL, NULL),
(1725, 1728, NULL, NULL, 1727, 'powderer immigrates inserter plights corollaries', NULL, NULL),
(1729, NULL, NULL, NULL, NULL, NULL, NULL, NULL),
(1732, NULL, NULL, NULL, NULL, NULL, NULL, NULL),
(1733, 1735, NULL, NULL, 23, 'phenylketonuria grunts venturers valiantly unremorsefully extradites stollens ponderers', NULL, NULL),
(1738, 2781, NULL, NULL, 2783, 'votarists kilogram timbrel presell', NULL, NULL),
(1742, NULL, NULL, NULL, NULL, NULL, NULL, NULL),
(1747, NULL, NULL, NULL, NULL, NULL, NULL, NULL),
(1752, NULL, NULL, NULL, NULL, NULL, NULL, NULL),
(1760, 1762, NULL, NULL, 628, 'isolators reducing nethermost nonfiction retrogressions eliminates unknowns mongoloids', NULL, NULL),
(1763, NULL, NULL, NULL, NULL, NULL, NULL, NULL),
(1764, NULL, NULL, NULL, NULL, NULL, NULL, NULL),
(1770, NULL, NULL, NULL, NULL, NULL, NULL, NULL),
(1777, NULL, NULL, NULL, NULL, NULL, NULL, NULL),
(1778, NULL, NULL, NULL, NULL, NULL, NULL, NULL),
(1785, 2899, NULL, NULL, 641, 'succulently marquise underlaid neurosurgeon innervated hunts', NULL, NULL),
(1788, NULL, NULL, NULL, NULL, NULL, NULL, NULL),
(1789, 2761, NULL, NULL, 1946, 'allayed zinged fridge stained unintentional antiquarians dilutes quantitatively shovels', NULL, NULL),
(1791, 3033, NULL, NULL, 1790, 'surges preheats loggias reconciliating photocatalyst lenity tautological', NULL, NULL),
(1794, 2005, NULL, NULL, 1357, 'tuberculoses environs hulled preexamination oralogy tibetans slavishly hipless', NULL, NULL),
(1795, 2346, NULL, NULL, 1357, 'labium peeped daydreams permuting immediately canzona interrelated', NULL, NULL),
(1798, NULL, NULL, NULL, NULL, NULL, NULL, NULL),
(1799, NULL, NULL, NULL, NULL, NULL, NULL, NULL),
(1800, 2905, NULL, NULL, 2027, 'triplets hepatics colonies defalcate', NULL, NULL),
(1804, 2057, NULL, NULL, 2056, 'retorts insoles stockman queening', NULL, NULL),
(1805, NULL, NULL, NULL, NULL, NULL, NULL, NULL),
(1809, NULL, NULL, NULL, NULL, NULL, NULL, NULL),
(1810, NULL, NULL, NULL, NULL, NULL, NULL, NULL),
(1811, 1812, NULL, NULL, 1541, 'nethermost nonfiction retrogressions eliminates unknowns mongoloids danker raunchiness perspicuously', NULL, NULL),
(1817, 2427, NULL, NULL, 2426, 'zanier corkscrewed promiscuousness clewed reassemble hesitation fainting', NULL, NULL),
(1818, NULL, NULL, NULL, NULL, NULL, NULL, NULL),
(1823, NULL, NULL, NULL, NULL, NULL, NULL, NULL),
(1827, 1898, NULL, NULL, 1678, 'orbiters tormentor owner zanier corkscrewed promiscuousness clewed reassemble hesitation', NULL, NULL),
(1828, 1830, NULL, NULL, 21, 'podgy vagus kinkiest xix recollected householder', NULL, NULL),
(1831, NULL, NULL, NULL, NULL, NULL, NULL, NULL),
(1836, 3055, NULL, NULL, 2607, 'skimpiest outpoured dissociated heartier petitionee brill', NULL, NULL),
(1842, NULL, NULL, NULL, NULL, NULL, NULL, NULL),
(1848, 2725, NULL, NULL, 2147, 'paralyzingly pouchy surrejoinders chestiest measurage tonsils pasturage', NULL, NULL),
(1850, NULL, NULL, NULL, NULL, NULL, NULL, NULL),
(1853, 3008, NULL, NULL, 2756, 'reallocating aslope seawaters ruminative patronly hydrozoon webbier foxiness toddy', NULL, NULL),
(1859, NULL, NULL, NULL, NULL, NULL, NULL, NULL),
(1864, 2020, NULL, NULL, 915, 'surmisers satisfying undamped sharpers forbearer', NULL, NULL),
(1865, 1866, NULL, NULL, 1868, 'lenity tautological jambing sodality outcrop slipcases phenylketonuria grunts', NULL, NULL),
(1870, 2937, NULL, NULL, 48, 'apnea maxillary dumpers bering evasiveness toto', NULL, NULL),
(1871, 1872, NULL, NULL, 1369, 'tuberculoses environs hulled preexamination oralogy', NULL, NULL),
(1875, 3071, NULL, NULL, 895, 'barrens emanative blowpipe varies', NULL, NULL),
(1884, NULL, NULL, NULL, NULL, NULL, NULL, NULL),
(1897, 2876, NULL, NULL, 2623, 'reminds teratoid coadjutors thuggeries nondestructive', NULL, NULL),
(1907, 2975, NULL, NULL, 2910, 'presell woodcraft reupholstered xerosis steamers neurological warranter', NULL, NULL),
(1908, NULL, NULL, NULL, NULL, NULL, NULL, NULL),
(1910, 2949, NULL, NULL, 1683, 'bewigged playgoers cheques batting', NULL, NULL),
(1913, NULL, NULL, NULL, NULL, NULL, NULL, NULL),
(1916, NULL, NULL, NULL, NULL, NULL, NULL, NULL),
(1917, 2845, NULL, NULL, 2323, 'oralogy tibetans slavishly hipless prs bluejays', NULL, NULL),
(1920, 3073, NULL, NULL, 2127, 'dwarflike effulgences coreless tuberculoses environs hulled preexamination', NULL, NULL),
(1921, NULL, NULL, NULL, NULL, NULL, NULL, NULL),
(1922, NULL, NULL, NULL, NULL, NULL, NULL, NULL),
(1925, NULL, NULL, NULL, NULL, NULL, NULL, NULL),
(1930, 2543, NULL, NULL, 1194, 'retrogressions eliminates unknowns mongoloids danker raunchiness perspicuously disjoined nigglings', NULL, NULL),
(1932, NULL, NULL, NULL, NULL, NULL, NULL, NULL),
(1934, 2505, NULL, NULL, 1868, 'anesthetization undermentioned outflanking funnyman', NULL, NULL),
(1936, 2684, NULL, NULL, 1868, 'swifters redigesting ostinato recalculation safest', NULL, NULL),
(1941, 2208, NULL, NULL, 146, 'cuppier nonsurgical skimpiest outpoured dissociated heartier petitionee brill neologic', NULL, NULL),
(1944, 3006, NULL, NULL, 1891, 'bedstraws thoughtless elation swampland earings', NULL, NULL),
(1954, NULL, NULL, NULL, NULL, NULL, NULL, NULL),
(1955, NULL, NULL, NULL, NULL, NULL, NULL, NULL),
(1960, NULL, NULL, NULL, NULL, NULL, NULL, NULL),
(1964, NULL, NULL, NULL, NULL, NULL, NULL, NULL),
(1969, NULL, NULL, NULL, NULL, NULL, NULL, NULL),
(1973, NULL, NULL, NULL, NULL, NULL, NULL, NULL),
(1977, NULL, NULL, NULL, NULL, NULL, NULL, NULL),
(1979, NULL, NULL, NULL, NULL, NULL, NULL, NULL),
(1981, 2968, NULL, NULL, 457, 'interrelated cooked reformers goodwife technicolor plenishes', NULL, NULL),
(1982, NULL, NULL, NULL, NULL, NULL, NULL, NULL),
(1983, 2265, NULL, NULL, 1458, 'nethermost nonfiction retrogressions eliminates unknowns mongoloids danker raunchiness', NULL, NULL),
(1986, NULL, NULL, NULL, NULL, NULL, NULL, NULL),
(1988, 2730, NULL, NULL, 2731, 'renege briefless regularities planarity stubborner', NULL, NULL),
(1989, NULL, NULL, NULL, NULL, NULL, NULL, NULL),
(1990, 1992, NULL, NULL, 1868, 'dually plateauing reoccupations embossers cerebrum gloves mohairs admiralties', NULL, NULL),
(1997, 2389, NULL, NULL, 628, 'neologic intermuscular fobbed transcribed swifters redigesting ostinato recalculation', NULL, NULL),
(1998, 2822, NULL, NULL, 628, 'preheats loggias reconciliating photocatalyst lenity tautological', NULL, NULL),
(1999, 2785, NULL, NULL, 628, 'recollected householder overeducated objurgate treaties preprocessor despising loftily yabber', NULL, NULL),
(2000, 2742, NULL, NULL, 628, 'tetrachlorides loutish polygony malines', NULL, NULL),
(2002, NULL, NULL, NULL, NULL, NULL, NULL, NULL),
(2007, 2359, NULL, NULL, 457, 'cliffhanger entailments reindexed bedstraws', NULL, NULL),
(2011, NULL, NULL, NULL, NULL, NULL, NULL, NULL),
(2019, NULL, NULL, NULL, NULL, NULL, NULL, NULL),
(2023, NULL, NULL, NULL, NULL, NULL, NULL, NULL),
(2034, 2565, NULL, NULL, 343, 'jeered immunopathology addends surveiled wagers', NULL, NULL),
(2035, NULL, NULL, NULL, NULL, NULL, NULL, NULL),
(2038, NULL, NULL, NULL, NULL, NULL, NULL, NULL),
(2041, NULL, NULL, NULL, NULL, NULL, NULL, NULL),
(2044, NULL, NULL, NULL, NULL, NULL, NULL, NULL),
(2045, NULL, NULL, NULL, NULL, NULL, NULL, NULL),
(2046, NULL, NULL, NULL, NULL, NULL, NULL, NULL),
(2048, 2052, NULL, NULL, 1843, 'nondestructive maladjustments subpartnership cordilleras recirculations alkalin', NULL, NULL),
(2049, NULL, NULL, NULL, NULL, NULL, NULL, NULL);
INSERT INTO paper (id, paperid, rejectedby, "readbymeta-reviewer", hasauthor, title, hasdecision, acceptedby) VALUES
(2059, NULL, NULL, NULL, NULL, NULL, NULL, NULL),
(2068, NULL, NULL, NULL, NULL, NULL, NULL, NULL),
(2077, NULL, NULL, NULL, NULL, NULL, NULL, NULL),
(2080, NULL, NULL, NULL, NULL, NULL, NULL, NULL),
(2087, 3039, NULL, NULL, 1276, 'resonates overbites terminals giros podgy vagus kinkiest', NULL, NULL),
(2088, 2501, NULL, NULL, 1276, 'technicolor plenishes nippy bounden occulters blubberer amenities desecrated', NULL, NULL),
(2089, 2747, NULL, NULL, 1276, 'safest signiory latchets inflecting', NULL, NULL),
(2090, 2092, NULL, NULL, 1787, 'nippy bounden occulters blubberer amenities desecrated tetrachlorides loutish polygony', NULL, NULL),
(2095, 2555, NULL, NULL, 2094, 'chromas oats pulling leatheriness witchy horologe bigamistic furrows', NULL, NULL),
(2098, 3070, NULL, NULL, 2323, 'excretions recelebrating dually plateauing reoccupations embossers cerebrum', NULL, NULL),
(2101, 2354, NULL, NULL, 2323, 'overeducated objurgate treaties preprocessor despising loftily yabber reprovingly blungers', NULL, NULL),
(2102, NULL, NULL, NULL, NULL, NULL, NULL, NULL),
(2105, NULL, NULL, NULL, NULL, NULL, NULL, NULL),
(2108, 2487, NULL, NULL, 36, 'commuted lachrymation floweret arcadian acridities unrealistic substituting surges', NULL, NULL),
(2110, 2111, NULL, NULL, 1194, 'slavishly hipless prs bluejays cuppier nonsurgical', NULL, NULL),
(2112, NULL, NULL, NULL, NULL, NULL, NULL, NULL),
(2113, NULL, NULL, NULL, NULL, NULL, NULL, NULL),
(2115, NULL, NULL, NULL, NULL, NULL, NULL, NULL),
(2121, 2977, NULL, NULL, 1839, 'ostinato recalculation safest signiory', NULL, NULL),
(2122, NULL, NULL, NULL, NULL, NULL, NULL, NULL),
(2128, 2438, NULL, NULL, 1787, 'latchets inflecting trephines hops', NULL, NULL),
(2133, NULL, NULL, NULL, NULL, NULL, NULL, NULL),
(2134, 2136, NULL, NULL, 712, 'neologic intermuscular fobbed transcribed swifters redigesting ostinato recalculation', NULL, NULL),
(2139, NULL, NULL, NULL, NULL, NULL, NULL, NULL),
(2141, 3000, NULL, NULL, 1868, 'treaties preprocessor despising loftily', NULL, NULL),
(2150, 2397, NULL, NULL, 2241, 'flashings oops detonations chippering photospherically pouchiest', NULL, NULL),
(2155, NULL, NULL, NULL, NULL, NULL, NULL, NULL),
(2169, 2984, NULL, NULL, 907, 'embrocation casteless uroliths sashes', NULL, NULL),
(2170, 2609, NULL, NULL, 907, 'yeller cognizably reminds teratoid coadjutors thuggeries nondestructive maladjustments subpartnership', NULL, NULL),
(2171, NULL, NULL, NULL, NULL, NULL, NULL, NULL),
(2179, 2287, NULL, NULL, 48, 'dually plateauing reoccupations embossers cerebrum gloves mohairs admiralties', NULL, NULL),
(2183, 2972, NULL, NULL, 1194, 'firefanged skeins equalled sandwiching', NULL, NULL),
(2191, 2498, NULL, NULL, 23, 'floweret arcadian acridities unrealistic substituting surges preheats loggias reconciliating', NULL, NULL),
(2197, 2199, NULL, NULL, 2198, 'antiquarians dilutes quantitatively shovels', NULL, NULL),
(2213, NULL, NULL, NULL, NULL, NULL, NULL, NULL),
(2215, NULL, NULL, NULL, NULL, NULL, NULL, NULL),
(2217, NULL, NULL, NULL, NULL, NULL, NULL, NULL),
(2220, NULL, NULL, NULL, NULL, NULL, NULL, NULL),
(2223, NULL, NULL, NULL, NULL, NULL, NULL, NULL),
(2231, NULL, NULL, NULL, NULL, NULL, NULL, NULL),
(2246, NULL, NULL, NULL, NULL, NULL, NULL, NULL),
(2248, NULL, NULL, NULL, NULL, NULL, NULL, NULL),
(2249, NULL, NULL, NULL, NULL, NULL, NULL, NULL),
(2252, NULL, NULL, NULL, NULL, NULL, NULL, NULL),
(2253, NULL, NULL, NULL, NULL, NULL, NULL, NULL),
(2255, 2553, NULL, NULL, 2533, 'yeller cognizably reminds teratoid', NULL, NULL),
(2257, NULL, NULL, NULL, NULL, NULL, NULL, NULL),
(2260, 2261, NULL, NULL, 53, 'napoleons rifer splinting surmisers satisfying undamped sharpers forbearer', NULL, NULL),
(2262, NULL, NULL, NULL, NULL, NULL, NULL, NULL),
(2263, NULL, NULL, NULL, NULL, NULL, NULL, NULL),
(2266, NULL, NULL, NULL, NULL, NULL, NULL, NULL),
(2269, NULL, NULL, NULL, NULL, NULL, NULL, NULL),
(2273, 2872, NULL, NULL, 348, 'occulters blubberer amenities desecrated', NULL, NULL),
(2276, 2277, NULL, NULL, 1468, 'hierarchs composedly taunting dragged lobsters careering triplets hepatics', NULL, NULL),
(2281, 2405, NULL, NULL, 201, 'loopholing tattles irradiates befriends insinuators restorers rebroadcasting grousing overdrinking', NULL, NULL),
(2285, NULL, NULL, NULL, NULL, NULL, NULL, NULL),
(2289, NULL, NULL, NULL, NULL, NULL, NULL, NULL),
(2291, NULL, NULL, NULL, NULL, NULL, NULL, NULL),
(2295, NULL, NULL, NULL, NULL, NULL, NULL, NULL),
(2298, NULL, NULL, NULL, NULL, NULL, NULL, NULL),
(2306, NULL, NULL, NULL, NULL, NULL, NULL, NULL),
(2309, NULL, NULL, NULL, NULL, NULL, NULL, NULL),
(2310, 3030, NULL, NULL, 2533, 'technicolor plenishes nippy bounden', NULL, NULL),
(2313, NULL, NULL, NULL, NULL, NULL, NULL, NULL),
(2319, 2925, NULL, NULL, 2339, 'circumscribed paralyzingly pouchy surrejoinders chestiest measurage tonsils pasturage', NULL, NULL),
(2320, NULL, NULL, NULL, NULL, NULL, NULL, NULL),
(2326, NULL, NULL, NULL, NULL, NULL, NULL, NULL),
(2327, 2329, NULL, NULL, 1194, 'swifters redigesting ostinato recalculation safest signiory', NULL, NULL),
(2331, NULL, NULL, NULL, NULL, NULL, NULL, NULL),
(2333, 2334, NULL, NULL, 1541, 'reconciliating photocatalyst lenity tautological jambing sodality outcrop', NULL, NULL),
(2336, NULL, NULL, NULL, NULL, NULL, NULL, NULL),
(2338, NULL, NULL, NULL, NULL, NULL, NULL, NULL),
(2343, NULL, NULL, NULL, NULL, NULL, NULL, NULL),
(2352, NULL, NULL, NULL, NULL, NULL, NULL, NULL),
(2355, NULL, NULL, NULL, NULL, NULL, NULL, NULL),
(2356, NULL, NULL, NULL, NULL, NULL, NULL, NULL),
(2358, NULL, NULL, NULL, NULL, NULL, NULL, NULL),
(2361, 2870, NULL, NULL, 290, 'subpartnership cordilleras recirculations alkalin', NULL, NULL),
(2364, 2906, NULL, NULL, 290, 'isolators reducing nethermost nonfiction retrogressions eliminates unknowns mongoloids danker', NULL, NULL),
(2369, NULL, NULL, NULL, NULL, NULL, NULL, NULL),
(2370, 2386, NULL, NULL, 28, 'fobbed transcribed swifters redigesting ostinato recalculation safest', NULL, NULL),
(2371, NULL, NULL, NULL, NULL, NULL, NULL, NULL),
(2376, NULL, NULL, NULL, NULL, NULL, NULL, NULL),
(2380, NULL, NULL, NULL, NULL, NULL, NULL, NULL),
(2383, 2384, NULL, NULL, 2385, 'loathly cancels debiting parrots paraguayans', NULL, NULL),
(2388, NULL, NULL, NULL, NULL, NULL, NULL, NULL),
(2395, NULL, NULL, NULL, NULL, NULL, NULL, NULL),
(2402, 2856, NULL, NULL, 21, 'gunneries exorcises pirog desexes', NULL, NULL),
(2406, NULL, NULL, NULL, NULL, NULL, NULL, NULL),
(2424, NULL, NULL, NULL, NULL, NULL, NULL, NULL),
(2433, NULL, NULL, NULL, NULL, NULL, NULL, NULL),
(2434, NULL, NULL, NULL, NULL, NULL, NULL, NULL),
(2436, 2563, NULL, NULL, 2178, 'raunchiness perspicuously disjoined nigglings midmonths labium peeped', NULL, NULL),
(2443, NULL, NULL, NULL, NULL, NULL, NULL, NULL),
(2447, NULL, NULL, NULL, NULL, NULL, NULL, NULL),
(2451, NULL, NULL, NULL, NULL, NULL, NULL, NULL),
(2452, NULL, NULL, NULL, NULL, NULL, NULL, NULL),
(2457, NULL, NULL, NULL, NULL, NULL, NULL, NULL),
(2458, NULL, NULL, NULL, NULL, NULL, NULL, NULL),
(2460, NULL, NULL, NULL, NULL, NULL, NULL, NULL),
(2466, NULL, NULL, NULL, NULL, NULL, NULL, NULL),
(2468, 2839, NULL, NULL, 2135, 'loutish polygony malines cliffhanger entailments reindexed bedstraws thoughtless elation', NULL, NULL),
(2471, NULL, NULL, NULL, NULL, NULL, NULL, NULL),
(2474, NULL, NULL, NULL, NULL, NULL, NULL, NULL),
(2477, NULL, NULL, NULL, NULL, NULL, NULL, NULL),
(2479, NULL, NULL, NULL, NULL, NULL, NULL, NULL),
(2484, NULL, NULL, NULL, NULL, NULL, NULL, NULL),
(2486, NULL, NULL, NULL, NULL, NULL, NULL, NULL),
(2494, NULL, NULL, NULL, NULL, NULL, NULL, NULL),
(2497, NULL, NULL, NULL, NULL, NULL, NULL, NULL),
(2503, NULL, NULL, NULL, NULL, NULL, NULL, NULL),
(2508, NULL, NULL, NULL, NULL, NULL, NULL, NULL),
(2509, NULL, NULL, NULL, NULL, NULL, NULL, NULL),
(2510, NULL, NULL, NULL, NULL, NULL, NULL, NULL),
(2511, 3021, NULL, NULL, 816, 'ostinato recalculation safest signiory latchets inflecting trephines hops exec', NULL, NULL),
(2512, 2835, NULL, NULL, 335, 'preexamination oralogy tibetans slavishly hipless prs bluejays cuppier nonsurgical', NULL, NULL),
(2515, NULL, NULL, NULL, NULL, NULL, NULL, NULL),
(2517, NULL, NULL, NULL, NULL, NULL, NULL, NULL),
(2521, NULL, NULL, NULL, NULL, NULL, NULL, NULL),
(2527, NULL, NULL, NULL, NULL, NULL, NULL, NULL),
(2535, NULL, NULL, NULL, NULL, NULL, NULL, NULL),
(2538, NULL, NULL, NULL, NULL, NULL, NULL, NULL),
(2541, NULL, NULL, NULL, NULL, NULL, NULL, NULL),
(2544, NULL, NULL, NULL, NULL, NULL, NULL, NULL),
(2547, NULL, NULL, NULL, NULL, NULL, NULL, NULL),
(2549, NULL, NULL, NULL, NULL, NULL, NULL, NULL),
(2550, NULL, NULL, NULL, NULL, NULL, NULL, NULL),
(2554, NULL, NULL, NULL, NULL, NULL, NULL, NULL),
(2557, 2720, NULL, NULL, 1204, 'yabber reprovingly blungers dwarflike effulgences coreless', NULL, NULL),
(2558, NULL, NULL, NULL, NULL, NULL, NULL, NULL),
(2560, NULL, NULL, NULL, NULL, NULL, NULL, NULL),
(2567, NULL, NULL, NULL, NULL, NULL, NULL, NULL),
(2568, NULL, NULL, NULL, NULL, NULL, NULL, NULL),
(2572, NULL, NULL, NULL, NULL, NULL, NULL, NULL),
(2579, NULL, NULL, NULL, NULL, NULL, NULL, NULL),
(2583, NULL, NULL, NULL, NULL, NULL, NULL, NULL),
(2585, 2588, NULL, NULL, 2586, 'addends surveiled wagers joysticks nonliving agric', NULL, NULL),
(2593, NULL, NULL, NULL, NULL, NULL, NULL, NULL),
(2600, NULL, NULL, NULL, NULL, NULL, NULL, NULL),
(2618, NULL, NULL, NULL, NULL, NULL, NULL, NULL),
(2626, NULL, NULL, NULL, NULL, NULL, NULL, NULL),
(2636, NULL, NULL, NULL, NULL, NULL, NULL, NULL),
(2641, NULL, NULL, NULL, NULL, NULL, NULL, NULL),
(2644, NULL, NULL, NULL, NULL, NULL, NULL, NULL),
(2648, NULL, NULL, NULL, NULL, NULL, NULL, NULL),
(2650, NULL, NULL, NULL, NULL, NULL, NULL, NULL),
(2651, NULL, NULL, NULL, NULL, NULL, NULL, NULL),
(2654, NULL, NULL, NULL, NULL, NULL, NULL, NULL),
(2657, NULL, NULL, NULL, NULL, NULL, NULL, NULL),
(2659, NULL, NULL, NULL, NULL, NULL, NULL, NULL),
(2665, NULL, NULL, NULL, NULL, NULL, NULL, NULL),
(2670, NULL, NULL, NULL, NULL, NULL, NULL, NULL),
(2674, NULL, NULL, NULL, NULL, NULL, NULL, NULL),
(2677, NULL, NULL, NULL, NULL, NULL, NULL, NULL),
(2678, NULL, NULL, NULL, NULL, NULL, NULL, NULL),
(2682, NULL, NULL, NULL, NULL, NULL, NULL, NULL),
(2685, NULL, NULL, NULL, NULL, NULL, NULL, NULL),
(2687, NULL, NULL, NULL, NULL, NULL, NULL, NULL),
(2691, NULL, NULL, NULL, NULL, NULL, NULL, NULL),
(2697, NULL, NULL, NULL, NULL, NULL, NULL, NULL),
(2704, NULL, NULL, NULL, NULL, NULL, NULL, NULL),
(2709, NULL, NULL, NULL, NULL, NULL, NULL, NULL),
(2711, NULL, NULL, NULL, NULL, NULL, NULL, NULL),
(2714, NULL, NULL, NULL, NULL, NULL, NULL, NULL),
(2717, NULL, NULL, NULL, NULL, NULL, NULL, NULL),
(2722, NULL, NULL, NULL, NULL, NULL, NULL, NULL),
(2723, NULL, NULL, NULL, NULL, NULL, NULL, NULL),
(2726, NULL, NULL, NULL, NULL, NULL, NULL, NULL),
(2728, 2740, NULL, NULL, 1678, 'photospherically pouchiest canvasses pyorrheas cartons acquirable refocus vividness', NULL, NULL),
(2732, NULL, NULL, NULL, NULL, NULL, NULL, NULL),
(2733, NULL, NULL, NULL, NULL, NULL, NULL, NULL),
(2738, NULL, NULL, NULL, NULL, NULL, NULL, NULL),
(2741, NULL, NULL, NULL, NULL, NULL, NULL, NULL),
(2743, NULL, NULL, NULL, NULL, NULL, NULL, NULL),
(2749, NULL, NULL, NULL, NULL, NULL, NULL, NULL),
(2754, NULL, NULL, NULL, NULL, NULL, NULL, NULL),
(2759, NULL, NULL, NULL, NULL, NULL, NULL, NULL),
(2762, NULL, NULL, NULL, NULL, NULL, NULL, NULL),
(2765, NULL, NULL, NULL, NULL, NULL, NULL, NULL),
(2769, NULL, NULL, NULL, NULL, NULL, NULL, NULL),
(2772, NULL, NULL, NULL, NULL, NULL, NULL, NULL),
(2776, NULL, NULL, NULL, NULL, NULL, NULL, NULL),
(2788, NULL, NULL, NULL, NULL, NULL, NULL, NULL),
(2799, NULL, NULL, NULL, NULL, NULL, NULL, NULL),
(2800, NULL, NULL, NULL, NULL, NULL, NULL, NULL),
(2804, NULL, NULL, NULL, NULL, NULL, NULL, NULL),
(2805, NULL, NULL, NULL, NULL, NULL, NULL, NULL),
(2806, NULL, NULL, NULL, NULL, NULL, NULL, NULL),
(2809, NULL, NULL, NULL, NULL, NULL, NULL, NULL),
(2812, NULL, NULL, NULL, NULL, NULL, NULL, NULL),
(2816, NULL, NULL, NULL, NULL, NULL, NULL, NULL),
(2817, NULL, NULL, NULL, NULL, NULL, NULL, NULL),
(2818, NULL, NULL, NULL, NULL, NULL, NULL, NULL),
(2820, NULL, NULL, NULL, NULL, NULL, NULL, NULL),
(2821, NULL, NULL, NULL, NULL, NULL, NULL, NULL),
(2823, NULL, NULL, NULL, NULL, NULL, NULL, NULL),
(2824, NULL, NULL, NULL, NULL, NULL, NULL, NULL),
(2828, NULL, NULL, NULL, NULL, NULL, NULL, NULL),
(2832, NULL, NULL, NULL, NULL, NULL, NULL, NULL),
(2834, NULL, NULL, NULL, NULL, NULL, NULL, NULL),
(2840, NULL, NULL, NULL, NULL, NULL, NULL, NULL),
(2844, NULL, NULL, NULL, NULL, NULL, NULL, NULL),
(2847, NULL, NULL, NULL, NULL, NULL, NULL, NULL),
(2850, NULL, NULL, NULL, NULL, NULL, NULL, NULL),
(2851, NULL, NULL, NULL, NULL, NULL, NULL, NULL),
(2853, NULL, NULL, NULL, NULL, NULL, NULL, NULL),
(2854, NULL, NULL, NULL, NULL, NULL, NULL, NULL),
(2855, NULL, NULL, NULL, NULL, NULL, NULL, NULL),
(2858, NULL, NULL, NULL, NULL, NULL, NULL, NULL),
(2859, NULL, NULL, NULL, NULL, NULL, NULL, NULL),
(2862, NULL, NULL, NULL, NULL, NULL, NULL, NULL),
(2867, NULL, NULL, NULL, NULL, NULL, NULL, NULL),
(2868, NULL, NULL, NULL, NULL, NULL, NULL, NULL),
(2875, NULL, NULL, NULL, NULL, NULL, NULL, NULL),
(2878, NULL, NULL, NULL, NULL, NULL, NULL, NULL),
(2880, NULL, NULL, NULL, NULL, NULL, NULL, NULL),
(2881, NULL, NULL, NULL, NULL, NULL, NULL, NULL),
(2884, NULL, NULL, NULL, NULL, NULL, NULL, NULL),
(2888, NULL, NULL, NULL, NULL, NULL, NULL, NULL),
(2889, NULL, NULL, NULL, NULL, NULL, NULL, NULL),
(2891, NULL, NULL, NULL, NULL, NULL, NULL, NULL),
(2895, NULL, NULL, NULL, NULL, NULL, NULL, NULL),
(2903, NULL, NULL, NULL, NULL, NULL, NULL, NULL),
(2909, NULL, NULL, NULL, NULL, NULL, NULL, NULL),
(2924, NULL, NULL, NULL, NULL, NULL, NULL, NULL),
(2929, NULL, NULL, NULL, NULL, NULL, NULL, NULL),
(2930, NULL, NULL, NULL, NULL, NULL, NULL, NULL),
(2931, NULL, NULL, NULL, NULL, NULL, NULL, NULL),
(2934, NULL, NULL, NULL, NULL, NULL, NULL, NULL),
(2935, NULL, NULL, NULL, NULL, NULL, NULL, NULL),
(2938, NULL, NULL, NULL, NULL, NULL, NULL, NULL),
(2940, NULL, NULL, NULL, NULL, NULL, NULL, NULL),
(2941, NULL, NULL, NULL, NULL, NULL, NULL, NULL),
(2942, NULL, NULL, NULL, NULL, NULL, NULL, NULL),
(2945, NULL, NULL, NULL, NULL, NULL, NULL, NULL),
(2946, NULL, NULL, NULL, NULL, NULL, NULL, NULL),
(2948, NULL, NULL, NULL, NULL, NULL, NULL, NULL),
(2951, NULL, NULL, NULL, NULL, NULL, NULL, NULL),
(2952, NULL, NULL, NULL, NULL, NULL, NULL, NULL),
(2961, NULL, NULL, NULL, NULL, NULL, NULL, NULL),
(2962, NULL, NULL, NULL, NULL, NULL, NULL, NULL),
(2966, NULL, NULL, NULL, NULL, NULL, NULL, NULL),
(2971, NULL, NULL, NULL, NULL, NULL, NULL, NULL),
(2974, NULL, NULL, NULL, NULL, NULL, NULL, NULL),
(2976, NULL, NULL, NULL, NULL, NULL, NULL, NULL),
(2978, NULL, NULL, NULL, NULL, NULL, NULL, NULL),
(2979, NULL, NULL, NULL, NULL, NULL, NULL, NULL),
(2981, NULL, NULL, NULL, NULL, NULL, NULL, NULL),
(2985, NULL, NULL, NULL, NULL, NULL, NULL, NULL),
(2987, NULL, NULL, NULL, NULL, NULL, NULL, NULL),
(2988, NULL, NULL, NULL, NULL, NULL, NULL, NULL),
(2990, NULL, NULL, NULL, NULL, NULL, NULL, NULL),
(2994, NULL, NULL, NULL, NULL, NULL, NULL, NULL),
(2997, NULL, NULL, NULL, NULL, NULL, NULL, NULL),
(3002, NULL, NULL, NULL, NULL, NULL, NULL, NULL),
(3004, NULL, NULL, NULL, NULL, NULL, NULL, NULL),
(3005, NULL, NULL, NULL, NULL, NULL, NULL, NULL),
(3009, NULL, NULL, NULL, NULL, NULL, NULL, NULL),
(3010, NULL, NULL, NULL, NULL, NULL, NULL, NULL),
(3013, NULL, NULL, NULL, NULL, NULL, NULL, NULL),
(3016, NULL, NULL, NULL, NULL, NULL, NULL, NULL),
(3017, NULL, NULL, NULL, NULL, NULL, NULL, NULL),
(3020, NULL, NULL, NULL, NULL, NULL, NULL, NULL),
(3024, NULL, NULL, NULL, NULL, NULL, NULL, NULL),
(3029, NULL, NULL, NULL, NULL, NULL, NULL, NULL),
(3032, NULL, NULL, NULL, NULL, NULL, NULL, NULL),
(3040, NULL, NULL, NULL, NULL, NULL, NULL, NULL),
(3042, NULL, NULL, NULL, NULL, NULL, NULL, NULL),
(3045, NULL, NULL, NULL, NULL, NULL, NULL, NULL),
(3046, NULL, NULL, NULL, NULL, NULL, NULL, NULL),
(3047, NULL, NULL, NULL, NULL, NULL, NULL, NULL),
(3048, NULL, NULL, NULL, NULL, NULL, NULL, NULL),
(3049, NULL, NULL, NULL, NULL, NULL, NULL, NULL),
(3050, NULL, NULL, NULL, NULL, NULL, NULL, NULL),
(3051, NULL, NULL, NULL, NULL, NULL, NULL, NULL),
(3052, NULL, NULL, NULL, NULL, NULL, NULL, NULL),
(3053, NULL, NULL, NULL, NULL, NULL, NULL, NULL),
(3054, NULL, NULL, NULL, NULL, NULL, NULL, NULL),
(3056, NULL, NULL, NULL, NULL, NULL, NULL, NULL),
(3057, NULL, NULL, NULL, NULL, NULL, NULL, NULL),
(3059, NULL, NULL, NULL, NULL, NULL, NULL, NULL),
(3061, NULL, NULL, NULL, NULL, NULL, NULL, NULL),
(3062, NULL, NULL, NULL, NULL, NULL, NULL, NULL),
(3065, NULL, NULL, NULL, NULL, NULL, NULL, NULL),
(3067, NULL, NULL, NULL, NULL, NULL, NULL, NULL),
(3068, NULL, NULL, NULL, NULL, NULL, NULL, NULL),
(3069, NULL, NULL, NULL, NULL, NULL, NULL, NULL),
(3072, NULL, NULL, NULL, NULL, NULL, NULL, NULL),
(3075, NULL, NULL, NULL, NULL, NULL, NULL, NULL),
(3077, NULL, NULL, NULL, NULL, NULL, NULL, NULL),
(3081, NULL, NULL, NULL, NULL, NULL, NULL, NULL);

-- --------------------------------------------------------

--
-- Table structure for table 'paperabstract'
--

CREATE TABLE paperabstract (
  id integer NOT NULL,
  PRIMARY KEY (id)
) ;

--
-- Dumping data for table 'paperabstract'
--

INSERT INTO paperabstract (id) VALUES
(24),
(40),
(55),
(56),
(60),
(61),
(70),
(97),
(100),
(122),
(133),
(150),
(170),
(183),
(204),
(223),
(267),
(282),
(378),
(452),
(474),
(480),
(487),
(496),
(510),
(530),
(542),
(562),
(569),
(575),
(578),
(579),
(582),
(598),
(601),
(624),
(646),
(685),
(704),
(705),
(716),
(736),
(742),
(751),
(760),
(780),
(781),
(790),
(805),
(811),
(824),
(840),
(860),
(864),
(867),
(889),
(901),
(913),
(922),
(952),
(982),
(1065),
(1085),
(1086),
(1090),
(1104),
(1117),
(1134),
(1140),
(1155),
(1162),
(1176),
(1182),
(1189),
(1200),
(1207),
(1211),
(1233),
(1240),
(1271),
(1281),
(1288),
(1296),
(1297),
(1298),
(1308),
(1311),
(1326),
(1341),
(1353),
(1365),
(1372),
(1383),
(1388),
(1389),
(1401),
(1421),
(1422),
(1441),
(1444),
(1451),
(1486),
(1506),
(1539),
(1577),
(1587),
(1595),
(1608),
(1612),
(1619),
(1636),
(1639),
(1640),
(1645),
(1651),
(1659),
(1663),
(1680),
(1686),
(1698),
(1700),
(1706),
(1716),
(1722),
(1729),
(1732),
(1742),
(1747),
(1752),
(1763),
(1764),
(1770),
(1777),
(1778),
(1788),
(1798),
(1799),
(1805),
(1809),
(1810),
(1818),
(1823),
(1831),
(1842),
(1850),
(1859),
(1884),
(1908),
(1913),
(1916),
(1921),
(1922),
(1925),
(1932),
(1954),
(1955),
(1960),
(1964),
(1969),
(1973),
(1977),
(1979),
(1982),
(1986),
(1989),
(2002),
(2011),
(2019),
(2023),
(2035),
(2038),
(2041),
(2044),
(2045),
(2046),
(2049),
(2059),
(2068),
(2077),
(2080),
(2102),
(2105),
(2112),
(2113),
(2115),
(2122),
(2133),
(2139),
(2155),
(2171),
(2213),
(2215),
(2217),
(2220),
(2223),
(2231),
(2246),
(2248),
(2249),
(2252),
(2253),
(2257),
(2262),
(2263),
(2266),
(2269),
(2285),
(2289),
(2291),
(2295),
(2298),
(2306),
(2309),
(2313),
(2320),
(2326),
(2331),
(2336),
(2338),
(2343),
(2352),
(2355),
(2356),
(2358),
(2369),
(2371),
(2376),
(2380),
(2388),
(2395),
(2406),
(2424),
(2433),
(2434),
(2443),
(2447),
(2451),
(2452),
(2457),
(2458),
(2460),
(2466),
(2471),
(2474),
(2477),
(2479),
(2484),
(2486),
(2494),
(2497),
(2503),
(2508),
(2509),
(2510),
(2515),
(2517),
(2521),
(2527),
(2535),
(2538),
(2541),
(2544),
(2547),
(2549),
(2550),
(2554),
(2558),
(2560),
(2567),
(2568),
(2572),
(2579),
(2583),
(2593),
(2600),
(2618),
(2626),
(2636),
(2641),
(2644),
(2648),
(2650),
(2651),
(2654),
(2657),
(2659),
(2665),
(2670),
(2674),
(2677),
(2678),
(2682),
(2685),
(2687),
(2691),
(2697),
(2704),
(2709),
(2711),
(2714),
(2717),
(2722),
(2723),
(2726),
(2732),
(2733),
(2738),
(2741),
(2743),
(2749),
(2754),
(2759),
(2762),
(2765),
(2769),
(2772),
(2776),
(2788),
(2799),
(2800),
(2804),
(2805),
(2806),
(2809),
(2812),
(2816),
(2817),
(2818),
(2820),
(2821),
(2823),
(2824),
(2828),
(2832),
(2834),
(2840),
(2844),
(2847),
(2850),
(2851),
(2853),
(2854),
(2855),
(2858),
(2859),
(2862),
(2867),
(2868),
(2875),
(2878),
(2880),
(2881),
(2884),
(2888),
(2889),
(2891),
(2895),
(2903),
(2909),
(2924),
(2929),
(2930),
(2931),
(2934),
(2935),
(2938),
(2940),
(2941),
(2942),
(2945),
(2946),
(2948),
(2951),
(2952),
(2961),
(2962),
(2966),
(2971),
(2974),
(2976),
(2978),
(2979),
(2981),
(2985),
(2987),
(2988),
(2990),
(2994),
(2997),
(3002),
(3004),
(3005),
(3009),
(3010),
(3013),
(3016),
(3017),
(3020),
(3024),
(3029),
(3032),
(3040),
(3042),
(3045),
(3046),
(3047),
(3048),
(3049),
(3050),
(3051),
(3052),
(3053),
(3054),
(3056),
(3057),
(3059),
(3061),
(3062),
(3065),
(3067),
(3068),
(3069),
(3072),
(3075),
(3077),
(3081);

-- --------------------------------------------------------

--
-- Table structure for table 'paperassignmenttoolsrunby'
--

CREATE TABLE paperassignmenttoolsrunby (
  conference integer NOT NULL,
  administrator integer NOT NULL,
  PRIMARY KEY (conference,administrator)
) ;

-- --------------------------------------------------------

--
-- Table structure for table 'paperfullversion'
--

CREATE TABLE paperfullversion (
  id integer NOT NULL,
  PRIMARY KEY (id)
) ;

--
-- Dumping data for table 'paperfullversion'
--

INSERT INTO paperfullversion (id) VALUES
(1),
(4),
(8),
(9),
(12),
(14),
(15),
(16),
(25),
(33),
(34),
(43),
(49),
(59),
(62),
(72),
(76),
(77),
(78),
(80),
(81),
(89),
(103),
(105),
(108),
(114),
(124),
(127),
(142),
(151),
(160),
(164),
(165),
(167),
(173),
(175),
(185),
(188),
(190),
(191),
(194),
(207),
(210),
(211),
(220),
(221),
(229),
(231),
(232),
(239),
(240),
(241),
(242),
(244),
(247),
(249),
(250),
(252),
(256),
(265),
(266),
(268),
(284),
(287),
(298),
(299),
(302),
(309),
(310),
(313),
(350),
(354),
(360),
(362),
(368),
(373),
(374),
(376),
(383),
(392),
(393),
(394),
(398),
(399),
(400),
(404),
(408),
(411),
(413),
(414),
(417),
(418),
(419),
(420),
(421),
(422),
(430),
(437),
(444),
(446),
(455),
(473),
(479),
(483),
(485),
(486),
(489),
(490),
(491),
(492),
(499),
(500),
(502),
(503),
(505),
(506),
(507),
(508),
(509),
(512),
(521),
(526),
(527),
(533),
(536),
(539),
(547),
(556),
(568),
(570),
(591),
(594),
(595),
(602),
(607),
(608),
(609),
(611),
(617),
(618),
(619),
(625),
(635),
(637),
(639),
(640),
(650),
(651),
(654),
(655),
(656),
(659),
(667),
(669),
(671),
(678),
(679),
(684),
(696),
(699),
(700),
(707),
(708),
(717),
(730),
(739),
(740),
(745),
(750),
(754),
(763),
(764),
(771),
(772),
(773),
(774),
(786),
(788),
(789),
(793),
(795),
(798),
(803),
(806),
(815),
(820),
(827),
(834),
(847),
(848),
(849),
(850),
(851),
(853),
(854),
(855),
(868),
(870),
(871),
(878),
(879),
(888),
(904),
(905),
(906),
(914),
(924),
(925),
(931),
(933),
(938),
(939),
(949),
(954),
(960),
(962),
(965),
(969),
(973),
(974),
(978),
(979),
(984),
(985),
(991),
(994),
(995),
(996),
(1005),
(1006),
(1014),
(1017),
(1019),
(1028),
(1031),
(1033),
(1034),
(1035),
(1038),
(1042),
(1043),
(1066),
(1081),
(1082),
(1093),
(1094),
(1103),
(1115),
(1120),
(1121),
(1122),
(1130),
(1132),
(1138),
(1147),
(1148),
(1152),
(1153),
(1164),
(1165),
(1168),
(1169),
(1177),
(1181),
(1190),
(1199),
(1202),
(1216),
(1231),
(1232),
(1238),
(1241),
(1248),
(1251),
(1252),
(1256),
(1264),
(1265),
(1273),
(1289),
(1295),
(1303),
(1313),
(1320),
(1331),
(1337),
(1346),
(1362),
(1387),
(1392),
(1395),
(1396),
(1407),
(1431),
(1434),
(1443),
(1450),
(1452),
(1453),
(1455),
(1464),
(1477),
(1478),
(1479),
(1480),
(1482),
(1483),
(1487),
(1488),
(1494),
(1498),
(1501),
(1512),
(1515),
(1527),
(1534),
(1535),
(1536),
(1545),
(1548),
(1566),
(1573),
(1578),
(1588),
(1599),
(1600),
(1604),
(1605),
(1616),
(1625),
(1630),
(1643),
(1647),
(1649),
(1656),
(1668),
(1669),
(1670),
(1675),
(1707),
(1712),
(1725),
(1733),
(1738),
(1760),
(1785),
(1789),
(1791),
(1794),
(1795),
(1800),
(1804),
(1811),
(1817),
(1827),
(1828),
(1836),
(1848),
(1853),
(1864),
(1865),
(1870),
(1871),
(1875),
(1897),
(1907),
(1910),
(1917),
(1920),
(1930),
(1934),
(1936),
(1941),
(1944),
(1981),
(1983),
(1988),
(1990),
(1997),
(1998),
(1999),
(2000),
(2007),
(2034),
(2048),
(2087),
(2088),
(2089),
(2090),
(2095),
(2098),
(2101),
(2108),
(2110),
(2121),
(2128),
(2134),
(2141),
(2150),
(2169),
(2170),
(2179),
(2183),
(2191),
(2197),
(2255),
(2260),
(2273),
(2276),
(2281),
(2310),
(2319),
(2327),
(2333),
(2361),
(2364),
(2370),
(2383),
(2402),
(2436),
(2468),
(2511),
(2512),
(2557),
(2585),
(2728);

-- --------------------------------------------------------

--
-- Table structure for table 'person'
--

CREATE TABLE person (
  id integer NOT NULL,
  "name" varchar(22) DEFAULT NULL,
  email varchar(41) DEFAULT NULL,
  PRIMARY KEY (id)
) ;

--
-- Dumping data for table 'person'
--

INSERT INTO person (id, "name", email) VALUES
(0, 'Avigdor Puglia', 'Avigdor.Puglia@secretresearch.tld'),
(2, 'Sudehna Sotomayor', 'Sudehna.Sotomayor@secretresearch.tld'),
(5, 'Iravati Pizzolato', 'Iravati.Pizzolato@secretresearch.tld'),
(13, 'Nikkylia Foutz', 'Nikkylia.Foutz@secretresearch.tld'),
(17, 'Cathy Phebus', 'Cathy.Phebus@secretresearch.tld'),
(19, 'Jenna Ovit', 'Jenna.Ovit@secretresearch.tld'),
(20, 'Erechtheus Muschick', 'Erechtheus.Muschick@secretresearch.tld'),
(21, 'Coch Foulger', 'Coch.Foulger@secretresearch.tld'),
(23, 'Marulia Bondura', 'Marulia.Bondura@secretresearch.tld'),
(27, 'Jedrek Beutnagel', 'Jedrek.Beutnagel@secretresearch.tld'),
(28, 'Zufar Pestoni', 'Zufar.Pestoni@secretresearch.tld'),
(29, 'Edmonda Ditullio', 'Edmonda.Ditullio@secretresearch.tld'),
(30, 'Sam Mattheis', 'Sam.Mattheis@secretresearch.tld'),
(31, 'Zarek Laasaga', 'Zarek.Laasaga@secretresearch.tld'),
(35, 'Anissa Sciarretta', 'Anissa.Sciarretta@secretresearch.tld'),
(36, 'Salamon Julien', 'Salamon.Julien@secretresearch.tld'),
(38, 'Yae Timblin', 'Yae.Timblin@secretresearch.tld'),
(39, 'Nolan Brownle', 'Nolan.Brownle@secretresearch.tld'),
(42, 'Shontaya Klitzner', 'Shontaya.Klitzner@secretresearch.tld'),
(45, 'Maureo Benedict', 'Maureo.Benedict@secretresearch.tld'),
(46, 'Taaliba Debrita', 'Taaliba.Debrita@secretresearch.tld'),
(47, 'Lene Vosquez', 'Lene.Vosquez@secretresearch.tld'),
(48, 'Dmitreeva Ellsbury', 'Dmitreeva.Ellsbury@secretresearch.tld'),
(50, 'Jamaall Rohen', 'Jamaall.Rohen@secretresearch.tld'),
(51, 'Friede Malcolm', 'Friede.Malcolm@secretresearch.tld'),
(53, 'Zumruda Fishman', 'Zumruda.Fishman@secretresearch.tld'),
(54, 'Krosa Kuney', 'Krosa.Kuney@secretresearch.tld'),
(57, 'Hasnaa Sietsema', 'Hasnaa.Sietsema@secretresearch.tld'),
(63, 'Makhna Stabile', 'Makhna.Stabile@secretresearch.tld'),
(64, 'Clivia Kuriger', 'Clivia.Kuriger@secretresearch.tld'),
(66, 'Lecia Baumeister', 'Lecia.Baumeister@secretresearch.tld'),
(67, 'Riddhi Colesar', 'Riddhi.Colesar@secretresearch.tld'),
(69, 'Rita Savery', 'Rita.Savery@secretresearch.tld'),
(71, 'Terao Asley', 'Terao.Asley@secretresearch.tld'),
(82, 'Baptist Schubert', 'Baptist.Schubert@secretresearch.tld'),
(83, 'Kea Croshaw', 'Kea.Croshaw@secretresearch.tld'),
(84, 'Ashakiran Bingley', 'Ashakiran.Bingley@secretresearch.tld'),
(86, 'Virgilio Englander', 'Virgilio.Englander@secretresearch.tld'),
(88, 'Johanna Buttross', 'Johanna.Buttross@secretresearch.tld'),
(90, 'Doug Fedak', 'Doug.Fedak@secretresearch.tld'),
(91, 'Gebert Kercher', 'Gebert.Kercher@secretresearch.tld'),
(92, 'Takuji Gangluff', 'Takuji.Gangluff@secretresearch.tld'),
(93, 'Naadiya Maslyn', 'Naadiya.Maslyn@secretresearch.tld'),
(96, 'Amir Conkling', 'Amir.Conkling@secretresearch.tld'),
(99, 'Katryn Volmer', 'Katryn.Volmer@secretresearch.tld'),
(101, 'Oles Sumaran', 'Oles.Sumaran@secretresearch.tld'),
(104, 'Annika Forson', 'Annika.Forson@secretresearch.tld'),
(107, 'Saalim Velasquez', 'Saalim.Velasquez@secretresearch.tld'),
(110, 'Adriaan Belter', 'Adriaan.Belter@secretresearch.tld'),
(111, 'Gayle Wingrove', 'Gayle.Wingrove@secretresearch.tld'),
(112, 'Vladlena Tlumacki', 'Vladlena.Tlumacki@secretresearch.tld'),
(113, 'Husain Coaxum', 'Husain.Coaxum@secretresearch.tld'),
(115, 'Vongfong Sowells', 'Vongfong.Sowells@secretresearch.tld'),
(116, 'Michinori Jerko', 'Michinori.Jerko@secretresearch.tld'),
(118, 'AnnCathrin Axel', 'AnnCathrin.Axel@secretresearch.tld'),
(119, 'Amos Mackay', 'Amos.Mackay@secretresearch.tld'),
(121, 'Chiona Holstine', 'Chiona.Holstine@secretresearch.tld'),
(123, 'Larry Espejel', 'Larry.Espejel@secretresearch.tld'),
(126, 'Tetsui Zekria', 'Tetsui.Zekria@secretresearch.tld'),
(128, 'Erichthonius Grulkey', 'Erichthonius.Grulkey@secretresearch.tld'),
(129, 'Luca Dolbin', 'Luca.Dolbin@secretresearch.tld'),
(130, 'Takuboku Aicklen', 'Takuboku.Aicklen@secretresearch.tld'),
(131, 'Lishka Turton', 'Lishka.Turton@secretresearch.tld'),
(135, 'Candis Barefield', 'Candis.Barefield@secretresearch.tld'),
(137, 'Toshiro Serey', 'Toshiro.Serey@secretresearch.tld'),
(139, 'Karita Sukovich', 'Karita.Sukovich@secretresearch.tld'),
(141, 'Flora Aveni', 'Flora.Aveni@secretresearch.tld'),
(143, 'Matysh Segobia', 'Matysh.Segobia@secretresearch.tld'),
(144, 'Lex Hoven', 'Lex.Hoven@secretresearch.tld'),
(146, 'Hadrian Homesley', 'Hadrian.Homesley@secretresearch.tld'),
(147, 'Afyia Gines', 'Afyia.Gines@secretresearch.tld'),
(149, 'Rosaline Musch', 'Rosaline.Musch@secretresearch.tld'),
(153, 'Lovell Nenni', 'Lovell.Nenni@secretresearch.tld'),
(154, 'Clmence Diop', 'Clmence.Diop@secretresearch.tld'),
(155, 'Blair Cappucci', 'Blair.Cappucci@secretresearch.tld'),
(157, 'Mayumi Vaneaton', 'Mayumi.Vaneaton@secretresearch.tld'),
(158, 'Trillare Stukel', 'Trillare.Stukel@secretresearch.tld'),
(161, 'Oleka Tommasino', 'Oleka.Tommasino@secretresearch.tld'),
(169, 'Janile Arne', 'Janile.Arne@secretresearch.tld'),
(171, 'Mitsu Kerbs', 'Mitsu.Kerbs@secretresearch.tld'),
(174, 'Ephrem Ruddle', 'Ephrem.Ruddle@secretresearch.tld'),
(176, 'Shoichi Mathey', 'Shoichi.Mathey@secretresearch.tld'),
(177, 'Aristomnis Dauber', 'Aristomnis.Dauber@secretresearch.tld'),
(179, 'Nia Drakes', 'Nia.Drakes@secretresearch.tld'),
(180, 'Hilmiyya Pagon', 'Hilmiyya.Pagon@secretresearch.tld'),
(182, 'LeVaughan Laity', 'LeVaughan.Laity@secretresearch.tld'),
(184, 'Araceli Ertel', 'Araceli.Ertel@secretresearch.tld'),
(186, 'Toyoshige Annen', 'Toyoshige.Annen@secretresearch.tld'),
(189, 'Mitsuo Neff', 'Mitsuo.Neff@secretresearch.tld'),
(193, 'Ursuel Eskind', 'Ursuel.Eskind@secretresearch.tld'),
(195, 'Egor Braue', 'Egor.Braue@secretresearch.tld'),
(196, 'Kazushige Goeppner', 'Kazushige.Goeppner@secretresearch.tld'),
(197, 'Radosha Ferioli', 'Radosha.Ferioli@secretresearch.tld'),
(199, 'Claudios Lemmert', 'Claudios.Lemmert@secretresearch.tld'),
(200, 'Britney Gong', 'Britney.Gong@secretresearch.tld'),
(201, 'Taariq Cariaso', 'Taariq.Cariaso@secretresearch.tld'),
(203, 'Katlina Furth', 'Katlina.Furth@secretresearch.tld'),
(205, 'Melvina Grant', 'Melvina.Grant@secretresearch.tld'),
(209, 'Clarine Waynick', 'Clarine.Waynick@secretresearch.tld'),
(212, 'Josianne Gopen', 'Josianne.Gopen@secretresearch.tld'),
(213, 'Cursetta Isa', 'Cursetta.Isa@secretresearch.tld'),
(214, 'Ashlie Barnak', 'Ashlie.Barnak@secretresearch.tld'),
(215, 'Yahya Kulacz', 'Yahya.Kulacz@secretresearch.tld'),
(217, 'Eshita Whitby', 'Eshita.Whitby@secretresearch.tld'),
(225, 'Mimi Stremmel', 'Mimi.Stremmel@secretresearch.tld'),
(226, 'PavIpv Howick', 'PavIpv.Howick@secretresearch.tld'),
(227, 'Sho Stechlinski', 'Sho.Stechlinski@secretresearch.tld'),
(228, 'Amora Ockmond', 'Amora.Ockmond@secretresearch.tld'),
(237, 'Perpetua Leyva', 'Perpetua.Leyva@secretresearch.tld'),
(238, 'Fabiana Demase', 'Fabiana.Demase@secretresearch.tld'),
(245, 'Tracy Dupay', 'Tracy.Dupay@secretresearch.tld'),
(248, 'Ciara Monroig', 'Ciara.Monroig@secretresearch.tld'),
(257, 'Rintaro Axson', 'Rintaro.Axson@secretresearch.tld'),
(259, 'Chekhina Binkowski', 'Chekhina.Binkowski@secretresearch.tld'),
(260, 'Aldona Sichel', 'Aldona.Sichel@secretresearch.tld'),
(261, 'Zaghlool Bigwood', 'Zaghlool.Bigwood@secretresearch.tld'),
(262, 'Vasin Marallo', 'Vasin.Marallo@secretresearch.tld'),
(270, 'nthimos Heskett', 'nthimos.Heskett@secretresearch.tld'),
(271, 'Paloma Schnall', 'Paloma.Schnall@secretresearch.tld'),
(272, 'Shandee Finnicum', 'Shandee.Finnicum@secretresearch.tld'),
(273, 'Yoyon Lecroy', 'Yoyon.Lecroy@secretresearch.tld'),
(275, 'Gianna Lomascolo', 'Gianna.Lomascolo@secretresearch.tld'),
(277, 'Tienne Segraves', 'Tienne.Segraves@secretresearch.tld'),
(279, 'Jace Ruotolo', 'Jace.Ruotolo@secretresearch.tld'),
(281, 'Goring Francour', 'Goring.Francour@secretresearch.tld'),
(286, 'Nicolette Holle', 'Nicolette.Holle@secretresearch.tld'),
(288, 'Nockten Outhier', 'Nockten.Outhier@secretresearch.tld'),
(289, 'Muneeb Borkoski', 'Muneeb.Borkoski@secretresearch.tld'),
(290, 'Chey Prinzing', 'Chey.Prinzing@secretresearch.tld'),
(291, 'Carolann Lackland', 'Carolann.Lackland@secretresearch.tld'),
(294, 'Takuma Moncur', 'Takuma.Moncur@secretresearch.tld'),
(295, 'Brandy Beaudoin', 'Brandy.Beaudoin@secretresearch.tld'),
(301, 'Tashiya Marrable', 'Tashiya.Marrable@secretresearch.tld'),
(303, 'Faustine Agriesti', 'Faustine.Agriesti@secretresearch.tld'),
(304, 'Gyes Pandy', 'Gyes.Pandy@secretresearch.tld'),
(305, 'Nyusha Karns', 'Nyusha.Karns@secretresearch.tld'),
(306, 'Diomedes Raisley', 'Diomedes.Raisley@secretresearch.tld'),
(308, 'Jared Torgersen', 'Jared.Torgersen@secretresearch.tld'),
(311, 'Marion Verdi', 'Marion.Verdi@secretresearch.tld'),
(315, 'Alissa Woodridge', 'Alissa.Woodridge@secretresearch.tld'),
(316, 'Bibiane Eddens', 'Bibiane.Eddens@secretresearch.tld'),
(317, 'Sabina Conde', 'Sabina.Conde@secretresearch.tld'),
(319, 'YolandaAbigail Insogna', 'YolandaAbigail.Insogna@secretresearch.tld'),
(320, 'Alika Odgen', 'Alika.Odgen@secretresearch.tld'),
(321, 'Unkei Whitfield', 'Unkei.Whitfield@secretresearch.tld'),
(322, 'Gulielma Arce', 'Gulielma.Arce@secretresearch.tld'),
(323, 'Nawwaara Roary', 'Nawwaara.Roary@secretresearch.tld'),
(324, 'Vincenzio Compos', 'Vincenzio.Compos@secretresearch.tld'),
(325, 'Elodie Hershelman', 'Elodie.Hershelman@secretresearch.tld'),
(326, 'Strezislava Weingard', 'Strezislava.Weingard@secretresearch.tld'),
(327, 'Erbin Quimet', 'Erbin.Quimet@secretresearch.tld'),
(328, 'Koko Borgstrom', 'Koko.Borgstrom@secretresearch.tld'),
(329, 'Honami Docherty', 'Honami.Docherty@secretresearch.tld'),
(330, 'LaVerne Musgrave', 'LaVerne.Musgrave@secretresearch.tld'),
(331, 'Rufio Guitard', 'Rufio.Guitard@secretresearch.tld'),
(332, 'Ignatius Beausoleil', 'Ignatius.Beausoleil@secretresearch.tld'),
(333, 'Haruhiko Tindell', 'Haruhiko.Tindell@secretresearch.tld'),
(334, 'Petros Josefy', 'Petros.Josefy@secretresearch.tld'),
(335, 'Loremarie Zissler', 'Loremarie.Zissler@secretresearch.tld'),
(336, 'Marira Igler', 'Marira.Igler@secretresearch.tld'),
(337, 'Tarrant Alsbrooks', 'Tarrant.Alsbrooks@secretresearch.tld'),
(338, 'Cipriana Wadzinski', 'Cipriana.Wadzinski@secretresearch.tld'),
(339, 'Heidelinde Kosse', 'Heidelinde.Kosse@secretresearch.tld'),
(340, 'Rayyana Scollan', 'Rayyana.Scollan@secretresearch.tld'),
(341, 'Kallie Bednarek', 'Kallie.Bednarek@secretresearch.tld'),
(342, 'Analeigh Sebring', 'Analeigh.Sebring@secretresearch.tld'),
(343, 'AbdulRauf Strothman', 'AbdulRauf.Strothman@secretresearch.tld'),
(344, 'Justino Bedenfield', 'Justino.Bedenfield@secretresearch.tld'),
(345, 'Okichi Spradlin', 'Okichi.Spradlin@secretresearch.tld'),
(346, 'Martino Nommay', 'Martino.Nommay@secretresearch.tld'),
(347, 'Junichi Hagele', 'Junichi.Hagele@secretresearch.tld'),
(348, 'Dodie Tedford', 'Dodie.Tedford@secretresearch.tld'),
(349, 'Philoctetes Macmahon', 'Philoctetes.Macmahon@secretresearch.tld'),
(352, 'Uliana Fanning', 'Uliana.Fanning@secretresearch.tld'),
(353, 'Talicia Korsen', 'Talicia.Korsen@secretresearch.tld'),
(355, 'Vashan Flener', 'Vashan.Flener@secretresearch.tld'),
(357, 'Denes Wahlert', 'Denes.Wahlert@secretresearch.tld'),
(358, 'Teodora Rumney', 'Teodora.Rumney@secretresearch.tld'),
(359, 'Lauranne Brwon', 'Lauranne.Brwon@secretresearch.tld'),
(365, 'Taunya Staller', 'Taunya.Staller@secretresearch.tld'),
(366, 'Manu Geyman', 'Manu.Geyman@secretresearch.tld'),
(371, 'Jonam Steinle', 'Jonam.Steinle@secretresearch.tld'),
(372, 'Marna Crookshanks', 'Marna.Crookshanks@secretresearch.tld'),
(380, 'Gota Dorff', 'Gota.Dorff@secretresearch.tld'),
(382, 'Jaen Kerechanko', 'Jaen.Kerechanko@secretresearch.tld'),
(384, 'Evdxios Fageraes', 'Evdxios.Fageraes@secretresearch.tld'),
(385, 'Vicenta Hemingway', 'Vicenta.Hemingway@secretresearch.tld'),
(387, 'Laurena Rednour', 'Laurena.Rednour@secretresearch.tld'),
(388, 'Emiko Root', 'Emiko.Root@secretresearch.tld'),
(396, 'Matro Newell', 'Matro.Newell@secretresearch.tld'),
(401, 'Yoshino Mohomed', 'Yoshino.Mohomed@secretresearch.tld'),
(403, 'Jeanine Garoner', 'Jeanine.Garoner@secretresearch.tld'),
(405, 'Kiraanna Scherping', 'Kiraanna.Scherping@secretresearch.tld'),
(407, 'Carevel Tardif', 'Carevel.Tardif@secretresearch.tld'),
(409, 'Francesco Spelts', 'Francesco.Spelts@secretresearch.tld'),
(412, 'Eskil Littledave', 'Eskil.Littledave@secretresearch.tld'),
(427, 'Mamika Blakstad', 'Mamika.Blakstad@secretresearch.tld'),
(429, 'Cenon Colon', 'Cenon.Colon@secretresearch.tld'),
(432, 'Annnees Kain', 'Annnees.Kain@secretresearch.tld'),
(433, 'Dinora Beza', 'Dinora.Beza@secretresearch.tld'),
(434, 'Layla Garnow', 'Layla.Garnow@secretresearch.tld'),
(435, 'Inez Meeroff', 'Inez.Meeroff@secretresearch.tld'),
(440, 'Katyushka Gabriele', 'Katyushka.Gabriele@secretresearch.tld'),
(442, 'Chebi Selking', 'Chebi.Selking@secretresearch.tld'),
(443, 'Naazil Buchannan', 'Naazil.Buchannan@secretresearch.tld'),
(445, 'Malcolm Voelz', 'Malcolm.Voelz@secretresearch.tld'),
(449, 'Lottchen Pillitteri', 'Lottchen.Pillitteri@secretresearch.tld'),
(450, 'Erminia Damrell', 'Erminia.Damrell@secretresearch.tld'),
(451, 'Agamemnon Bouras', 'Agamemnon.Bouras@secretresearch.tld'),
(454, 'Andromeda Arvez', 'Andromeda.Arvez@secretresearch.tld'),
(457, 'Leonel Meche', 'Leonel.Meche@secretresearch.tld'),
(458, 'Roslava Ranum', 'Roslava.Ranum@secretresearch.tld'),
(459, 'Jake Bober', 'Jake.Bober@secretresearch.tld'),
(460, 'Bernharda Riese', 'Bernharda.Riese@secretresearch.tld'),
(462, 'Ludovica Diekmann', 'Ludovica.Diekmann@secretresearch.tld'),
(464, 'Loris Elder', 'Loris.Elder@secretresearch.tld'),
(466, 'Latrice Ghrist', 'Latrice.Ghrist@secretresearch.tld'),
(468, 'Vernon Niemela', 'Vernon.Niemela@secretresearch.tld'),
(470, 'Lonce Jiron', 'Lonce.Jiron@secretresearch.tld'),
(471, 'Lucita Macrina', 'Lucita.Macrina@secretresearch.tld'),
(476, 'Adela Westcote', 'Adela.Westcote@secretresearch.tld'),
(477, 'Dietmute Lunn', 'Dietmute.Lunn@secretresearch.tld'),
(482, 'Kent Taurino', 'Kent.Taurino@secretresearch.tld'),
(488, 'AbdulWaahid Cornacchio', 'AbdulWaahid.Cornacchio@secretresearch.tld'),
(495, 'Shantese Toyota', 'Shantese.Toyota@secretresearch.tld'),
(497, 'Blanca Ursery', 'Blanca.Ursery@secretresearch.tld'),
(504, 'Doppo Kieser', 'Doppo.Kieser@secretresearch.tld'),
(514, 'Hamsa Hielscher', 'Hamsa.Hielscher@secretresearch.tld'),
(516, 'Crysta Mateen', 'Crysta.Mateen@secretresearch.tld'),
(519, 'Tokimune Davanzo', 'Tokimune.Davanzo@secretresearch.tld'),
(520, 'Angel Delcarmen', 'Angel.Delcarmen@secretresearch.tld'),
(524, 'Dine Hazzard', 'Dine.Hazzard@secretresearch.tld'),
(529, 'Elan Malloch', 'Elan.Malloch@secretresearch.tld'),
(535, 'Juthe Bentson', 'Juthe.Bentson@secretresearch.tld'),
(537, 'Julius Aluarez', 'Julius.Aluarez@secretresearch.tld'),
(541, 'Sanya Parma', 'Sanya.Parma@secretresearch.tld'),
(544, 'Gualtiero Hemken', 'Gualtiero.Hemken@secretresearch.tld'),
(545, 'Elea Kossak', 'Elea.Kossak@secretresearch.tld'),
(549, 'GopiGopika Chaisty', 'GopiGopika.Chaisty@secretresearch.tld'),
(551, 'Shadhaa Gomillion', 'Shadhaa.Gomillion@secretresearch.tld'),
(552, 'Hieronim Mccaig', 'Hieronim.Mccaig@secretresearch.tld'),
(555, 'Lanzo Buseck', 'Lanzo.Buseck@secretresearch.tld'),
(557, 'Solange Alson', 'Solange.Alson@secretresearch.tld'),
(558, 'Diana Gulbranson', 'Diana.Gulbranson@secretresearch.tld'),
(560, 'Barsha Murrain', 'Barsha.Murrain@secretresearch.tld'),
(561, 'Sadayoshi Englemann', 'Sadayoshi.Englemann@secretresearch.tld'),
(566, 'Elvera Zito', 'Elvera.Zito@secretresearch.tld'),
(567, 'Kara Shuttlesworth', 'Kara.Shuttlesworth@secretresearch.tld'),
(571, 'Masakazu Lisko', 'Masakazu.Lisko@secretresearch.tld'),
(572, 'Sebastiano Lockyer', 'Sebastiano.Lockyer@secretresearch.tld'),
(577, 'Mstislava Touby', 'Mstislava.Touby@secretresearch.tld'),
(581, 'Honey Eidinger', 'Honey.Eidinger@secretresearch.tld'),
(584, 'Iasion Kirt', 'Iasion.Kirt@secretresearch.tld'),
(585, 'Takako Nordine', 'Takako.Nordine@secretresearch.tld'),
(587, 'Masafumi Gipson', 'Masafumi.Gipson@secretresearch.tld'),
(589, 'Meena Riegel', 'Meena.Riegel@secretresearch.tld'),
(592, 'Faatin Bonn', 'Faatin.Bonn@secretresearch.tld'),
(597, 'Liska Lambourne', 'Liska.Lambourne@secretresearch.tld'),
(600, 'Toku Synowiec', 'Toku.Synowiec@secretresearch.tld'),
(604, 'Gisela Coric', 'Gisela.Coric@secretresearch.tld'),
(605, 'Melitina Alviar', 'Melitina.Alviar@secretresearch.tld'),
(606, 'Briga Lyman', 'Briga.Lyman@secretresearch.tld'),
(615, 'Vedetta Pilkins', 'Vedetta.Pilkins@secretresearch.tld'),
(620, 'Natasia Sliter', 'Natasia.Sliter@secretresearch.tld'),
(622, 'Winand Poulton', 'Winand.Poulton@secretresearch.tld'),
(623, 'Baucis Campese', 'Baucis.Campese@secretresearch.tld'),
(626, 'Aetos Bitar', 'Aetos.Bitar@secretresearch.tld'),
(627, 'Hellmut Tousant', 'Hellmut.Tousant@secretresearch.tld'),
(628, 'Govannon Starwalt', 'Govannon.Starwalt@secretresearch.tld'),
(629, 'Terza Jaremka', 'Terza.Jaremka@secretresearch.tld'),
(632, 'Llyn Hardge', 'Llyn.Hardge@secretresearch.tld'),
(633, 'Nisus Coby', 'Nisus.Coby@secretresearch.tld'),
(641, 'Taurino Lizarda', 'Taurino.Lizarda@secretresearch.tld'),
(642, 'Eytan Dirth', 'Eytan.Dirth@secretresearch.tld'),
(644, 'Livia Colosimo', 'Livia.Colosimo@secretresearch.tld'),
(645, 'Bahar Banter', 'Bahar.Banter@secretresearch.tld'),
(647, 'Ehud Bazzle', 'Ehud.Bazzle@secretresearch.tld'),
(652, 'Lakyta Soltis', 'Lakyta.Soltis@secretresearch.tld'),
(660, 'Dell Kosel', 'Dell.Kosel@secretresearch.tld'),
(661, 'Edmondo Rommelfanger', 'Edmondo.Rommelfanger@secretresearch.tld'),
(663, 'Fahroni Anglea', 'Fahroni.Anglea@secretresearch.tld'),
(664, 'Korechika Mamer', 'Korechika.Mamer@secretresearch.tld'),
(666, 'Pechta Ok', 'Pechta.Ok@secretresearch.tld'),
(673, 'Jazmine Susman', 'Jazmine.Susman@secretresearch.tld'),
(674, 'Editta Servoss', 'Editta.Servoss@secretresearch.tld'),
(675, 'Latoya Lovato', 'Latoya.Lovato@secretresearch.tld'),
(676, 'Fanaila Torain', 'Fanaila.Torain@secretresearch.tld'),
(681, 'Dewayne Buttermore', 'Dewayne.Buttermore@secretresearch.tld'),
(682, 'Elli Asner', 'Elli.Asner@secretresearch.tld'),
(686, 'Gulika Alipio', 'Gulika.Alipio@secretresearch.tld'),
(688, 'Fame Clarey', 'Fame.Clarey@secretresearch.tld'),
(689, 'Safiyya Letchaw', 'Safiyya.Letchaw@secretresearch.tld'),
(691, 'Luzinde Krabbe', 'Luzinde.Krabbe@secretresearch.tld'),
(693, 'Cc Arroyos', 'Cc.Arroyos@secretresearch.tld'),
(694, 'Miranda Leinen', 'Miranda.Leinen@secretresearch.tld'),
(697, 'Dhaki Etchinson', 'Dhaki.Etchinson@secretresearch.tld'),
(701, 'Andrew Coplen', 'Andrew.Coplen@secretresearch.tld'),
(702, 'Chesell Vatter', 'Chesell.Vatter@secretresearch.tld'),
(706, 'Vilena Orillion', 'Vilena.Orillion@secretresearch.tld'),
(710, 'Kumi Belidor', 'Kumi.Belidor@secretresearch.tld'),
(711, 'Teana Stallworth', 'Teana.Stallworth@secretresearch.tld'),
(712, 'Gwalchmei Halbert', 'Gwalchmei.Halbert@secretresearch.tld'),
(713, 'Stacie Ciesielski', 'Stacie.Ciesielski@secretresearch.tld'),
(715, 'Cecily Pazik', 'Cecily.Pazik@secretresearch.tld'),
(719, 'Sigurd Mahli', 'Sigurd.Mahli@secretresearch.tld'),
(720, 'Antares Rancourt', 'Antares.Rancourt@secretresearch.tld'),
(721, 'Aida Appelt', 'Aida.Appelt@secretresearch.tld'),
(723, 'Tekla Gallerani', 'Tekla.Gallerani@secretresearch.tld'),
(725, 'Jaime Hasencamp', 'Jaime.Hasencamp@secretresearch.tld'),
(727, 'Cleveland Navarez', 'Cleveland.Navarez@secretresearch.tld'),
(729, 'Adolfa Leuthauser', 'Adolfa.Leuthauser@secretresearch.tld'),
(731, 'Enar Nordlinger', 'Enar.Nordlinger@secretresearch.tld'),
(733, 'Madelynn Hoehn', 'Madelynn.Hoehn@secretresearch.tld'),
(734, 'Auring Phanord', 'Auring.Phanord@secretresearch.tld'),
(735, 'Varun Fissori', 'Varun.Fissori@secretresearch.tld'),
(738, 'Valter Soldner', 'Valter.Soldner@secretresearch.tld'),
(743, 'Helene Nik', 'Helene.Nik@secretresearch.tld'),
(746, 'Ricky Wyss', 'Ricky.Wyss@secretresearch.tld'),
(747, 'Korotsek Baltzell', 'Korotsek.Baltzell@secretresearch.tld'),
(749, 'Fedyenka Terrasi', 'Fedyenka.Terrasi@secretresearch.tld'),
(753, 'Mikolas Sirman', 'Mikolas.Sirman@secretresearch.tld'),
(755, 'Glafira Geng', 'Glafira.Geng@secretresearch.tld'),
(756, 'Muni Mccuiston', 'Muni.Mccuiston@secretresearch.tld'),
(757, 'Jamuna Orts', 'Jamuna.Orts@secretresearch.tld'),
(759, 'NewyddIlyn Borchers', 'NewyddIlyn.Borchers@secretresearch.tld'),
(761, 'Houke Luthe', 'Houke.Luthe@secretresearch.tld'),
(766, 'Sonechka Matye', 'Sonechka.Matye@secretresearch.tld'),
(767, 'Sakeen Kotheimer', 'Sakeen.Kotheimer@secretresearch.tld'),
(768, 'Nakamaro Zinkievich', 'Nakamaro.Zinkievich@secretresearch.tld'),
(770, 'Castalia Ryser', 'Castalia.Ryser@secretresearch.tld'),
(775, 'Nazarova Abundis', 'Nazarova.Abundis@secretresearch.tld'),
(777, 'Jamie Berrie', 'Jamie.Berrie@secretresearch.tld'),
(778, 'Michizane Krips', 'Michizane.Krips@secretresearch.tld'),
(782, 'Dorinda Cuchiara', 'Dorinda.Cuchiara@secretresearch.tld'),
(784, 'Tramaine Scruton', 'Tramaine.Scruton@secretresearch.tld'),
(785, 'Inocente Arntzen', 'Inocente.Arntzen@secretresearch.tld'),
(787, 'Caden Failing', 'Caden.Failing@secretresearch.tld'),
(791, 'Zenalisa Delisle', 'Zenalisa.Delisle@secretresearch.tld'),
(794, 'Kanan Snowdon', 'Kanan.Snowdon@secretresearch.tld'),
(797, 'Makayla Urry', 'Makayla.Urry@secretresearch.tld'),
(800, 'Bodgana Senne', 'Bodgana.Senne@secretresearch.tld'),
(801, 'Roxanne Vandezande', 'Roxanne.Vandezande@secretresearch.tld'),
(802, 'Larah Gallaga', 'Larah.Gallaga@secretresearch.tld'),
(808, 'Toyoaki Richoux', 'Toyoaki.Richoux@secretresearch.tld'),
(809, 'Korekiyo Keilholz', 'Korekiyo.Keilholz@secretresearch.tld'),
(810, 'Jermaine Mandahl', 'Jermaine.Mandahl@secretresearch.tld'),
(813, 'Dorsey Mccarroll', 'Dorsey.Mccarroll@secretresearch.tld'),
(816, 'Prospero Waner', 'Prospero.Waner@secretresearch.tld'),
(817, 'Angelica Maccarter', 'Angelica.Maccarter@secretresearch.tld'),
(819, 'Letje Donald', 'Letje.Donald@secretresearch.tld'),
(821, 'Aedd Lurye', 'Aedd.Lurye@secretresearch.tld'),
(822, 'Haimo Huesso', 'Haimo.Huesso@secretresearch.tld'),
(826, 'Kywrkh Tomaino', 'Kywrkh.Tomaino@secretresearch.tld'),
(828, 'Gwydion Gowans', 'Gwydion.Gowans@secretresearch.tld'),
(830, 'Mufeed Nwankwo', 'Mufeed.Nwankwo@secretresearch.tld'),
(833, 'Karlus Guardipee', 'Karlus.Guardipee@secretresearch.tld'),
(835, 'Adwr Liiv', 'Adwr.Liiv@secretresearch.tld'),
(836, 'Argus Bierwirth', 'Argus.Bierwirth@secretresearch.tld'),
(838, 'Ulia Kaines', 'Ulia.Kaines@secretresearch.tld'),
(839, 'Clarinda Oberg', 'Clarinda.Oberg@secretresearch.tld'),
(843, 'Casswallawn Scheiblich', 'Casswallawn.Scheiblich@secretresearch.tld'),
(844, 'Gaspara Lowell', 'Gaspara.Lowell@secretresearch.tld'),
(856, 'Emina Yeeloy', 'Emina.Yeeloy@secretresearch.tld'),
(858, 'Wendell Rolens', 'Wendell.Rolens@secretresearch.tld'),
(859, 'Lotta Francoise', 'Lotta.Francoise@secretresearch.tld'),
(863, 'Astamata Micthell', 'Astamata.Micthell@secretresearch.tld'),
(866, 'Gisselle Teigen', 'Gisselle.Teigen@secretresearch.tld'),
(874, 'Yumiko Ginther', 'Yumiko.Ginther@secretresearch.tld'),
(875, 'Teuthras Koffman', 'Teuthras.Koffman@secretresearch.tld'),
(876, 'Catharine Waltmann', 'Catharine.Waltmann@secretresearch.tld'),
(877, 'Natascha Neverson', 'Natascha.Neverson@secretresearch.tld'),
(881, 'Fernanda Hokutan', 'Fernanda.Hokutan@secretresearch.tld'),
(882, 'Gerty Tokich', 'Gerty.Tokich@secretresearch.tld'),
(883, 'Lucero Companie', 'Lucero.Companie@secretresearch.tld'),
(884, 'Benito Tam', 'Benito.Tam@secretresearch.tld'),
(886, 'Mayo Warsing', 'Mayo.Warsing@secretresearch.tld'),
(887, 'Tahlia Francisque', 'Tahlia.Francisque@secretresearch.tld'),
(891, 'Mita Schwering', 'Mita.Schwering@secretresearch.tld'),
(893, 'Janita Bolieu', 'Janita.Bolieu@secretresearch.tld'),
(895, 'Mudri Gamero', 'Mudri.Gamero@secretresearch.tld'),
(896, 'Yeva Vilardo', 'Yeva.Vilardo@secretresearch.tld'),
(898, 'Tiege Brdar', 'Tiege.Brdar@secretresearch.tld'),
(902, 'Emese Abadie', 'Emese.Abadie@secretresearch.tld'),
(907, 'Dora Brisbone', 'Dora.Brisbone@secretresearch.tld'),
(908, 'Pauline Fullagar', 'Pauline.Fullagar@secretresearch.tld'),
(909, 'Umaima Mcandrews', 'Umaima.Mcandrews@secretresearch.tld'),
(911, 'Rgine Neibert', 'Rgine.Neibert@secretresearch.tld'),
(915, 'Addison Bovio', 'Addison.Bovio@secretresearch.tld'),
(917, 'Radha Sloan', 'Radha.Sloan@secretresearch.tld'),
(919, 'Cicely Genna', 'Cicely.Genna@secretresearch.tld'),
(921, 'Swidbert Repka', 'Swidbert.Repka@secretresearch.tld'),
(923, 'Dewi Rappleyea', 'Dewi.Rappleyea@secretresearch.tld'),
(927, 'Aleksndra Roncskevitz', 'Aleksndra.Roncskevitz@secretresearch.tld'),
(928, 'Vas Dy', 'Vas.Dy@secretresearch.tld'),
(929, 'Alonza Galyan', 'Alonza.Galyan@secretresearch.tld'),
(935, 'Callista Bernstrom', 'Callista.Bernstrom@secretresearch.tld'),
(936, 'Bhavana Bartling', 'Bhavana.Bartling@secretresearch.tld'),
(937, 'Isotta Holsey', 'Isotta.Holsey@secretresearch.tld'),
(941, 'Clarice Tillberg', 'Clarice.Tillberg@secretresearch.tld'),
(942, 'Eufemia Hensen', 'Eufemia.Hensen@secretresearch.tld'),
(943, 'Godalupe Gorrell', 'Godalupe.Gorrell@secretresearch.tld'),
(944, 'Ustin Behm', 'Ustin.Behm@secretresearch.tld'),
(946, 'Lavina Brunskill', 'Lavina.Brunskill@secretresearch.tld'),
(947, 'Materia Newsum', 'Materia.Newsum@secretresearch.tld'),
(951, 'Aintzane Lurry', 'Aintzane.Lurry@secretresearch.tld'),
(956, 'AbdulHaadi Castellan', 'AbdulHaadi.Castellan@secretresearch.tld'),
(957, 'Tetsuya Deerdoff', 'Tetsuya.Deerdoff@secretresearch.tld'),
(958, 'Kynan Huckaby', 'Kynan.Huckaby@secretresearch.tld'),
(961, 'Dandrae Dorne', 'Dandrae.Dorne@secretresearch.tld'),
(964, 'Reginbald Aggas', 'Reginbald.Aggas@secretresearch.tld'),
(967, 'Zambda Cusson', 'Zambda.Cusson@secretresearch.tld'),
(971, 'Wira Majette', 'Wira.Majette@secretresearch.tld'),
(972, 'Tsumemasa Lloyd', 'Tsumemasa.Lloyd@secretresearch.tld'),
(980, 'Leanna Marxen', 'Leanna.Marxen@secretresearch.tld'),
(983, 'Kaii Bedson', 'Kaii.Bedson@secretresearch.tld'),
(986, 'Zeenab Lasane', 'Zeenab.Lasane@secretresearch.tld'),
(992, 'Elvis Rocasah', 'Elvis.Rocasah@secretresearch.tld'),
(998, 'Ekantika Bisogno', 'Ekantika.Bisogno@secretresearch.tld'),
(1000, 'Luitfriede Westmark', 'Luitfriede.Westmark@secretresearch.tld'),
(1003, 'Rosalinde Leinbach', 'Rosalinde.Leinbach@secretresearch.tld'),
(1004, 'Laiurenty Ponzi', 'Laiurenty.Ponzi@secretresearch.tld'),
(1009, 'Lillian Rehbein', 'Lillian.Rehbein@secretresearch.tld'),
(1011, 'Demetria Tramonti', 'Demetria.Tramonti@secretresearch.tld'),
(1013, 'Mawuli Weeks', 'Mawuli.Weeks@secretresearch.tld'),
(1015, 'Yurochka Hemmer', 'Yurochka.Hemmer@secretresearch.tld'),
(1018, 'Lasil Legum', 'Lasil.Legum@secretresearch.tld'),
(1020, 'Jelawat Balletta', 'Jelawat.Balletta@secretresearch.tld'),
(1021, 'Kuemon Coatie', 'Kuemon.Coatie@secretresearch.tld'),
(1025, 'Datja Carner', 'Datja.Carner@secretresearch.tld'),
(1026, 'Adamanta Schlitt', 'Adamanta.Schlitt@secretresearch.tld'),
(1029, 'Tor Fieldman', 'Tor.Fieldman@secretresearch.tld'),
(1039, 'Dashay Stclair', 'Dashay.Stclair@secretresearch.tld'),
(1044, 'Matsa Scheer', 'Matsa.Scheer@secretresearch.tld'),
(1045, 'Cant Kammerzell', 'Cant.Kammerzell@secretresearch.tld'),
(1046, 'Binodini Bircher', 'Binodini.Bircher@secretresearch.tld'),
(1047, 'Amadom Badoni', 'Amadom.Badoni@secretresearch.tld'),
(1048, 'Yachne Piersall', 'Yachne.Piersall@secretresearch.tld'),
(1049, 'Kache Reissig', 'Kache.Reissig@secretresearch.tld'),
(1050, 'Shijo Mccullon', 'Shijo.Mccullon@secretresearch.tld'),
(1051, 'Gisbert Tircuit', 'Gisbert.Tircuit@secretresearch.tld'),
(1052, 'Susan Altidor', 'Susan.Altidor@secretresearch.tld'),
(1053, 'Rosa Navor', 'Rosa.Navor@secretresearch.tld'),
(1054, 'Iarogned Trivette', 'Iarogned.Trivette@secretresearch.tld'),
(1055, 'Varuna Rakers', 'Varuna.Rakers@secretresearch.tld'),
(1056, 'Adelaide Certosimo', 'Adelaide.Certosimo@secretresearch.tld'),
(1057, 'Kaleb Eovaldi', 'Kaleb.Eovaldi@secretresearch.tld'),
(1058, 'Bruna Nervis', 'Bruna.Nervis@secretresearch.tld'),
(1059, 'Tkelah Houghtling', 'Tkelah.Houghtling@secretresearch.tld'),
(1060, 'Ludolfina Hinley', 'Ludolfina.Hinley@secretresearch.tld'),
(1061, 'Carinna Bridget', 'Carinna.Bridget@secretresearch.tld'),
(1064, 'Oscar Formica', 'Oscar.Formica@secretresearch.tld'),
(1068, 'Eldon Ulatowski', 'Eldon.Ulatowski@secretresearch.tld'),
(1069, 'Mercede Naslund', 'Mercede.Naslund@secretresearch.tld'),
(1070, 'Emong Myatt', 'Emong.Myatt@secretresearch.tld'),
(1071, 'Resaunna Swanagan', 'Resaunna.Swanagan@secretresearch.tld'),
(1073, 'Madaleno Bercier', 'Madaleno.Bercier@secretresearch.tld'),
(1076, 'Hilario Kovats', 'Hilario.Kovats@secretresearch.tld'),
(1078, 'Richika Cokeley', 'Richika.Cokeley@secretresearch.tld'),
(1084, 'Guido Genier', 'Guido.Genier@secretresearch.tld'),
(1087, 'Oryan Mirles', 'Oryan.Mirles@secretresearch.tld'),
(1089, 'Brenda Varley', 'Brenda.Varley@secretresearch.tld'),
(1092, 'AbdulGhafoor Mallie', 'AbdulGhafoor.Mallie@secretresearch.tld'),
(1098, 'Julien Triveno', 'Julien.Triveno@secretresearch.tld'),
(1101, 'Taliyah Jafari', 'Taliyah.Jafari@secretresearch.tld'),
(1102, 'Donald Ludlow', 'Donald.Ludlow@secretresearch.tld'),
(1106, 'Volotkoveia Klees', 'Volotkoveia.Klees@secretresearch.tld'),
(1108, 'Shahaama Berum', 'Shahaama.Berum@secretresearch.tld'),
(1112, 'Shaakira Ricklefs', 'Shaakira.Ricklefs@secretresearch.tld'),
(1114, 'Karyna Joyner', 'Karyna.Joyner@secretresearch.tld'),
(1123, 'Daeshona Hives', 'Daeshona.Hives@secretresearch.tld'),
(1125, 'Fedoritsa Stinner', 'Fedoritsa.Stinner@secretresearch.tld'),
(1126, 'Eryi Deppe', 'Eryi.Deppe@secretresearch.tld'),
(1129, 'Utathya Kreig', 'Utathya.Kreig@secretresearch.tld'),
(1136, 'Peadair Lann', 'Peadair.Lann@secretresearch.tld'),
(1142, 'Shaka Enget', 'Shaka.Enget@secretresearch.tld'),
(1143, 'Masazumi Chuta', 'Masazumi.Chuta@secretresearch.tld'),
(1145, 'Naasiruddeen Knotowicz', 'Naasiruddeen.Knotowicz@secretresearch.tld'),
(1156, 'Haleigh Rodell', 'Haleigh.Rodell@secretresearch.tld'),
(1158, 'Ewiniar Mouret', 'Ewiniar.Mouret@secretresearch.tld'),
(1159, 'Montrel Hadley', 'Montrel.Hadley@secretresearch.tld'),
(1160, 'Roseann Ora', 'Roseann.Ora@secretresearch.tld'),
(1166, 'Aamurie Semonick', 'Aamurie.Semonick@secretresearch.tld'),
(1171, 'Endora Seier', 'Endora.Seier@secretresearch.tld'),
(1173, 'Galyn Stobie', 'Galyn.Stobie@secretresearch.tld'),
(1174, 'Notburg Towber', 'Notburg.Towber@secretresearch.tld'),
(1179, 'Jakoba Bueche', 'Jakoba.Bueche@secretresearch.tld'),
(1180, 'Tamary Nici', 'Tamary.Nici@secretresearch.tld'),
(1186, 'Akila Terlizzi', 'Akila.Terlizzi@secretresearch.tld'),
(1188, 'Sophronia Peakes', 'Sophronia.Peakes@secretresearch.tld'),
(1191, 'Sharisha Gebhart', 'Sharisha.Gebhart@secretresearch.tld'),
(1192, 'Hoitsu Mccahill', 'Hoitsu.Mccahill@secretresearch.tld'),
(1193, 'Nana Stania', 'Nana.Stania@secretresearch.tld'),
(1194, 'Mukhtaar Grewe', 'Mukhtaar.Grewe@secretresearch.tld'),
(1196, 'Ineng Alkbsh', 'Ineng.Alkbsh@secretresearch.tld'),
(1198, 'Fedon Ryburn', 'Fedon.Ryburn@secretresearch.tld'),
(1204, 'Isha Quave', 'Isha.Quave@secretresearch.tld'),
(1209, 'Charlette Negron', 'Charlette.Negron@secretresearch.tld'),
(1213, 'Zhona Aden', 'Zhona.Aden@secretresearch.tld'),
(1214, 'Daunte Marn', 'Daunte.Marn@secretresearch.tld'),
(1217, 'Gritt Prestage', 'Gritt.Prestage@secretresearch.tld'),
(1218, 'Hita Porell', 'Hita.Porell@secretresearch.tld'),
(1219, 'Agdta Moccasin', 'Agdta.Moccasin@secretresearch.tld'),
(1220, 'Reno Garzia', 'Reno.Garzia@secretresearch.tld'),
(1223, 'Raimund Widdowson', 'Raimund.Widdowson@secretresearch.tld'),
(1225, 'Brys Robak', 'Brys.Robak@secretresearch.tld'),
(1226, 'Kai Hamara', 'Kai.Hamara@secretresearch.tld'),
(1227, 'Stve Rockwood', 'Stve.Rockwood@secretresearch.tld'),
(1228, 'Thaaqib Skender', 'Thaaqib.Skender@secretresearch.tld'),
(1235, 'Marcus Neubert', 'Marcus.Neubert@secretresearch.tld'),
(1242, 'Wouter Mowbray', 'Wouter.Mowbray@secretresearch.tld'),
(1244, 'Teriuihi Lachner', 'Teriuihi.Lachner@secretresearch.tld'),
(1245, 'Leonora Peli', 'Leonora.Peli@secretresearch.tld'),
(1249, 'Alonzo Sim', 'Alonzo.Sim@secretresearch.tld'),
(1254, 'Saraswathi Knickman', 'Saraswathi.Knickman@secretresearch.tld'),
(1255, 'Rocky Brierre', 'Rocky.Brierre@secretresearch.tld'),
(1257, 'Parma Borgese', 'Parma.Borgese@secretresearch.tld'),
(1260, 'Kaori Leasy', 'Kaori.Leasy@secretresearch.tld'),
(1262, 'Favio Mutherspaw', 'Favio.Mutherspaw@secretresearch.tld'),
(1266, 'Adrien Hoit', 'Adrien.Hoit@secretresearch.tld'),
(1267, 'Boje Ostrum', 'Boje.Ostrum@secretresearch.tld'),
(1269, 'Ladinka Ehiginator', 'Ladinka.Ehiginator@secretresearch.tld'),
(1274, 'Solymar Palisbo', 'Solymar.Palisbo@secretresearch.tld'),
(1275, 'Lashaune Lava', 'Lashaune.Lava@secretresearch.tld'),
(1276, 'Lippio Llopis', 'Lippio.Llopis@secretresearch.tld'),
(1279, 'Aracely Kuka', 'Aracely.Kuka@secretresearch.tld'),
(1282, 'Herberta Fullenwider', 'Herberta.Fullenwider@secretresearch.tld'),
(1287, 'Irmtraut Strickland', 'Irmtraut.Strickland@secretresearch.tld'),
(1293, 'Greg Weatherly', 'Greg.Weatherly@secretresearch.tld'),
(1300, 'Lilja Siwiec', 'Lilja.Siwiec@secretresearch.tld'),
(1301, 'Miles Manero', 'Miles.Manero@secretresearch.tld'),
(1302, 'Joey Yarboro', 'Joey.Yarboro@secretresearch.tld'),
(1304, 'Tekusa Houlberg', 'Tekusa.Houlberg@secretresearch.tld'),
(1305, 'Luithilde Brandolino', 'Luithilde.Brandolino@secretresearch.tld'),
(1307, 'Daris Astley', 'Daris.Astley@secretresearch.tld'),
(1310, 'Kichibei Opitz', 'Kichibei.Opitz@secretresearch.tld'),
(1312, 'Ximena Capan', 'Ximena.Capan@secretresearch.tld'),
(1315, 'Tiyah Iha', 'Tiyah.Iha@secretresearch.tld'),
(1317, 'Xiomara Plowe', 'Xiomara.Plowe@secretresearch.tld'),
(1319, 'Graud Shuker', 'Graud.Shuker@secretresearch.tld'),
(1321, 'Arvel Tindle', 'Arvel.Tindle@secretresearch.tld'),
(1322, 'Galla Arnzen', 'Galla.Arnzen@secretresearch.tld'),
(1323, 'Liviana Rickon', 'Liviana.Rickon@secretresearch.tld'),
(1325, 'Zenon Denes', 'Zenon.Denes@secretresearch.tld'),
(1329, 'Adok Galbiso', 'Adok.Galbiso@secretresearch.tld'),
(1332, 'Jedrick Relacion', 'Jedrick.Relacion@secretresearch.tld'),
(1334, 'Francoise Rioux', 'Francoise.Rioux@secretresearch.tld'),
(1335, 'Reece Raburn', 'Reece.Raburn@secretresearch.tld'),
(1339, 'Mamelfa Learned', 'Mamelfa.Learned@secretresearch.tld'),
(1343, 'Bezubaia Wiece', 'Bezubaia.Wiece@secretresearch.tld'),
(1348, 'Pasha Bevilaqua', 'Pasha.Bevilaqua@secretresearch.tld'),
(1350, 'Alberich Dougharity', 'Alberich.Dougharity@secretresearch.tld'),
(1351, 'Everardo Yidiaris', 'Everardo.Yidiaris@secretresearch.tld'),
(1352, 'Myshka Krishnamurthy', 'Myshka.Krishnamurthy@secretresearch.tld'),
(1355, 'Eber Ebinger', 'Eber.Ebinger@secretresearch.tld'),
(1356, 'Timotheos Cazaree', 'Timotheos.Cazaree@secretresearch.tld'),
(1357, 'Adeeb Drewski', 'Adeeb.Drewski@secretresearch.tld'),
(1359, 'Dwight Brauman', 'Dwight.Brauman@secretresearch.tld'),
(1360, 'Timun Silverstein', 'Timun.Silverstein@secretresearch.tld'),
(1364, 'Raisa Kollar', 'Raisa.Kollar@secretresearch.tld'),
(1366, 'Rashan Huyard', 'Rashan.Huyard@secretresearch.tld'),
(1369, 'Shaunene Libera', 'Shaunene.Libera@secretresearch.tld'),
(1370, 'Lucile Homola', 'Lucile.Homola@secretresearch.tld'),
(1376, 'Dores Hugi', 'Dores.Hugi@secretresearch.tld'),
(1378, 'JamAan Kine', 'JamAan.Kine@secretresearch.tld'),
(1380, 'Gia Stonesifer', 'Gia.Stonesifer@secretresearch.tld'),
(1382, 'Thanaa Bustos', 'Thanaa.Bustos@secretresearch.tld'),
(1390, 'Pippino Kempner', 'Pippino.Kempner@secretresearch.tld'),
(1394, 'Jurgisr Arkins', 'Jurgisr.Arkins@secretresearch.tld'),
(1397, 'Julika Smar', 'Julika.Smar@secretresearch.tld'),
(1398, 'Yoriko Boot', 'Yoriko.Boot@secretresearch.tld'),
(1402, 'Jokin Hytros', 'Jokin.Hytros@secretresearch.tld'),
(1403, 'Carson Skagen', 'Carson.Skagen@secretresearch.tld'),
(1405, 'Guiseppa Thurstonson', 'Guiseppa.Thurstonson@secretresearch.tld'),
(1409, 'Ryo Zanders', 'Ryo.Zanders@secretresearch.tld'),
(1410, 'Bussho Oda', 'Bussho.Oda@secretresearch.tld'),
(1411, 'Lucretia Ferndez', 'Lucretia.Ferndez@secretresearch.tld'),
(1412, 'Cyril Croslen', 'Cyril.Croslen@secretresearch.tld'),
(1413, 'Aonghas Pashley', 'Aonghas.Pashley@secretresearch.tld'),
(1414, 'Che Kess', 'Che.Kess@secretresearch.tld'),
(1415, 'Leopoldina Alvey', 'Leopoldina.Alvey@secretresearch.tld'),
(1416, 'Gerakna Ryneer', 'Gerakna.Ryneer@secretresearch.tld'),
(1417, 'Ora Poleyestewa', 'Ora.Poleyestewa@secretresearch.tld'),
(1418, 'Rosamar Wish', 'Rosamar.Wish@secretresearch.tld'),
(1419, 'Sibylla Reas', 'Sibylla.Reas@secretresearch.tld'),
(1420, 'Pukhleriia Fawson', 'Pukhleriia.Fawson@secretresearch.tld'),
(1425, 'Ryzard Auchmoody', 'Ryzard.Auchmoody@secretresearch.tld'),
(1427, 'Reiko Castile', 'Reiko.Castile@secretresearch.tld'),
(1429, 'Tamiko Docken', 'Tamiko.Docken@secretresearch.tld'),
(1436, 'Glikeriia Mushrush', 'Glikeriia.Mushrush@secretresearch.tld'),
(1437, 'Fullara Mohsin', 'Fullara.Mohsin@secretresearch.tld'),
(1438, 'Vasilii Crowl', 'Vasilii.Crowl@secretresearch.tld'),
(1439, 'Juri Guzik', 'Juri.Guzik@secretresearch.tld'),
(1446, 'Faith Neeld', 'Faith.Neeld@secretresearch.tld'),
(1448, 'Wicus Kastendieck', 'Wicus.Kastendieck@secretresearch.tld'),
(1458, 'Gregos Beltrain', 'Gregos.Beltrain@secretresearch.tld'),
(1459, 'Hellmuth Presley', 'Hellmuth.Presley@secretresearch.tld'),
(1462, 'Frederick Larabee', 'Frederick.Larabee@secretresearch.tld'),
(1465, 'Nathanael Better', 'Nathanael.Better@secretresearch.tld'),
(1466, 'Emely Weitzel', 'Emely.Weitzel@secretresearch.tld'),
(1467, 'Ravati Boyarsky', 'Ravati.Boyarsky@secretresearch.tld'),
(1468, 'Lorina Stangle', 'Lorina.Stangle@secretresearch.tld'),
(1472, 'Iulia Morra', 'Iulia.Morra@secretresearch.tld'),
(1473, 'ris Kotter', 'ris.Kotter@secretresearch.tld'),
(1475, 'Kim Colombe', 'Kim.Colombe@secretresearch.tld'),
(1476, 'Chantrelle Gruiger', 'Chantrelle.Gruiger@secretresearch.tld'),
(1485, 'Atsumori Bloyer', 'Atsumori.Bloyer@secretresearch.tld'),
(1493, 'Tiun Hussien', 'Tiun.Hussien@secretresearch.tld'),
(1495, 'Vesna Pirkey', 'Vesna.Pirkey@secretresearch.tld'),
(1496, 'Abhigna Furman', 'Abhigna.Furman@secretresearch.tld'),
(1502, 'Ison Wojtanowski', 'Ison.Wojtanowski@secretresearch.tld'),
(1503, 'Darian Jill', 'Darian.Jill@secretresearch.tld'),
(1505, 'Katsumoto Tarbert', 'Katsumoto.Tarbert@secretresearch.tld'),
(1507, 'Salaah Elio', 'Salaah.Elio@secretresearch.tld'),
(1517, 'Addi Rinks', 'Addi.Rinks@secretresearch.tld'),
(1518, 'Catrin Pretzel', 'Catrin.Pretzel@secretresearch.tld'),
(1519, 'Matteo Mestre', 'Matteo.Mestre@secretresearch.tld'),
(1520, 'Amalia Krajcik', 'Amalia.Krajcik@secretresearch.tld'),
(1522, 'Kyledyr Constantino', 'Kyledyr.Constantino@secretresearch.tld'),
(1524, 'Girija May', 'Girija.May@secretresearch.tld'),
(1526, 'Abdul Spicer', 'Abdul.Spicer@secretresearch.tld'),
(1528, 'Raimundo Wetklow', 'Raimundo.Wetklow@secretresearch.tld'),
(1529, 'Agislaos Lamoreaux', 'Agislaos.Lamoreaux@secretresearch.tld'),
(1530, 'Goliat Telesco', 'Goliat.Telesco@secretresearch.tld'),
(1541, 'Kerry Navarrate', 'Kerry.Navarrate@secretresearch.tld'),
(1542, 'Juro Scogin', 'Juro.Scogin@secretresearch.tld'),
(1543, 'Tera Vigen', 'Tera.Vigen@secretresearch.tld'),
(1550, 'Angha Bievenue', 'Angha.Bievenue@secretresearch.tld'),
(1553, 'Krystyn Slutsky', 'Krystyn.Slutsky@secretresearch.tld'),
(1557, 'Burkhard Hussein', 'Burkhard.Hussein@secretresearch.tld'),
(1561, 'Latasha Warens', 'Latasha.Warens@secretresearch.tld'),
(1562, 'Saeko Rachar', 'Saeko.Rachar@secretresearch.tld'),
(1565, 'Earlena Heimlicher', 'Earlena.Heimlicher@secretresearch.tld'),
(1568, 'Christophine Welke', 'Christophine.Welke@secretresearch.tld'),
(1570, 'Ingemar Cheevers', 'Ingemar.Cheevers@secretresearch.tld'),
(1580, 'Ayushmati Appelgren', 'Ayushmati.Appelgren@secretresearch.tld'),
(1581, 'Marzooqa Stuermer', 'Marzooqa.Stuermer@secretresearch.tld'),
(1582, 'Krushka Minner', 'Krushka.Minner@secretresearch.tld'),
(1583, 'Aleece Thorn', 'Aleece.Thorn@secretresearch.tld'),
(1590, 'Cornelius Dolak', 'Cornelius.Dolak@secretresearch.tld'),
(1591, 'Augusto Kempson', 'Augusto.Kempson@secretresearch.tld'),
(1593, 'Melisa Patriarco', 'Melisa.Patriarco@secretresearch.tld'),
(1594, 'Takehide Gauna', 'Takehide.Gauna@secretresearch.tld'),
(1596, 'Elzbeta Mieloszyk', 'Elzbeta.Mieloszyk@secretresearch.tld'),
(1602, 'Li Gotay', 'Li.Gotay@secretresearch.tld'),
(1603, 'Peleus Vasseur', 'Peleus.Vasseur@secretresearch.tld'),
(1611, 'Vychan Stotz', 'Vychan.Stotz@secretresearch.tld'),
(1615, 'Ebony Zieg', 'Ebony.Zieg@secretresearch.tld'),
(1618, 'Khaalida Dire', 'Khaalida.Dire@secretresearch.tld'),
(1620, 'Cherry Dolence', 'Cherry.Dolence@secretresearch.tld'),
(1624, 'Hanka Henness', 'Hanka.Henness@secretresearch.tld'),
(1629, 'Sama Beukema', 'Sama.Beukema@secretresearch.tld'),
(1632, 'Elvita Zielke', 'Elvita.Zielke@secretresearch.tld'),
(1634, 'Lloyd Stallsmith', 'Lloyd.Stallsmith@secretresearch.tld'),
(1637, 'Sela Funnye', 'Sela.Funnye@secretresearch.tld'),
(1642, 'Vasilista Hamic', 'Vasilista.Hamic@secretresearch.tld'),
(1648, 'Irminwin Milloy', 'Irminwin.Milloy@secretresearch.tld'),
(1658, 'Alessandra Kellar', 'Alessandra.Kellar@secretresearch.tld'),
(1662, 'Vassily Gassoway', 'Vassily.Gassoway@secretresearch.tld'),
(1664, 'Tanja Lockmiller', 'Tanja.Lockmiller@secretresearch.tld'),
(1666, 'Benignus Diec', 'Benignus.Diec@secretresearch.tld'),
(1672, 'Fujio Hocke', 'Fujio.Hocke@secretresearch.tld'),
(1677, 'Stone Reigner', 'Stone.Reigner@secretresearch.tld'),
(1678, 'Pyotr Giffen', 'Pyotr.Giffen@secretresearch.tld'),
(1681, 'Bowen Antunez', 'Bowen.Antunez@secretresearch.tld'),
(1683, 'Eupeithes Bevens', 'Eupeithes.Bevens@secretresearch.tld'),
(1688, 'Kaspar Reierson', 'Kaspar.Reierson@secretresearch.tld'),
(1690, 'Heraclio Haaf', 'Heraclio.Haaf@secretresearch.tld'),
(1696, 'Cadell Parral', 'Cadell.Parral@secretresearch.tld'),
(1702, 'Coireall Shelor', 'Coireall.Shelor@secretresearch.tld'),
(1705, 'Cellina Schlosser', 'Cellina.Schlosser@secretresearch.tld'),
(1709, 'Vyshia Waldall', 'Vyshia.Waldall@secretresearch.tld'),
(1711, 'Primavera Huffstickler', 'Primavera.Huffstickler@secretresearch.tld'),
(1719, 'Araminta Macumber', 'Araminta.Macumber@secretresearch.tld'),
(1720, 'Wrata Breier', 'Wrata.Breier@secretresearch.tld'),
(1726, 'Enya Coll', 'Enya.Coll@secretresearch.tld'),
(1727, 'Nene Rhea', 'Nene.Rhea@secretresearch.tld'),
(1730, 'Anzhela Venturelli', 'Anzhela.Venturelli@secretresearch.tld'),
(1734, 'Gengyo Cumbass', 'Gengyo.Cumbass@secretresearch.tld'),
(1737, 'Lone Pavese', 'Lone.Pavese@secretresearch.tld'),
(1739, 'Sasson Kniffin', 'Sasson.Kniffin@secretresearch.tld'),
(1744, 'Warona Pelligrino', 'Warona.Pelligrino@secretresearch.tld'),
(1745, 'Maysak Anetsberger', 'Maysak.Anetsberger@secretresearch.tld'),
(1748, 'Satoru Beaumont', 'Satoru.Beaumont@secretresearch.tld'),
(1750, 'Yemena Knebel', 'Yemena.Knebel@secretresearch.tld'),
(1753, 'Muna Lastovica', 'Muna.Lastovica@secretresearch.tld'),
(1758, 'Javier Hausauer', 'Javier.Hausauer@secretresearch.tld'),
(1759, 'Deucalion Panahon', 'Deucalion.Panahon@secretresearch.tld'),
(1761, 'Kobe Guttirez', 'Kobe.Guttirez@secretresearch.tld'),
(1765, 'Calida Starace', 'Calida.Starace@secretresearch.tld'),
(1767, 'Imelde Ballin', 'Imelde.Ballin@secretresearch.tld'),
(1768, 'Brasidas Hanauer', 'Brasidas.Hanauer@secretresearch.tld'),
(1773, 'Teodoro Coyt', 'Teodoro.Coyt@secretresearch.tld'),
(1775, 'Richild Brinius', 'Richild.Brinius@secretresearch.tld'),
(1781, 'Stephonjia Hetjonk', 'Stephonjia.Hetjonk@secretresearch.tld'),
(1787, 'AbdulBaasid Chilvers', 'AbdulBaasid.Chilvers@secretresearch.tld'),
(1790, 'Bia Klemme', 'Bia.Klemme@secretresearch.tld'),
(1793, 'Anandita Hymer', 'Anandita.Hymer@secretresearch.tld'),
(1797, 'Sumie Stamdifer', 'Sumie.Stamdifer@secretresearch.tld'),
(1801, 'Lucrecia Rollings', 'Lucrecia.Rollings@secretresearch.tld'),
(1803, 'Donzel Hohman', 'Donzel.Hohman@secretresearch.tld'),
(1807, 'Deniz Medler', 'Deniz.Medler@secretresearch.tld'),
(1813, 'Maksimina Pecinousky', 'Maksimina.Pecinousky@secretresearch.tld'),
(1815, 'Rei Marchio', 'Rei.Marchio@secretresearch.tld'),
(1819, 'Francisco Feighner', 'Francisco.Feighner@secretresearch.tld'),
(1821, 'Marianne Dacquel', 'Marianne.Dacquel@secretresearch.tld'),
(1829, 'Breana Scheffler', 'Breana.Scheffler@secretresearch.tld'),
(1835, 'Zaamil Mirra', 'Zaamil.Mirra@secretresearch.tld'),
(1839, 'Donatella Doxie', 'Donatella.Doxie@secretresearch.tld'),
(1843, 'Sadahige Taglialatela', 'Sadahige.Taglialatela@secretresearch.tld'),
(1852, 'Jelisaweta Ambroziak', 'Jelisaweta.Ambroziak@secretresearch.tld'),
(1854, 'Izarra Zackery', 'Izarra.Zackery@secretresearch.tld'),
(1855, 'Gerulf Githens', 'Gerulf.Githens@secretresearch.tld'),
(1862, 'Cato Himmelwright', 'Cato.Himmelwright@secretresearch.tld'),
(1867, 'Dawn Lauinger', 'Dawn.Lauinger@secretresearch.tld'),
(1868, 'Sozui Jalovel', 'Sozui.Jalovel@secretresearch.tld'),
(1869, 'Sander Garriss', 'Sander.Garriss@secretresearch.tld'),
(1873, 'Dardanus Dobosh', 'Dardanus.Dobosh@secretresearch.tld'),
(1877, 'Saahir Muto', 'Saahir.Muto@secretresearch.tld'),
(1879, 'Imre Muellner', 'Imre.Muellner@secretresearch.tld'),
(1882, 'Idurre Lagrave', 'Idurre.Lagrave@secretresearch.tld'),
(1888, 'Nomi Rosato', 'Nomi.Rosato@secretresearch.tld'),
(1891, 'Constantino Thielen', 'Constantino.Thielen@secretresearch.tld'),
(1895, 'Saionji Pierrot', 'Saionji.Pierrot@secretresearch.tld'),
(1900, 'Ake Crowson', 'Ake.Crowson@secretresearch.tld'),
(1902, 'Ceanna Vangoff', 'Ceanna.Vangoff@secretresearch.tld'),
(1904, 'Anchita Figlar', 'Anchita.Figlar@secretresearch.tld'),
(1905, 'Tino Mendonsa', 'Tino.Mendonsa@secretresearch.tld'),
(1911, 'Arno Barquera', 'Arno.Barquera@secretresearch.tld'),
(1914, 'Tishka Zale', 'Tishka.Zale@secretresearch.tld'),
(1918, 'Mesha Kornrumpf', 'Mesha.Kornrumpf@secretresearch.tld'),
(1928, 'Hesperos Schindele', 'Hesperos.Schindele@secretresearch.tld'),
(1933, 'Saleema Jurasek', 'Saleema.Jurasek@secretresearch.tld'),
(1939, 'Cadman Strom', 'Cadman.Strom@secretresearch.tld'),
(1946, 'Pancho Rowold', 'Pancho.Rowold@secretresearch.tld'),
(1948, 'Juriaan Schremp', 'Juriaan.Schremp@secretresearch.tld'),
(1952, 'Grite Faddis', 'Grite.Faddis@secretresearch.tld'),
(1959, 'Newa Sabina', 'Newa.Sabina@secretresearch.tld'),
(1965, 'LaReina Iqbal', 'LaReina.Iqbal@secretresearch.tld'),
(1968, 'Bhoomika Secord', 'Bhoomika.Secord@secretresearch.tld'),
(1971, 'Wolfhelm Abella', 'Wolfhelm.Abella@secretresearch.tld'),
(1980, 'Avery Jeavons', 'Avery.Jeavons@secretresearch.tld'),
(1987, 'Eliazar Manner', 'Eliazar.Manner@secretresearch.tld'),
(1991, 'Kantha Lybert', 'Kantha.Lybert@secretresearch.tld'),
(1993, 'Cassian Cozzy', 'Cassian.Cozzy@secretresearch.tld'),
(1996, 'Sameera Beazley', 'Sameera.Beazley@secretresearch.tld'),
(2003, 'Usaama Greiser', 'Usaama.Greiser@secretresearch.tld'),
(2004, 'Danaus Dacanay', 'Danaus.Dacanay@secretresearch.tld'),
(2006, 'Katreen Osthoff', 'Katreen.Osthoff@secretresearch.tld'),
(2008, 'Iaroia Korth', 'Iaroia.Korth@secretresearch.tld'),
(2009, 'Tashira Mounkes', 'Tashira.Mounkes@secretresearch.tld'),
(2012, 'Bhavin Primavera', 'Bhavin.Primavera@secretresearch.tld'),
(2016, 'Hagibis Kihn', 'Hagibis.Kihn@secretresearch.tld'),
(2017, 'Yitzchak Rudzik', 'Yitzchak.Rudzik@secretresearch.tld'),
(2026, 'Rhea Platas', 'Rhea.Platas@secretresearch.tld'),
(2027, 'Christine Ehlke', 'Christine.Ehlke@secretresearch.tld'),
(2032, 'Janne Efurd', 'Janne.Efurd@secretresearch.tld'),
(2043, 'Anbessa Gulde', 'Anbessa.Gulde@secretresearch.tld'),
(2050, 'Majdiyya Bonsall', 'Majdiyya.Bonsall@secretresearch.tld'),
(2051, 'Liebtraud Schorsch', 'Liebtraud.Schorsch@secretresearch.tld'),
(2054, 'Pippo Nascimento', 'Pippo.Nascimento@secretresearch.tld'),
(2055, 'Florica Belski', 'Florica.Belski@secretresearch.tld'),
(2056, 'Luther Corral', 'Luther.Corral@secretresearch.tld'),
(2060, 'Rakhiel Verkler', 'Rakhiel.Verkler@secretresearch.tld'),
(2061, 'Bailee Chabolla', 'Bailee.Chabolla@secretresearch.tld'),
(2063, 'Hilary Braddy', 'Hilary.Braddy@secretresearch.tld'),
(2064, 'Yo Kadi', 'Yo.Kadi@secretresearch.tld'),
(2065, 'Loleta Prevost', 'Loleta.Prevost@secretresearch.tld'),
(2066, 'Juanisha Seppi', 'Juanisha.Seppi@secretresearch.tld'),
(2070, 'Fikriyya Siddiq', 'Fikriyya.Siddiq@secretresearch.tld'),
(2072, 'Thomasa Vasconcelos', 'Thomasa.Vasconcelos@secretresearch.tld'),
(2076, 'Gyorgy Clancy', 'Gyorgy.Clancy@secretresearch.tld'),
(2082, 'Isamu Cokely', 'Isamu.Cokely@secretresearch.tld'),
(2091, 'Goncalo Gahm', 'Goncalo.Gahm@secretresearch.tld'),
(2094, 'Gamze Skalsky', 'Gamze.Skalsky@secretresearch.tld'),
(2096, 'Evamarie Coraham', 'Evamarie.Coraham@secretresearch.tld'),
(2104, 'Anandamayi Clerf', 'Anandamayi.Clerf@secretresearch.tld'),
(2107, 'Izazkun Suleski', 'Izazkun.Suleski@secretresearch.tld'),
(2117, 'Padma Ramaker', 'Padma.Ramaker@secretresearch.tld'),
(2118, 'Fulko Pullen', 'Fulko.Pullen@secretresearch.tld'),
(2119, 'Ghana Reppucci', 'Ghana.Reppucci@secretresearch.tld'),
(2123, 'Letizia Madaras', 'Letizia.Madaras@secretresearch.tld'),
(2125, 'Anatolii Trader', 'Anatolii.Trader@secretresearch.tld'),
(2127, 'Khynika Borwig', 'Khynika.Borwig@secretresearch.tld'),
(2129, 'Haley Lotempio', 'Haley.Lotempio@secretresearch.tld'),
(2135, 'Maxime Higgs', 'Maxime.Higgs@secretresearch.tld'),
(2137, 'Casandra Shire', 'Casandra.Shire@secretresearch.tld'),
(2142, 'Svetlana Befort', 'Svetlana.Befort@secretresearch.tld'),
(2144, 'Ethelgard Karpinsky', 'Ethelgard.Karpinsky@secretresearch.tld'),
(2145, 'Edda Fenchel', 'Edda.Fenchel@secretresearch.tld'),
(2147, 'Llwyr Fagerstrom', 'Llwyr.Fagerstrom@secretresearch.tld'),
(2152, 'Lisandro Harpst', 'Lisandro.Harpst@secretresearch.tld'),
(2158, 'Susanne Fenster', 'Susanne.Fenster@secretresearch.tld'),
(2159, 'Iken Siluis', 'Iken.Siluis@secretresearch.tld'),
(2160, 'Anda Palomino', 'Anda.Palomino@secretresearch.tld'),
(2161, 'Akinari Muston', 'Akinari.Muston@secretresearch.tld'),
(2164, 'Trish Kurnik', 'Trish.Kurnik@secretresearch.tld'),
(2167, 'Hisahsi Ferran', 'Hisahsi.Ferran@secretresearch.tld'),
(2173, 'Valerius Mcconnell', 'Valerius.Mcconnell@secretresearch.tld'),
(2174, 'Elenya Oksen', 'Elenya.Oksen@secretresearch.tld'),
(2178, 'Podolphe Fluitt', 'Podolphe.Fluitt@secretresearch.tld'),
(2181, 'Heihachiro Parthemer', 'Heihachiro.Parthemer@secretresearch.tld'),
(2188, 'Ebizo Mincher', 'Ebizo.Mincher@secretresearch.tld'),
(2189, 'Dukinea Zmijewski', 'Dukinea.Zmijewski@secretresearch.tld'),
(2198, 'Traviata Tewksbury', 'Traviata.Tewksbury@secretresearch.tld'),
(2200, 'Astrios Purrington', 'Astrios.Purrington@secretresearch.tld'),
(2202, 'Faas Chitty', 'Faas.Chitty@secretresearch.tld'),
(2204, 'Wayan Whitelow', 'Wayan.Whitelow@secretresearch.tld'),
(2205, 'Marcelino Bulat', 'Marcelino.Bulat@secretresearch.tld'),
(2212, 'Ajanta Mischel', 'Ajanta.Mischel@secretresearch.tld'),
(2219, 'Yukako Klingbeil', 'Yukako.Klingbeil@secretresearch.tld'),
(2227, 'Vseslava Szollosi', 'Vseslava.Szollosi@secretresearch.tld'),
(2228, 'Vincenzo Baptist', 'Vincenzo.Baptist@secretresearch.tld'),
(2229, 'Arcadia Granade', 'Arcadia.Granade@secretresearch.tld'),
(2235, 'Anka Pindell', 'Anka.Pindell@secretresearch.tld'),
(2241, 'Hanan Aupperle', 'Hanan.Aupperle@secretresearch.tld'),
(2242, 'Maksim Kasuba', 'Maksim.Kasuba@secretresearch.tld'),
(2244, 'Basheer Hatcher', 'Basheer.Hatcher@secretresearch.tld'),
(2247, 'Holda Dible', 'Holda.Dible@secretresearch.tld'),
(2251, 'Gottfried Lanzoni', 'Gottfried.Lanzoni@secretresearch.tld'),
(2256, 'Hareem Rollo', 'Hareem.Rollo@secretresearch.tld'),
(2264, 'Maiya Viars', 'Maiya.Viars@secretresearch.tld'),
(2270, 'Odgar Oguin', 'Odgar.Oguin@secretresearch.tld'),
(2272, 'Jenell Harlin', 'Jenell.Harlin@secretresearch.tld'),
(2279, 'Tringad Greenfelder', 'Tringad.Greenfelder@secretresearch.tld');
INSERT INTO person (id, "name", email) VALUES
(2282, 'Sharise Heagy', 'Sharise.Heagy@secretresearch.tld'),
(2286, 'Loreliese Aspri', 'Loreliese.Aspri@secretresearch.tld'),
(2300, 'Hortense Ganotisi', 'Hortense.Ganotisi@secretresearch.tld'),
(2302, 'Razan Symons', 'Razan.Symons@secretresearch.tld'),
(2312, 'Bakhteiarova Amlin', 'Bakhteiarova.Amlin@secretresearch.tld'),
(2315, 'Tuhfa Pedez', 'Tuhfa.Pedez@secretresearch.tld'),
(2321, 'Suhaila Berez', 'Suhaila.Berez@secretresearch.tld'),
(2323, 'Khadija Lagerquist', 'Khadija.Lagerquist@secretresearch.tld'),
(2328, 'Coby Smaller', 'Coby.Smaller@secretresearch.tld'),
(2330, 'Koshiro Augusto', 'Koshiro.Augusto@secretresearch.tld'),
(2339, 'Anwar Katayama', 'Anwar.Katayama@secretresearch.tld'),
(2341, 'Gerke Ostermeyer', 'Gerke.Ostermeyer@secretresearch.tld'),
(2345, 'Triesha Carland', 'Triesha.Carland@secretresearch.tld'),
(2349, 'Sherry Mullennix', 'Sherry.Mullennix@secretresearch.tld'),
(2350, 'Ingetrud Balezentis', 'Ingetrud.Balezentis@secretresearch.tld'),
(2360, 'Tasia Ellenburg', 'Tasia.Ellenburg@secretresearch.tld'),
(2366, 'Viktor Farrior', 'Viktor.Farrior@secretresearch.tld'),
(2374, 'Stolpolcha Shigemi', 'Stolpolcha.Shigemi@secretresearch.tld'),
(2377, 'Adolfo Kick', 'Adolfo.Kick@secretresearch.tld'),
(2382, 'Branislava Marentis', 'Branislava.Marentis@secretresearch.tld'),
(2385, 'Kulthum Liverance', 'Kulthum.Liverance@secretresearch.tld'),
(2398, 'Devontae Abaloz', 'Devontae.Abaloz@secretresearch.tld'),
(2399, 'Sofeia Schmick', 'Sofeia.Schmick@secretresearch.tld'),
(2404, 'Elysia Nangle', 'Elysia.Nangle@secretresearch.tld'),
(2408, 'Hortensia Rothbart', 'Hortensia.Rothbart@secretresearch.tld'),
(2416, 'Adalia Manalo', 'Adalia.Manalo@secretresearch.tld'),
(2418, 'Suphachad Tham', 'Suphachad.Tham@secretresearch.tld'),
(2420, 'Aleydis Virgadamo', 'Aleydis.Virgadamo@secretresearch.tld'),
(2423, 'Kazuhiko Campas', 'Kazuhiko.Campas@secretresearch.tld'),
(2425, 'Benton Bertuzzi', 'Benton.Bertuzzi@secretresearch.tld'),
(2426, 'Apelino Reeber', 'Apelino.Reeber@secretresearch.tld'),
(2428, 'Elwira Gasper', 'Elwira.Gasper@secretresearch.tld'),
(2431, 'Saer Dillenbeck', 'Saer.Dillenbeck@secretresearch.tld'),
(2449, 'Mabel Gaito', 'Mabel.Gaito@secretresearch.tld'),
(2453, 'Nadheera Maricich', 'Nadheera.Maricich@secretresearch.tld'),
(2469, 'Libera Ahlborn', 'Libera.Ahlborn@secretresearch.tld'),
(2473, 'Zdeslava Barkus', 'Zdeslava.Barkus@secretresearch.tld'),
(2476, 'Tandu Miltenberger', 'Tandu.Miltenberger@secretresearch.tld'),
(2483, 'Ilyaas Hipsley', 'Ilyaas.Hipsley@secretresearch.tld'),
(2490, 'Keyna Maisonet', 'Keyna.Maisonet@secretresearch.tld'),
(2491, 'Mokichi Schayer', 'Mokichi.Schayer@secretresearch.tld'),
(2495, 'Roland Kegler', 'Roland.Kegler@secretresearch.tld'),
(2500, 'Cansu Hewitt', 'Cansu.Hewitt@secretresearch.tld'),
(2504, 'Almut Cargill', 'Almut.Cargill@secretresearch.tld'),
(2513, 'Matashichi Butman', 'Matashichi.Butman@secretresearch.tld'),
(2520, 'Noel Grass', 'Noel.Grass@secretresearch.tld'),
(2525, 'Bodil Korinta', 'Bodil.Korinta@secretresearch.tld'),
(2528, 'Blossom Quero', 'Blossom.Quero@secretresearch.tld'),
(2531, 'Twain Sannon', 'Twain.Sannon@secretresearch.tld'),
(2533, 'Patrido Sielaff', 'Patrido.Sielaff@secretresearch.tld'),
(2552, 'Evi Heidebrecht', 'Evi.Heidebrecht@secretresearch.tld'),
(2556, 'AbdulQuddoos Mccallie', 'AbdulQuddoos.Mccallie@secretresearch.tld'),
(2562, 'Bennet Melendes', 'Bennet.Melendes@secretresearch.tld'),
(2566, 'Raina Hermandez', 'Raina.Hermandez@secretresearch.tld'),
(2571, 'Xuqiu Deller', 'Xuqiu.Deller@secretresearch.tld'),
(2586, 'Laomedon Sotos', 'Laomedon.Sotos@secretresearch.tld'),
(2587, 'Shaaheen Latu', 'Shaaheen.Latu@secretresearch.tld'),
(2589, 'Vasileva Rugg', 'Vasileva.Rugg@secretresearch.tld'),
(2592, 'Ztrezena Gutman', 'Ztrezena.Gutman@secretresearch.tld'),
(2595, 'Dobry Gentges', 'Dobry.Gentges@secretresearch.tld'),
(2603, 'Fokina Poythress', 'Fokina.Poythress@secretresearch.tld'),
(2607, 'Lisil Hellmuth', 'Lisil.Hellmuth@secretresearch.tld'),
(2612, 'lkisti Dayne', 'lkisti.Dayne@secretresearch.tld'),
(2617, 'Cady Schweizer', 'Cady.Schweizer@secretresearch.tld'),
(2619, 'Ilsegret Akerley', 'Ilsegret.Akerley@secretresearch.tld'),
(2623, 'Valerik Peles', 'Valerik.Peles@secretresearch.tld'),
(2624, 'Ruwaid Solian', 'Ruwaid.Solian@secretresearch.tld'),
(2638, 'Silvester Yelvington', 'Silvester.Yelvington@secretresearch.tld'),
(2655, 'Wasmaaa Roen', 'Wasmaaa.Roen@secretresearch.tld'),
(2661, 'Yuka Heikes', 'Yuka.Heikes@secretresearch.tld'),
(2662, 'Phineas Schubach', 'Phineas.Schubach@secretresearch.tld'),
(2669, 'Heidelore Ruschmann', 'Heidelore.Ruschmann@secretresearch.tld'),
(2679, 'Alyss Wuitschick', 'Alyss.Wuitschick@secretresearch.tld'),
(2689, 'Iha Em', 'Iha.Em@secretresearch.tld'),
(2692, 'Ran Rubendall', 'Ran.Rubendall@secretresearch.tld'),
(2699, 'Juichi Porep', 'Juichi.Porep@secretresearch.tld'),
(2706, 'Raaid Chrispen', 'Raaid.Chrispen@secretresearch.tld'),
(2721, 'Mazcho Stringer', 'Mazcho.Stringer@secretresearch.tld'),
(2729, 'Ernst Bengtson', 'Ernst.Bengtson@secretresearch.tld'),
(2731, 'Mabon Meardon', 'Mabon.Meardon@secretresearch.tld'),
(2735, 'Hedda Yoshida', 'Hedda.Yoshida@secretresearch.tld'),
(2737, 'Giovanna Douthit', 'Giovanna.Douthit@secretresearch.tld'),
(2739, 'Hariti Yerdon', 'Hariti.Yerdon@secretresearch.tld'),
(2750, 'Karlene Bilello', 'Karlene.Bilello@secretresearch.tld'),
(2753, 'Clmentine Engellant', 'Clmentine.Engellant@secretresearch.tld'),
(2756, 'Satomi Lampitt', 'Satomi.Lampitt@secretresearch.tld'),
(2763, 'Tsutomu Atzinger', 'Tsutomu.Atzinger@secretresearch.tld'),
(2782, 'Ovidio Bostrom', 'Ovidio.Bostrom@secretresearch.tld'),
(2783, 'Camika Montilla', 'Camika.Montilla@secretresearch.tld'),
(2831, 'Gavriella Sasson', 'Gavriella.Sasson@secretresearch.tld'),
(2846, 'Davida Rho', 'Davida.Rho@secretresearch.tld'),
(2871, 'Judyta Solymani', 'Judyta.Solymani@secretresearch.tld'),
(2886, 'Stacy Higuchi', 'Stacy.Higuchi@secretresearch.tld'),
(2910, 'Iveska Inacio', 'Iveska.Inacio@secretresearch.tld'),
(2921, 'Charmaine Rubick', 'Charmaine.Rubick@secretresearch.tld'),
(2926, 'Namiko Leval', 'Namiko.Leval@secretresearch.tld'),
(2927, 'Kozue Efthimiou', 'Kozue.Efthimiou@secretresearch.tld'),
(2954, 'Trinh Brihm', 'Trinh.Brihm@secretresearch.tld'),
(2960, 'Shiko Seagroves', 'Shiko.Seagroves@secretresearch.tld'),
(2973, 'Finn Carboneau', 'Finn.Carboneau@secretresearch.tld'),
(2998, 'Gerion Sonoski', 'Gerion.Sonoski@secretresearch.tld'),
(3007, 'Aidia Leidel', 'Aidia.Leidel@secretresearch.tld'),
(3012, 'Mutammam Bowersox', 'Mutammam.Bowersox@secretresearch.tld'),
(3043, 'Aberthol Wilczak', 'Aberthol.Wilczak@secretresearch.tld');

-- --------------------------------------------------------

--
-- Table structure for table 'preference'
--

CREATE TABLE preference (
  id integer NOT NULL,
  PRIMARY KEY (id)
) ;

-- --------------------------------------------------------

--
-- Table structure for table 'programcommittee'
--

CREATE TABLE programcommittee (
  id integer NOT NULL,
  PRIMARY KEY (id)
) ;

--
-- Dumping data for table 'programcommittee'
--

INSERT INTO programcommittee (id) VALUES
(448),
(873),
(2201),
(2216),
(2226),
(2365),
(2928),
(2933);

-- --------------------------------------------------------

--
-- Table structure for table 'programcommitteechair'
--

CREATE TABLE programcommitteechair (
  id integer NOT NULL,
  PRIMARY KEY (id)
) ;

--
-- Dumping data for table 'programcommitteechair'
--

INSERT INTO programcommitteechair (id) VALUES
(177),
(316),
(450),
(497),
(1073),
(1186),
(2202),
(2229);

-- --------------------------------------------------------

--
-- Table structure for table 'programcommitteemember'
--

CREATE TABLE programcommitteemember (
  id integer NOT NULL,
  maxpapers integer DEFAULT NULL,
  addedby integer DEFAULT NULL,
  PRIMARY KEY (id)
) ;

--
-- Dumping data for table 'programcommitteemember'
--

INSERT INTO programcommitteemember (id, maxpapers, addedby) VALUES
(51, NULL, NULL),
(115, NULL, NULL),
(121, NULL, NULL),
(129, NULL, NULL),
(137, NULL, NULL),
(169, NULL, NULL),
(177, NULL, NULL),
(316, NULL, NULL),
(324, NULL, NULL),
(330, NULL, NULL),
(380, NULL, NULL),
(449, NULL, NULL),
(450, NULL, NULL),
(451, NULL, NULL),
(470, NULL, NULL),
(497, NULL, NULL),
(537, NULL, NULL),
(581, NULL, NULL),
(597, NULL, NULL),
(604, NULL, NULL),
(682, NULL, NULL),
(725, NULL, NULL),
(819, NULL, NULL),
(874, NULL, NULL),
(875, NULL, NULL),
(876, NULL, NULL),
(886, NULL, NULL),
(958, NULL, NULL),
(1073, NULL, NULL),
(1092, NULL, NULL),
(1159, NULL, NULL),
(1160, NULL, NULL),
(1186, NULL, NULL),
(1356, NULL, NULL),
(1409, NULL, NULL),
(1581, NULL, NULL),
(2160, NULL, NULL),
(2202, NULL, NULL),
(2227, NULL, NULL),
(2228, NULL, NULL),
(2229, NULL, NULL),
(2350, NULL, NULL),
(2423, NULL, NULL);

-- --------------------------------------------------------

--
-- Table structure for table 'readbyreviewer'
--

CREATE TABLE readbyreviewer (
  paper integer NOT NULL,
  reviewer integer NOT NULL,
  PRIMARY KEY (paper,reviewer)
) ;

-- --------------------------------------------------------

--
-- Table structure for table 'rejection'
--

CREATE TABLE rejection (
  id integer NOT NULL,
  PRIMARY KEY (id)
) ;

-- --------------------------------------------------------

--
-- Table structure for table 'review'
--

CREATE TABLE review (
  id integer NOT NULL,
  writtenby integer DEFAULT NULL,
  PRIMARY KEY (id)
) ;

--
-- Dumping data for table 'review'
--

INSERT INTO review (id, writtenby) VALUES
(3, 2),
(6, 5),
(10, 5),
(11, 5),
(841, 17),
(2353, 20),
(2658, 20),
(2755, 20),
(2967, 21),
(22, 23),
(1470, 27),
(1892, 27),
(2001, 27),
(2580, 29),
(2833, 29),
(553, 30),
(2410, 30),
(32, 31),
(423, 35),
(424, 35),
(425, 35),
(1149, 38),
(1150, 38),
(1151, 38),
(1721, 39),
(2149, 39),
(41, 42),
(1210, 45),
(2441, 46),
(2791, 47),
(2898, 47),
(563, 50),
(2653, 50),
(2357, 51),
(2522, 51),
(2667, 51),
(58, 57),
(1714, 63),
(1715, 63),
(1330, 64),
(1638, 64),
(1926, 64),
(484, 66),
(68, 69),
(73, 71),
(74, 71),
(75, 71),
(1692, 82),
(2780, 84),
(953, 86),
(87, 88),
(361, 88),
(583, 88),
(1886, 90),
(2014, 92),
(95, 96),
(1440, 96),
(98, 99),
(610, 99),
(612, 99),
(102, 101),
(106, 107),
(1163, 107),
(2093, 107),
(804, 110),
(2079, 113),
(2393, 113),
(2394, 113),
(779, 115),
(1201, 116),
(1641, 119),
(120, 121),
(125, 126),
(1183, 126),
(1077, 128),
(2172, 128),
(1962, 129),
(1963, 129),
(2317, 131),
(134, 135),
(1118, 135),
(1119, 135),
(136, 137),
(1699, 137),
(138, 139),
(1385, 139),
(1386, 139),
(140, 141),
(613, 143),
(1384, 143),
(1942, 144),
(1943, 144),
(2234, 146),
(148, 149),
(1586, 153),
(2318, 155),
(156, 157),
(511, 157),
(159, 158),
(162, 161),
(166, 161),
(168, 169),
(172, 171),
(900, 176),
(1701, 176),
(1840, 176),
(531, 177),
(532, 177),
(534, 177),
(1560, 180),
(2267, 180),
(181, 182),
(187, 186),
(192, 193),
(2478, 196),
(2640, 196),
(2713, 196),
(283, 197),
(1236, 199),
(1237, 199),
(1239, 199),
(1654, 200),
(2523, 203),
(206, 205),
(2718, 212),
(741, 214),
(218, 217),
(222, 217),
(2573, 225),
(233, 228),
(234, 228),
(235, 228),
(236, 237),
(243, 238),
(246, 245),
(251, 248),
(253, 248),
(255, 248),
(2225, 259),
(1958, 260),
(564, 261),
(2400, 261),
(263, 262),
(264, 262),
(1032, 271),
(2902, 272),
(274, 275),
(276, 277),
(278, 279),
(548, 279),
(1291, 279),
(280, 281),
(1110, 281),
(285, 286),
(1826, 286),
(438, 288),
(1792, 289),
(2362, 289),
(2363, 289),
(2912, 290),
(2605, 291),
(293, 294),
(296, 295),
(297, 295),
(300, 301),
(2627, 303),
(1571, 304),
(1572, 304),
(1970, 306),
(2071, 306),
(312, 311),
(314, 315),
(1551, 316),
(852, 317),
(1454, 319),
(1107, 320),
(1924, 321),
(769, 322),
(2238, 323),
(1133, 324),
(590, 325),
(2190, 326),
(2258, 327),
(447, 328),
(493, 329),
(2596, 330),
(2577, 331),
(2293, 332),
(2138, 333),
(2803, 334),
(737, 335),
(2530, 336),
(2615, 337),
(1442, 338),
(899, 339),
(369, 340),
(2465, 341),
(2488, 342),
(2207, 343),
(2578, 344),
(614, 345),
(3034, 346),
(2109, 347),
(1007, 348),
(2013, 349),
(2900, 355),
(364, 365),
(367, 366),
(370, 371),
(1342, 371),
(375, 372),
(377, 372),
(379, 380),
(381, 382),
(2180, 382),
(574, 387),
(389, 388),
(390, 388),
(391, 388),
(397, 396),
(402, 403),
(410, 409),
(415, 412),
(416, 412),
(426, 427),
(428, 429),
(2936, 433),
(1974, 434),
(1975, 434),
(1976, 434),
(436, 435),
(439, 440),
(441, 442),
(517, 442),
(1994, 449),
(2314, 449),
(2647, 449),
(2067, 450),
(2392, 451),
(2496, 451),
(453, 454),
(2140, 454),
(2864, 454),
(1511, 458),
(1513, 458),
(1514, 458),
(2815, 459),
(2916, 459),
(1206, 460),
(461, 462),
(1447, 462),
(463, 464),
(1074, 464),
(1433, 464),
(465, 466),
(2435, 466),
(467, 468),
(2372, 468),
(2767, 468),
(469, 470),
(472, 471),
(475, 476),
(478, 477),
(481, 482),
(1285, 482),
(494, 495),
(498, 497),
(501, 497),
(513, 514),
(668, 514),
(670, 514),
(515, 516),
(1154, 516),
(1858, 516),
(518, 519),
(522, 520),
(523, 520),
(525, 524),
(528, 529),
(538, 537),
(540, 541),
(543, 544),
(869, 544),
(872, 544),
(546, 545),
(1824, 552),
(2074, 552),
(554, 555),
(2196, 555),
(2294, 555),
(912, 557),
(2771, 560),
(565, 566),
(1008, 571),
(576, 577),
(580, 581),
(1860, 581),
(861, 584),
(932, 584),
(2873, 584),
(2444, 585),
(2734, 585),
(2278, 587),
(588, 589),
(593, 592),
(596, 597),
(1423, 597),
(1564, 597),
(599, 600),
(2332, 604),
(1111, 605),
(2676, 606),
(616, 615),
(2232, 623),
(966, 626),
(2456, 629),
(2539, 629),
(2540, 629),
(631, 632),
(634, 633),
(636, 633),
(638, 633),
(988, 642),
(2688, 642),
(2932, 642),
(1724, 645),
(1784, 645),
(648, 647),
(649, 647),
(653, 652),
(657, 652),
(658, 652),
(1846, 660),
(1874, 664),
(665, 666),
(1825, 674),
(1956, 675),
(677, 676),
(680, 681),
(683, 682),
(814, 688),
(1559, 688),
(2744, 689),
(690, 691),
(1036, 691),
(1037, 691),
(692, 693),
(1653, 693),
(695, 694),
(698, 697),
(2630, 701),
(2631, 701),
(2632, 701),
(1851, 702),
(2440, 702),
(1613, 710),
(1671, 710),
(2642, 711),
(714, 715),
(1135, 719),
(1263, 719),
(2303, 720),
(2304, 720),
(2305, 720),
(722, 723),
(724, 725),
(1607, 725),
(1610, 725),
(726, 727),
(2482, 727),
(728, 729),
(1667, 729),
(1776, 731),
(2582, 735),
(744, 743),
(1957, 746),
(752, 753),
(1626, 753),
(1644, 757),
(1099, 759),
(1685, 759),
(762, 761),
(2156, 768),
(1001, 777),
(2664, 777),
(2673, 777),
(2914, 778),
(1961, 782),
(1597, 784),
(792, 791),
(796, 797),
(1756, 808),
(3026, 808),
(1834, 809),
(2710, 809),
(1953, 810),
(812, 813),
(2414, 813),
(1463, 817),
(1523, 817),
(2597, 819),
(2629, 819),
(2209, 821),
(2564, 821),
(2893, 821),
(2192, 822),
(2193, 822),
(825, 826),
(1985, 828),
(831, 830),
(832, 833),
(1808, 835),
(1660, 839),
(842, 843),
(1661, 843),
(845, 844),
(846, 844),
(862, 863),
(865, 866),
(1883, 874),
(2814, 874),
(1095, 875),
(1096, 875),
(1023, 876),
(1430, 876),
(1432, 876),
(1584, 881),
(2621, 883),
(885, 886),
(890, 891),
(892, 893),
(2222, 893),
(2040, 895),
(897, 898),
(903, 902),
(1460, 908),
(2694, 908),
(2695, 908),
(1128, 909),
(918, 919),
(1691, 921),
(1327, 927),
(930, 929),
(2943, 936),
(2944, 936),
(989, 937),
(990, 937),
(2214, 942),
(1558, 944),
(945, 946),
(1205, 946),
(1400, 946),
(948, 947),
(950, 951),
(2021, 957),
(959, 958),
(968, 967),
(970, 971),
(1609, 971),
(975, 972),
(976, 972),
(977, 972),
(981, 980),
(1950, 986),
(993, 992),
(997, 998),
(1893, 998),
(999, 1000),
(1650, 1000),
(1002, 1003),
(1923, 1003),
(1010, 1009),
(1012, 1011),
(1016, 1015),
(1024, 1025),
(1779, 1025),
(2919, 1025),
(1027, 1026),
(1030, 1029),
(1040, 1039),
(1041, 1039),
(1184, 1044),
(2793, 1045),
(1533, 1046),
(1537, 1046),
(1538, 1046),
(1627, 1047),
(2516, 1048),
(2707, 1049),
(2236, 1050),
(3038, 1051),
(2649, 1052),
(2437, 1053),
(2195, 1054),
(1230, 1055),
(2058, 1055),
(2462, 1055),
(1525, 1056),
(1546, 1056),
(1547, 1056),
(1116, 1057),
(2569, 1058),
(1606, 1059),
(1139, 1060),
(1292, 1061),
(2545, 1068),
(1373, 1071),
(1072, 1073),
(1500, 1073),
(1079, 1078),
(1080, 1078),
(1083, 1084),
(1088, 1089),
(1091, 1092),
(1947, 1092),
(2787, 1092),
(1097, 1098),
(2724, 1098),
(2939, 1098),
(1100, 1101),
(1822, 1101),
(1105, 1106),
(1555, 1106),
(2983, 1106),
(1109, 1108),
(1113, 1112),
(1124, 1125),
(1127, 1126),
(1131, 1129),
(1137, 1136),
(1141, 1142),
(2268, 1142),
(1144, 1143),
(1146, 1145),
(1614, 1156),
(2559, 1156),
(2029, 1159),
(2030, 1159),
(2031, 1159),
(1161, 1160),
(1167, 1166),
(1170, 1171),
(1172, 1173),
(1175, 1174),
(1178, 1179),
(2467, 1179),
(1185, 1186),
(2429, 1186),
(1187, 1188),
(1861, 1191),
(1929, 1191),
(1931, 1191),
(1338, 1192),
(2610, 1192),
(2182, 1193),
(2184, 1193),
(1197, 1196),
(1208, 1209),
(1717, 1209),
(1212, 1213),
(1215, 1214),
(1272, 1219),
(1782, 1220),
(1222, 1223),
(1224, 1225),
(1885, 1225),
(2616, 1225),
(1598, 1226),
(1646, 1226),
(1234, 1235),
(1489, 1242),
(1490, 1242),
(1491, 1242),
(1693, 1244),
(1246, 1245),
(1247, 1245),
(1250, 1249),
(2826, 1254),
(2827, 1254),
(1345, 1257),
(1259, 1260),
(1899, 1260),
(2698, 1260),
(1261, 1262),
(2086, 1262),
(1894, 1266),
(1270, 1269),
(2297, 1274),
(2635, 1274),
(1278, 1279),
(1283, 1282),
(1284, 1282),
(1286, 1287),
(1294, 1293),
(2239, 1300),
(2601, 1300),
(2790, 1301),
(1585, 1304),
(2131, 1305),
(1309, 1310),
(2396, 1310),
(1574, 1315),
(1575, 1315),
(1316, 1317),
(1318, 1319),
(1889, 1319),
(1374, 1321),
(2907, 1322),
(1328, 1329),
(2022, 1329),
(1949, 1334),
(1336, 1335),
(1340, 1339),
(2526, 1343),
(1347, 1348),
(1845, 1350),
(1633, 1351),
(2813, 1351),
(2308, 1352),
(2786, 1352),
(1354, 1355),
(2036, 1355),
(1847, 1356),
(1849, 1356),
(1361, 1360),
(1363, 1364),
(1783, 1370),
(2210, 1370),
(2211, 1370),
(1375, 1376),
(1379, 1380),
(1381, 1382),
(2475, 1382),
(1391, 1390),
(1915, 1397),
(2176, 1398),
(1406, 1405),
(2254, 1409),
(2748, 1410),
(2801, 1411),
(1940, 1412),
(1532, 1413),
(1833, 1414),
(2078, 1415),
(2459, 1416),
(2464, 1417),
(1456, 1418),
(1679, 1419),
(2745, 1419),
(2874, 1419),
(1723, 1420),
(1424, 1425),
(2185, 1427),
(2186, 1427),
(2187, 1427),
(1428, 1429),
(2645, 1429),
(2869, 1437),
(1445, 1446),
(1449, 1448),
(2760, 1459),
(1461, 1462),
(2290, 1466),
(2379, 1466),
(2965, 1467),
(3015, 1467),
(1471, 1472),
(2506, 1472),
(1697, 1473),
(2153, 1473),
(2154, 1473),
(2463, 1475),
(2778, 1475),
(1481, 1476),
(1484, 1485),
(2672, 1503),
(1508, 1507),
(1509, 1507),
(1510, 1507),
(2455, 1517),
(1521, 1520),
(2811, 1530),
(1544, 1543),
(1549, 1550),
(1552, 1553),
(1556, 1557),
(2784, 1561),
(1576, 1568),
(1880, 1568),
(2233, 1568),
(1569, 1570),
(2230, 1581),
(1655, 1583),
(2957, 1591),
(1592, 1593),
(1601, 1602),
(2348, 1602),
(2947, 1602),
(1617, 1618),
(1621, 1620),
(1622, 1620),
(1623, 1620),
(1628, 1629),
(1631, 1632),
(1635, 1634),
(1657, 1658),
(1771, 1658),
(2576, 1664),
(2652, 1666),
(1673, 1672),
(1674, 1672),
(2259, 1678),
(1682, 1681),
(1689, 1690),
(2633, 1690),
(1695, 1696),
(1945, 1696),
(1703, 1702),
(1704, 1705),
(1857, 1709),
(1710, 1711),
(2347, 1711),
(2923, 1719),
(2439, 1726),
(1731, 1730),
(1736, 1737),
(2675, 1737),
(1740, 1739),
(1743, 1744),
(1754, 1753),
(1755, 1753),
(2792, 1759),
(2796, 1759),
(2018, 1767),
(1912, 1768),
(1772, 1773),
(1935, 1775),
(1937, 1775),
(1780, 1781),
(1814, 1813),
(2727, 1813),
(2237, 1819),
(2417, 1829),
(1838, 1839),
(2224, 1855),
(1863, 1862),
(2218, 1867),
(1890, 1891),
(1896, 1895),
(1901, 1902),
(1903, 1904),
(1906, 1905),
(1919, 1918),
(1927, 1928),
(1938, 1939),
(1951, 1952),
(1966, 1965),
(2442, 1968),
(2493, 1993),
(2625, 1993),
(2757, 2004),
(2681, 2008),
(2445, 2026),
(2446, 2026),
(2033, 2032),
(2461, 2043),
(2702, 2051),
(2917, 2055),
(2608, 2060),
(2221, 2061),
(2896, 2063),
(2969, 2064),
(2604, 2065),
(2368, 2066),
(2894, 2070),
(2075, 2076),
(2083, 2082),
(2084, 2082),
(2085, 2082),
(2958, 2091),
(2097, 2096),
(2099, 2096),
(2100, 2096),
(2116, 2117),
(2168, 2117),
(2411, 2118),
(2124, 2123),
(2130, 2129),
(2837, 2137),
(2502, 2142),
(2775, 2145),
(2810, 2145),
(2148, 2147),
(2768, 2158),
(2413, 2159),
(2634, 2159),
(2950, 2160),
(3001, 2160),
(3035, 2160),
(2166, 2167),
(2485, 2173),
(2537, 2178),
(2325, 2202),
(2203, 2204),
(2206, 2205),
(2611, 2227),
(2795, 2228),
(2838, 2229),
(2243, 2244),
(2918, 2244),
(2250, 2251),
(2375, 2270),
(2274, 2272),
(2275, 2272),
(2280, 2279),
(2956, 2282),
(2643, 2300),
(2301, 2302),
(2311, 2312),
(2322, 2323),
(2561, 2330),
(2499, 2341),
(2639, 2341),
(2344, 2345),
(2599, 2350),
(2387, 2360),
(2373, 2374),
(2381, 2382),
(2807, 2398),
(2403, 2404),
(2407, 2408),
(2575, 2408),
(2415, 2416),
(2421, 2420),
(2422, 2423),
(2450, 2425),
(2432, 2431),
(2448, 2449),
(2454, 2453),
(2470, 2469),
(2646, 2491),
(2703, 2491),
(3018, 2587),
(2970, 2612),
(2637, 2638),
(2656, 2655),
(2808, 2662),
(2668, 2669),
(2680, 2679),
(2752, 2753),
(2830, 2831),
(3003, 2926);

-- --------------------------------------------------------

--
-- Table structure for table 'reviewer'
--

CREATE TABLE reviewer (
  id integer NOT NULL,
  PRIMARY KEY (id)
) ;

--
-- Dumping data for table 'reviewer'
--

INSERT INTO reviewer (id) VALUES
(2),
(5),
(17),
(20),
(21),
(23),
(27),
(29),
(30),
(31),
(35),
(38),
(39),
(42),
(45),
(46),
(47),
(50),
(51),
(57),
(63),
(64),
(66),
(69),
(71),
(82),
(84),
(86),
(88),
(90),
(92),
(96),
(99),
(101),
(107),
(110),
(113),
(115),
(116),
(119),
(121),
(126),
(128),
(129),
(131),
(135),
(137),
(139),
(141),
(143),
(144),
(146),
(149),
(153),
(155),
(157),
(158),
(161),
(169),
(171),
(176),
(177),
(180),
(182),
(186),
(193),
(196),
(197),
(199),
(200),
(203),
(205),
(212),
(214),
(217),
(225),
(228),
(237),
(238),
(245),
(248),
(259),
(260),
(261),
(262),
(271),
(272),
(275),
(277),
(279),
(281),
(286),
(288),
(289),
(290),
(291),
(294),
(295),
(301),
(303),
(304),
(306),
(311),
(315),
(316),
(317),
(319),
(320),
(321),
(322),
(323),
(324),
(325),
(326),
(327),
(328),
(329),
(330),
(331),
(332),
(333),
(334),
(335),
(336),
(337),
(338),
(339),
(340),
(341),
(342),
(343),
(344),
(345),
(346),
(347),
(348),
(349),
(355),
(365),
(366),
(371),
(372),
(380),
(382),
(387),
(388),
(396),
(403),
(409),
(412),
(427),
(429),
(433),
(434),
(435),
(440),
(442),
(449),
(450),
(451),
(454),
(458),
(459),
(460),
(462),
(464),
(466),
(468),
(470),
(471),
(476),
(477),
(482),
(495),
(497),
(514),
(516),
(519),
(520),
(524),
(529),
(537),
(541),
(544),
(545),
(552),
(555),
(557),
(560),
(566),
(571),
(577),
(581),
(584),
(585),
(587),
(589),
(592),
(597),
(600),
(604),
(605),
(606),
(615),
(623),
(626),
(629),
(632),
(633),
(642),
(645),
(647),
(652),
(660),
(664),
(666),
(674),
(675),
(676),
(681),
(682),
(688),
(689),
(691),
(693),
(694),
(697),
(701),
(702),
(710),
(711),
(715),
(719),
(720),
(723),
(725),
(727),
(729),
(731),
(735),
(743),
(746),
(753),
(757),
(759),
(761),
(768),
(777),
(778),
(782),
(784),
(791),
(797),
(808),
(809),
(810),
(813),
(817),
(819),
(821),
(822),
(826),
(828),
(830),
(833),
(835),
(839),
(843),
(844),
(863),
(866),
(874),
(875),
(876),
(881),
(883),
(886),
(891),
(893),
(895),
(898),
(902),
(908),
(909),
(919),
(921),
(927),
(929),
(936),
(937),
(942),
(944),
(946),
(947),
(951),
(957),
(958),
(967),
(971),
(972),
(980),
(986),
(992),
(998),
(1000),
(1003),
(1009),
(1011),
(1015),
(1025),
(1026),
(1029),
(1039),
(1044),
(1045),
(1046),
(1047),
(1048),
(1049),
(1050),
(1051),
(1052),
(1053),
(1054),
(1055),
(1056),
(1057),
(1058),
(1059),
(1060),
(1061),
(1068),
(1071),
(1073),
(1078),
(1084),
(1089),
(1092),
(1098),
(1101),
(1106),
(1108),
(1112),
(1125),
(1126),
(1129),
(1136),
(1142),
(1143),
(1145),
(1156),
(1159),
(1160),
(1166),
(1171),
(1173),
(1174),
(1179),
(1186),
(1188),
(1191),
(1192),
(1193),
(1196),
(1209),
(1213),
(1214),
(1219),
(1220),
(1223),
(1225),
(1226),
(1235),
(1242),
(1244),
(1245),
(1249),
(1254),
(1257),
(1260),
(1262),
(1266),
(1269),
(1274),
(1279),
(1282),
(1287),
(1293),
(1300),
(1301),
(1304),
(1305),
(1310),
(1315),
(1317),
(1319),
(1321),
(1322),
(1329),
(1334),
(1335),
(1339),
(1343),
(1348),
(1350),
(1351),
(1352),
(1355),
(1356),
(1360),
(1364),
(1370),
(1376),
(1380),
(1382),
(1390),
(1397),
(1398),
(1405),
(1409),
(1410),
(1411),
(1412),
(1413),
(1414),
(1415),
(1416),
(1417),
(1418),
(1419),
(1420),
(1425),
(1427),
(1429),
(1437),
(1446),
(1448),
(1459),
(1462),
(1466),
(1467),
(1472),
(1473),
(1475),
(1476),
(1485),
(1503),
(1507),
(1517),
(1520),
(1530),
(1543),
(1550),
(1553),
(1557),
(1561),
(1568),
(1570),
(1581),
(1583),
(1591),
(1593),
(1602),
(1618),
(1620),
(1629),
(1632),
(1634),
(1658),
(1664),
(1666),
(1672),
(1678),
(1681),
(1690),
(1696),
(1702),
(1705),
(1709),
(1711),
(1719),
(1726),
(1730),
(1737),
(1739),
(1744),
(1753),
(1759),
(1767),
(1768),
(1773),
(1775),
(1781),
(1813),
(1819),
(1829),
(1839),
(1855),
(1862),
(1867),
(1891),
(1895),
(1902),
(1904),
(1905),
(1918),
(1928),
(1939),
(1952),
(1965),
(1968),
(1993),
(2004),
(2008),
(2026),
(2032),
(2043),
(2051),
(2055),
(2060),
(2061),
(2063),
(2064),
(2065),
(2066),
(2070),
(2076),
(2082),
(2091),
(2096),
(2117),
(2118),
(2123),
(2129),
(2137),
(2142),
(2145),
(2147),
(2158),
(2159),
(2160),
(2167),
(2173),
(2178),
(2202),
(2204),
(2205),
(2227),
(2228),
(2229),
(2244),
(2251),
(2270),
(2272),
(2279),
(2282),
(2300),
(2302),
(2312),
(2323),
(2330),
(2341),
(2345),
(2350),
(2360),
(2374),
(2382),
(2398),
(2404),
(2408),
(2416),
(2420),
(2423),
(2425),
(2431),
(2449),
(2453),
(2469),
(2491),
(2587),
(2612),
(2638),
(2655),
(2662),
(2669),
(2679),
(2753),
(2831),
(2926);

-- --------------------------------------------------------

--
-- Table structure for table 'reviewerbiddingstartedby'
--

CREATE TABLE reviewerbiddingstartedby (
  conference integer NOT NULL,
  administrator integer NOT NULL,
  PRIMARY KEY (conference,administrator)
) ;

-- --------------------------------------------------------

--
-- Table structure for table 'setmaxpapers'
--

CREATE TABLE setmaxpapers (
  administrator integer NOT NULL,
  programcommitteemember integer NOT NULL,
  PRIMARY KEY (administrator,programcommitteemember)
) ;

-- --------------------------------------------------------

--
-- Table structure for table 'subjectarea'
--

CREATE TABLE subjectarea (
  id integer NOT NULL,
  PRIMARY KEY (id)
) ;

-- --------------------------------------------------------

--
-- Table structure for table 'submitpaper'
--

CREATE TABLE submitpaper (
  author integer NOT NULL,
  paper integer NOT NULL,
  PRIMARY KEY (author,paper)
) ;

-- --------------------------------------------------------

--
-- Table structure for table 'user'
--

CREATE TABLE "user" (
  id integer NOT NULL,
  PRIMARY KEY (id)
) ;

--
-- Dumping data for table 'user'
--

INSERT INTO "user" (id) VALUES
(0),
(2),
(5),
(13),
(17),
(19),
(20),
(21),
(23),
(27),
(28),
(29),
(30),
(31),
(35),
(36),
(38),
(39),
(42),
(45),
(46),
(47),
(48),
(50),
(51),
(53),
(54),
(57),
(63),
(64),
(66),
(67),
(69),
(71),
(82),
(83),
(84),
(86),
(88),
(90),
(91),
(92),
(93),
(96),
(99),
(101),
(104),
(107),
(110),
(111),
(112),
(113),
(115),
(116),
(118),
(119),
(121),
(123),
(126),
(128),
(129),
(130),
(131),
(135),
(137),
(139),
(141),
(143),
(144),
(146),
(147),
(149),
(153),
(154),
(155),
(157),
(158),
(161),
(169),
(171),
(174),
(176),
(177),
(179),
(180),
(182),
(184),
(186),
(189),
(193),
(195),
(196),
(197),
(199),
(200),
(201),
(203),
(205),
(209),
(212),
(213),
(214),
(215),
(217),
(225),
(226),
(227),
(228),
(237),
(238),
(245),
(248),
(257),
(259),
(260),
(261),
(262),
(270),
(271),
(272),
(273),
(275),
(277),
(279),
(281),
(286),
(288),
(289),
(290),
(291),
(294),
(295),
(301),
(303),
(304),
(305),
(306),
(308),
(311),
(315),
(316),
(317),
(319),
(320),
(321),
(322),
(323),
(324),
(325),
(326),
(327),
(328),
(329),
(330),
(331),
(332),
(333),
(334),
(335),
(336),
(337),
(338),
(339),
(340),
(341),
(342),
(343),
(344),
(345),
(346),
(347),
(348),
(349),
(352),
(353),
(355),
(357),
(358),
(359),
(365),
(366),
(371),
(372),
(380),
(382),
(384),
(385),
(387),
(388),
(396),
(401),
(403),
(405),
(407),
(409),
(412),
(427),
(429),
(432),
(433),
(434),
(435),
(440),
(442),
(443),
(445),
(449),
(450),
(451),
(454),
(457),
(458),
(459),
(460),
(462),
(464),
(466),
(468),
(470),
(471),
(476),
(477),
(482),
(488),
(495),
(497),
(504),
(514),
(516),
(519),
(520),
(524),
(529),
(535),
(537),
(541),
(544),
(545),
(549),
(551),
(552),
(555),
(557),
(558),
(560),
(561),
(566),
(567),
(571),
(572),
(577),
(581),
(584),
(585),
(587),
(589),
(592),
(597),
(600),
(604),
(605),
(606),
(615),
(620),
(622),
(623),
(626),
(627),
(628),
(629),
(632),
(633),
(641),
(642),
(644),
(645),
(647),
(652),
(660),
(661),
(663),
(664),
(666),
(673),
(674),
(675),
(676),
(681),
(682),
(686),
(688),
(689),
(691),
(693),
(694),
(697),
(701),
(702),
(706),
(710),
(711),
(712),
(713),
(715),
(719),
(720),
(721),
(723),
(725),
(727),
(729),
(731),
(733),
(734),
(735),
(738),
(743),
(746),
(747),
(749),
(753),
(755),
(756),
(757),
(759),
(761),
(766),
(767),
(768),
(770),
(775),
(777),
(778),
(782),
(784),
(785),
(787),
(791),
(794),
(797),
(800),
(801),
(802),
(808),
(809),
(810),
(813),
(816),
(817),
(819),
(821),
(822),
(826),
(828),
(830),
(833),
(835),
(836),
(838),
(839),
(843),
(844),
(856),
(858),
(859),
(863),
(866),
(874),
(875),
(876),
(877),
(881),
(882),
(883),
(884),
(886),
(887),
(891),
(893),
(895),
(896),
(898),
(902),
(907),
(908),
(909),
(911),
(915),
(917),
(919),
(921),
(923),
(927),
(928),
(929),
(935),
(936),
(937),
(941),
(942),
(943),
(944),
(946),
(947),
(951),
(956),
(957),
(958),
(961),
(964),
(967),
(971),
(972),
(980),
(983),
(986),
(992),
(998),
(1000),
(1003),
(1004),
(1009),
(1011),
(1013),
(1015),
(1018),
(1020),
(1021),
(1025),
(1026),
(1029),
(1039),
(1044),
(1045),
(1046),
(1047),
(1048),
(1049),
(1050),
(1051),
(1052),
(1053),
(1054),
(1055),
(1056),
(1057),
(1058),
(1059),
(1060),
(1061),
(1064),
(1068),
(1069),
(1070),
(1071),
(1073),
(1076),
(1078),
(1084),
(1087),
(1089),
(1092),
(1098),
(1101),
(1102),
(1106),
(1108),
(1112),
(1114),
(1123),
(1125),
(1126),
(1129),
(1136),
(1142),
(1143),
(1145),
(1156),
(1158),
(1159),
(1160),
(1166),
(1171),
(1173),
(1174),
(1179),
(1180),
(1186),
(1188),
(1191),
(1192),
(1193),
(1194),
(1196),
(1198),
(1204),
(1209),
(1213),
(1214),
(1217),
(1218),
(1219),
(1220),
(1223),
(1225),
(1226),
(1227),
(1228),
(1235),
(1242),
(1244),
(1245),
(1249),
(1254),
(1255),
(1257),
(1260),
(1262),
(1266),
(1267),
(1269),
(1274),
(1275),
(1276),
(1279),
(1282),
(1287),
(1293),
(1300),
(1301),
(1302),
(1304),
(1305),
(1307),
(1310),
(1312),
(1315),
(1317),
(1319),
(1321),
(1322),
(1323),
(1325),
(1329),
(1332),
(1334),
(1335),
(1339),
(1343),
(1348),
(1350),
(1351),
(1352),
(1355),
(1356),
(1357),
(1359),
(1360),
(1364),
(1366),
(1369),
(1370),
(1376),
(1378),
(1380),
(1382),
(1390),
(1394),
(1397),
(1398),
(1402),
(1403),
(1405),
(1409),
(1410),
(1411),
(1412),
(1413),
(1414),
(1415),
(1416),
(1417),
(1418),
(1419),
(1420),
(1425),
(1427),
(1429),
(1436),
(1437),
(1438),
(1439),
(1446),
(1448),
(1458),
(1459),
(1462),
(1465),
(1466),
(1467),
(1468),
(1472),
(1473),
(1475),
(1476),
(1485),
(1493),
(1495),
(1496),
(1502),
(1503),
(1505),
(1507),
(1517),
(1518),
(1519),
(1520),
(1522),
(1524),
(1526),
(1528),
(1529),
(1530),
(1541),
(1542),
(1543),
(1550),
(1553),
(1557),
(1561),
(1562),
(1565),
(1568),
(1570),
(1580),
(1581),
(1582),
(1583),
(1590),
(1591),
(1593),
(1594),
(1596),
(1602),
(1603),
(1611),
(1615),
(1618),
(1620),
(1624),
(1629),
(1632),
(1634),
(1637),
(1642),
(1648),
(1658),
(1662),
(1664),
(1666),
(1672),
(1677),
(1678),
(1681),
(1683),
(1688),
(1690),
(1696),
(1702),
(1705),
(1709),
(1711),
(1719),
(1720),
(1726),
(1727),
(1730),
(1734),
(1737),
(1739),
(1744),
(1745),
(1748),
(1750),
(1753),
(1758),
(1759),
(1761),
(1765),
(1767),
(1768),
(1773),
(1775),
(1781),
(1787),
(1790),
(1793),
(1797),
(1801),
(1803),
(1807),
(1813),
(1815),
(1819),
(1821),
(1829),
(1835),
(1839),
(1843),
(1852),
(1854),
(1855),
(1862),
(1867),
(1868),
(1869),
(1873),
(1877),
(1879),
(1882),
(1888),
(1891),
(1895),
(1900),
(1902),
(1904),
(1905),
(1911),
(1914),
(1918),
(1928),
(1933),
(1939),
(1946),
(1948),
(1952),
(1959),
(1965),
(1968),
(1971),
(1980),
(1987),
(1991),
(1993),
(1996),
(2003),
(2004),
(2006),
(2008),
(2009),
(2012),
(2016),
(2017),
(2026),
(2027),
(2032),
(2043),
(2050),
(2051),
(2054),
(2055),
(2056),
(2060),
(2061),
(2063),
(2064),
(2065),
(2066),
(2070),
(2072),
(2076),
(2082),
(2091),
(2094),
(2096),
(2104),
(2107),
(2117),
(2118),
(2119),
(2123),
(2125),
(2127),
(2129),
(2135),
(2137),
(2142),
(2144),
(2145),
(2147),
(2152),
(2158),
(2159),
(2160),
(2161),
(2164),
(2167),
(2173),
(2174),
(2178),
(2181),
(2188),
(2189),
(2198),
(2200),
(2202),
(2204),
(2205),
(2212),
(2219),
(2227),
(2228),
(2229),
(2235),
(2241),
(2242),
(2244),
(2247),
(2251),
(2256),
(2264),
(2270),
(2272),
(2279),
(2282),
(2286),
(2300),
(2302),
(2312),
(2315),
(2321),
(2323),
(2328),
(2330),
(2339),
(2341),
(2345),
(2349),
(2350),
(2360),
(2366),
(2374),
(2377),
(2382),
(2385),
(2398),
(2399),
(2404),
(2408),
(2416),
(2418),
(2420),
(2423),
(2425),
(2426),
(2428),
(2431),
(2449),
(2453),
(2469),
(2473),
(2476),
(2483),
(2490),
(2491),
(2495),
(2500),
(2504),
(2513),
(2520),
(2525),
(2528),
(2531),
(2533),
(2552),
(2556),
(2562),
(2566),
(2571),
(2586),
(2587),
(2589),
(2592),
(2595),
(2603),
(2607),
(2612),
(2617),
(2619),
(2623),
(2624),
(2638),
(2655),
(2661),
(2662),
(2669),
(2679),
(2689),
(2692),
(2699),
(2706),
(2721),
(2729),
(2731),
(2735),
(2737),
(2739),
(2750),
(2753),
(2756),
(2763),
(2782),
(2783),
(2831),
(2846),
(2871),
(2886),
(2910),
(2921),
(2926),
(2927),
(2954),
(2960),
(2973),
(2998),
(3007),
(3012),
(3043);

--
-- Constraints for dumped tables
--

--
-- Constraints for table "acceptance"
--
ALTER TABLE "acceptance"
  ADD CONSTRAINT AcceptanceURIFK FOREIGN KEY (id) REFERENCES decision (id) ON DELETE CASCADE;

--
-- Constraints for table "administrator"
--
ALTER TABLE "administrator"
  ADD CONSTRAINT AdministratoracceptPaperFK FOREIGN KEY (acceptpaper) REFERENCES paper (id) ON DELETE CASCADE,
  ADD CONSTRAINT AdministratorURIFK FOREIGN KEY (id) REFERENCES "user" (id) ON DELETE CASCADE;

--
-- Constraints for table "assignedto"
--
ALTER TABLE "assignedto"
  ADD CONSTRAINT assignedToPaperFK FOREIGN KEY (paper) REFERENCES paper (id) ON DELETE CASCADE,
  ADD CONSTRAINT assignedToReviewerFK FOREIGN KEY (reviewer) REFERENCES reviewer (id) ON DELETE CASCADE;

--
-- Constraints for table "assignreviewer"
--
ALTER TABLE "assignreviewer"
  ADD CONSTRAINT assignReviewerAdministratorFK FOREIGN KEY (administrator) REFERENCES administrator (id) ON DELETE CASCADE,
  ADD CONSTRAINT assignReviewerReviewerFK FOREIGN KEY (reviewer) REFERENCES reviewer (id) ON DELETE CASCADE;

--
-- Constraints for table "associatedchair"
--
ALTER TABLE "associatedchair"
  ADD CONSTRAINT AssociatedChairURIFK FOREIGN KEY (id) REFERENCES chairman (id) ON DELETE CASCADE;

--
-- Constraints for table "author"
--
ALTER TABLE "author"
  ADD CONSTRAINT AuthorURIFK FOREIGN KEY (id) REFERENCES conferencemember (id) ON DELETE CASCADE;

--
-- Constraints for table "authornotreviewer"
--
ALTER TABLE "authornotreviewer"
  ADD CONSTRAINT AuthorNotReviewerURIFK FOREIGN KEY (id) REFERENCES author (id) ON DELETE CASCADE;

--
-- Constraints for table "bid"
--
ALTER TABLE "bid"
  ADD CONSTRAINT BidadjustedByFK FOREIGN KEY (adjustedby) REFERENCES reviewer (id) ON DELETE CASCADE,
  ADD CONSTRAINT BidhasBid_InvFK FOREIGN KEY (hasbid_inv) REFERENCES paper (id) ON DELETE CASCADE;

--
-- Constraints for table "chairman"
--
ALTER TABLE "chairman"
  ADD CONSTRAINT ChairmanURIFK FOREIGN KEY (id) REFERENCES conferencemember (id) ON DELETE CASCADE;

--
-- Constraints for table "co-author"
--
ALTER TABLE "co-author"
  ADD CONSTRAINT "Co-authorURIFK" FOREIGN KEY (id) REFERENCES author (id) ON DELETE CASCADE;

--
-- Constraints for table "co-writepaper"
--
ALTER TABLE "co-writepaper"
  ADD CONSTRAINT "co-writePaperCo-authorFK" FOREIGN KEY ("co-author") REFERENCES "co-author" (id) ON DELETE CASCADE,
  ADD CONSTRAINT "co-writePaperPaperFK" FOREIGN KEY (paper) REFERENCES paper (id) ON DELETE CASCADE;

--
-- Constraints for table "conferencechair"
--
ALTER TABLE "conferencechair"
  ADD CONSTRAINT ConferenceChairURIFK FOREIGN KEY (id) REFERENCES chairman (id) ON DELETE CASCADE;

--
-- Constraints for table "conferencemember"
--
ALTER TABLE "conferencemember"
  ADD CONSTRAINT ConferenceMemberURIFK FOREIGN KEY (id) REFERENCES person (id) ON DELETE CASCADE;

--
-- Constraints for table "detailsenteredby"
--
ALTER TABLE "detailsenteredby"
  ADD CONSTRAINT detailsEnteredByAdministr FOREIGN KEY (administrator) REFERENCES administrator (id) ON DELETE CASCADE,
  ADD CONSTRAINT detailsEnteredByConferenceFK FOREIGN KEY (conference) REFERENCES conference (id) ON DELETE CASCADE;

--
-- Constraints for table "enablevirtualmeeting"
--
ALTER TABLE "enablevirtualmeeting"
  ADD CONSTRAINT enableVirtualMeetingAdmin FOREIGN KEY (administrator) REFERENCES administrator (id) ON DELETE CASCADE,
  ADD CONSTRAINT enableVirtualMeetingConfe FOREIGN KEY (conference) REFERENCES conference (id) ON DELETE CASCADE;

--
-- Constraints for table "endreview"
--
ALTER TABLE "endreview"
  ADD CONSTRAINT endReviewProgramCommittee FOREIGN KEY (programcommitteechair) REFERENCES programcommitteechair (id) ON DELETE CASCADE,
  ADD CONSTRAINT endReviewReviewFK FOREIGN KEY (review) REFERENCES review (id) ON DELETE CASCADE;

--
-- Constraints for table "enterreviewcriteria"
--
ALTER TABLE "enterreviewcriteria"
  ADD CONSTRAINT enterReviewCriteriaAdmini FOREIGN KEY (administrator) REFERENCES administrator (id) ON DELETE CASCADE,
  ADD CONSTRAINT enterReviewCriteriaConfer FOREIGN KEY (conference) REFERENCES conference (id) ON DELETE CASCADE;

--
-- Constraints for table "externalreviewer"
--
ALTER TABLE "externalreviewer"
  ADD CONSTRAINT ExternalReviewerassignedB FOREIGN KEY (assignedbyreviewer) REFERENCES reviewer (id) ON DELETE CASCADE,
  ADD CONSTRAINT ExternalReviewerURIFK FOREIGN KEY (id) REFERENCES person (id) ON DELETE CASCADE;

--
-- Constraints for table "finalizepaperassignment"
--
ALTER TABLE "finalizepaperassignment"
  ADD CONSTRAINT finalizePaperAssignmentAd FOREIGN KEY (administrator) REFERENCES administrator (id) ON DELETE CASCADE,
  ADD CONSTRAINT finalizePaperAssignmentCo FOREIGN KEY (conference) REFERENCES conference (id) ON DELETE CASCADE;

--
-- Constraints for table "hardcopymailingmanifestsp"
--
ALTER TABLE "hardcopymailingmanifestsp"
  ADD CONSTRAINT hardcopyMailingManifestsP FOREIGN KEY (conference) REFERENCES conference (id) ON DELETE CASCADE,
  ADD CONSTRAINT hardcopyMailingManifestsPAd2FK FOREIGN KEY (administrator) REFERENCES administrator (id) ON DELETE CASCADE;

--
-- Constraints for table "hasconferencemember"
--
ALTER TABLE "hasconferencemember"
  ADD CONSTRAINT hasConferenceMemberConfer FOREIGN KEY (conference) REFERENCES conference (id) ON DELETE CASCADE;

--
-- Constraints for table "hasconflictofinterest"
--
ALTER TABLE "hasconflictofinterest"
  ADD CONSTRAINT hasConflictOfInterestDocu FOREIGN KEY (document) REFERENCES document (id) ON DELETE CASCADE,
  ADD CONSTRAINT hasConflictOfInterestPersonFK FOREIGN KEY (person) REFERENCES person (id) ON DELETE CASCADE;

--
-- Constraints for table "hasprogramcommitteemember"
--
ALTER TABLE "hasprogramcommitteemember"
  ADD CONSTRAINT hasProgramCommitteeMember FOREIGN KEY (programcommittee) REFERENCES programcommittee (id) ON DELETE CASCADE;

--
-- Constraints for table "hassubjectarea"
--
ALTER TABLE "hassubjectarea"
  ADD CONSTRAINT hasSubjectAreaPaperFK FOREIGN KEY (paper) REFERENCES paper (id) ON DELETE CASCADE,
  ADD CONSTRAINT hasSubjectAreaSubjectAreaFK FOREIGN KEY (subjectarea) REFERENCES subjectarea (id) ON DELETE CASCADE;

--
-- Constraints for table "meta-review"
--
ALTER TABLE "meta-review"
  ADD CONSTRAINT "Meta-ReviewURIFK" FOREIGN KEY (id) REFERENCES review (id) ON DELETE CASCADE;

--
-- Constraints for table "meta-reviewer"
--
ALTER TABLE "meta-reviewer"
  ADD CONSTRAINT "Meta-ReviewerURIFK" FOREIGN KEY (id) REFERENCES reviewer (id) ON DELETE CASCADE;

--
-- Constraints for table "paper"
--
ALTER TABLE "paper"
  ADD CONSTRAINT PaperacceptedByFK FOREIGN KEY (acceptedby) REFERENCES administrator (id) ON DELETE CASCADE,
  ADD CONSTRAINT PaperhasAuthorFK FOREIGN KEY (hasauthor) REFERENCES author (id) ON DELETE CASCADE,
  ADD CONSTRAINT PaperhasDecisionFK FOREIGN KEY (hasdecision) REFERENCES decision (id) ON DELETE CASCADE,
  ADD CONSTRAINT "PaperreadByMeta-ReviewerFK" FOREIGN KEY ("readbymeta-reviewer") REFERENCES "meta-reviewer" (id) ON DELETE CASCADE,
  ADD CONSTRAINT PaperrejectedByFK FOREIGN KEY (rejectedby) REFERENCES administrator (id) ON DELETE CASCADE,
  ADD CONSTRAINT PaperURIFK FOREIGN KEY (id) REFERENCES document (id) ON DELETE CASCADE;

--
-- Constraints for table "paperabstract"
--
ALTER TABLE "paperabstract"
  ADD CONSTRAINT PaperAbstractURIFK FOREIGN KEY (id) REFERENCES paper (id) ON DELETE CASCADE;

--
-- Constraints for table "paperassignmenttoolsrunby"
--
ALTER TABLE "paperassignmenttoolsrunby"
  ADD CONSTRAINT paperAssignmentToolsRunBy FOREIGN KEY (conference) REFERENCES conference (id) ON DELETE CASCADE,
  ADD CONSTRAINT paperAssignmentToolsRunByAd2FK FOREIGN KEY (administrator) REFERENCES administrator (id) ON DELETE CASCADE;

--
-- Constraints for table "paperfullversion"
--
ALTER TABLE "paperfullversion"
  ADD CONSTRAINT PaperFullVersionURIFK FOREIGN KEY (id) REFERENCES paper (id) ON DELETE CASCADE;

--
-- Constraints for table "programcommitteechair"
--
ALTER TABLE "programcommitteechair"
  ADD CONSTRAINT ProgramCommitteeChairURIFK FOREIGN KEY (id) REFERENCES chairman (id) ON DELETE CASCADE;

--
-- Constraints for table "programcommitteemember"
--
ALTER TABLE "programcommitteemember"
  ADD CONSTRAINT ProgramCommitteeMemberadd FOREIGN KEY (addedby) REFERENCES administrator (id) ON DELETE CASCADE,
  ADD CONSTRAINT ProgramCommitteeMemberURIFK FOREIGN KEY (id) REFERENCES conferencemember (id) ON DELETE CASCADE;

--
-- Constraints for table "readbyreviewer"
--
ALTER TABLE "readbyreviewer"
  ADD CONSTRAINT readByReviewerPaperFK FOREIGN KEY (paper) REFERENCES paper (id) ON DELETE CASCADE,
  ADD CONSTRAINT readByReviewerReviewerFK FOREIGN KEY (reviewer) REFERENCES reviewer (id) ON DELETE CASCADE;

--
-- Constraints for table "rejection"
--
ALTER TABLE "rejection"
  ADD CONSTRAINT RejectionURIFK FOREIGN KEY (id) REFERENCES decision (id) ON DELETE CASCADE;

--
-- Constraints for table "review"
--
ALTER TABLE "review"
  ADD CONSTRAINT ReviewURIFK FOREIGN KEY (id) REFERENCES document (id) ON DELETE CASCADE,
  ADD CONSTRAINT ReviewwrittenByFK FOREIGN KEY (writtenby) REFERENCES reviewer (id) ON DELETE CASCADE;

--
-- Constraints for table "reviewer"
--
ALTER TABLE "reviewer"
  ADD CONSTRAINT ReviewerURIFK FOREIGN KEY (id) REFERENCES conferencemember (id) ON DELETE CASCADE;

--
-- Constraints for table "reviewerbiddingstartedby"
--
ALTER TABLE "reviewerbiddingstartedby"
  ADD CONSTRAINT reviewerBiddingStartedByA FOREIGN KEY (administrator) REFERENCES administrator (id) ON DELETE CASCADE,
  ADD CONSTRAINT reviewerBiddingStartedByC FOREIGN KEY (conference) REFERENCES conference (id) ON DELETE CASCADE;

--
-- Constraints for table "setmaxpapers"
--
ALTER TABLE "setmaxpapers"
  ADD CONSTRAINT setMaxPapersAdministratorFK FOREIGN KEY (administrator) REFERENCES administrator (id) ON DELETE CASCADE;

--
-- Constraints for table "submitpaper"
--
ALTER TABLE "submitpaper"
  ADD CONSTRAINT submitPaperAuthorFK FOREIGN KEY (author) REFERENCES author (id) ON DELETE CASCADE,
  ADD CONSTRAINT submitPaperPaperFK FOREIGN KEY (paper) REFERENCES paper (id) ON DELETE CASCADE;

--
-- Constraints for table "user"
--
ALTER TABLE "user"
  ADD CONSTRAINT UserURIFK FOREIGN KEY (id) REFERENCES person (id) ON DELETE CASCADE;
