-- --------------------------------------------------------
-- Servidor:                     127.0.0.1
-- Versão do servidor:           5.0.45-community-nt - MySQL Community Edition (GPL)
-- OS do Servidor:               Win32
-- HeidiSQL Versão:              8.3.0.4694
-- --------------------------------------------------------

/*!40101 SET @OLD_CHARACTER_SET_CLIENT=@@CHARACTER_SET_CLIENT */;
/*!40101 SET NAMES utf8 */;
/*!40014 SET @OLD_FOREIGN_KEY_CHECKS=@@FOREIGN_KEY_CHECKS, FOREIGN_KEY_CHECKS=0 */;
/*!40101 SET @OLD_SQL_MODE=@@SQL_MODE, SQL_MODE='NO_AUTO_VALUE_ON_ZERO' */;

SET FOREIGN_KEY_CHECKS=0;

-- Copiando estrutura do banco de dados para projetointegrador
-- CREATE DATABASE IF NOT EXISTS `projetointegrador` /*!40100 DEFAULT CHARACTER SET utf8 */;
-- USE `projetointegrador`;


-- Copiando estrutura para tabela projetointegrador.cli_cliente
CREATE TABLE IF NOT EXISTS `cli_cliente` (
  `cli_id` int(11) NOT NULL auto_increment,
  `con_id` int(11) NOT NULL,
  `end_id` int(11) NOT NULL,
  `log_id` int(11) NOT NULL,
  `cli_nome` varchar(100) NOT NULL,
  `cli_cpf` varchar(45) NOT NULL,
  PRIMARY KEY  (`cli_id`),
  UNIQUE KEY `cli_cpf_UNIQUE` (`cli_cpf`),
  KEY `end_endereco_id1_idx` (`end_id`),
  KEY `con_contato_id1_idx` (`con_id`),
  KEY `log_login_id2_idx` (`log_id`),
  CONSTRAINT `con_id` FOREIGN KEY (`con_id`) REFERENCES `con_contato` (`con_id`) ON DELETE NO ACTION ON UPDATE NO ACTION,
  CONSTRAINT `end_id` FOREIGN KEY (`end_id`) REFERENCES `end_endereco` (`end_id`) ON DELETE NO ACTION ON UPDATE NO ACTION,
  CONSTRAINT `log_id` FOREIGN KEY (`log_id`) REFERENCES `log_login` (`log_id`) ON DELETE NO ACTION ON UPDATE NO ACTION
) ENGINE=InnoDB AUTO_INCREMENT=102 DEFAULT CHARSET=utf8;

-- Copiando dados para a tabela projetointegrador.cli_cliente: ~101 rows (aproximadamente)
/*!40000 ALTER TABLE `cli_cliente` DISABLE KEYS */;
INSERT INTO `cli_cliente` (`cli_id`, `con_id`, `end_id`, `log_id`, `cli_nome`, `cli_cpf`) VALUES
	(1, 1, 1, 1, 'Cliente fulano', '02102121'),
	(2, 43, 17, 32, 'Reese L. Hines', '783.528.767-15'),
	(3, 83, 92, 26, 'Rae A. Henry', '768.059.016-47'),
	(4, 9, 45, 41, 'Orli W. Ware', '130.079.377-79'),
	(5, 10, 70, 27, 'Sylvester R. Mckenzie', '121.098.185-13'),
	(6, 6, 35, 50, 'Demetria U. Hubbard', '169.138.438-33'),
	(7, 66, 88, 14, 'Macon G. Sears', '485.374.054-80'),
	(8, 72, 78, 1, 'Yetta A. Lee', '574.411.051-15'),
	(9, 79, 55, 24, 'Hayfa U. Sharpe', '519.033.934-45'),
	(10, 33, 75, 18, 'Jasper J. Gutierrez', '149.567.278-07'),
	(11, 96, 54, 52, 'Samson T. Mcclain', '860.014.509-02'),
	(12, 62, 39, 22, 'Jason R. Crane', '281.176.992-78'),
	(13, 48, 78, 28, 'Plato M. Merritt', '502.859.759-72'),
	(14, 76, 11, 7, 'Olga K. Barnett', '926.733.663-59'),
	(15, 44, 54, 20, 'Martina Q. Mejia', '900.524.439-20'),
	(16, 48, 25, 10, 'Guinevere I. Estrada', '985.048.811-79'),
	(17, 86, 70, 50, 'Adara O. Montoya', '578.344.079-24'),
	(18, 58, 42, 37, 'Stephanie L. Hunt', '514.048.167-13'),
	(19, 14, 36, 25, 'Malik C. Newton', '523.725.434-67'),
	(20, 53, 72, 32, 'Erich Y. Wells', '006.326.310-81'),
	(21, 25, 56, 26, 'Kyla J. Sloan', '260.108.229-53'),
	(22, 67, 25, 13, 'Laurel A. Moore', '567.269.523-65'),
	(23, 49, 37, 44, 'Shad I. Blake', '234.754.565-28'),
	(24, 71, 33, 5, 'Karleigh W. Kaufman', '786.230.184-90'),
	(25, 76, 53, 26, 'Roanna C. Cervantes', '409.123.093-45'),
	(26, 72, 84, 22, 'Britanney O. Emerson', '832.439.923-97'),
	(27, 90, 52, 48, 'Destiny W. Tyler', '821.280.419-26'),
	(28, 58, 34, 48, 'Sebastian K. Bass', '882.541.980-46'),
	(29, 10, 25, 25, 'Brenna J. Chandler', '768.143.141-10'),
	(30, 20, 52, 39, 'Grady W. Snow', '199.308.367-57'),
	(31, 29, 40, 23, 'Cecilia Y. Moss', '200.168.420-05'),
	(32, 15, 45, 43, 'Travis D. Hickman', '204.959.405-00'),
	(33, 85, 52, 26, 'Kitra D. Glenn', '152.593.085-02'),
	(34, 92, 65, 14, 'Conan P. Lopez', '449.763.313-76'),
	(35, 42, 3, 20, 'Raja W. Vazquez', '854.526.649-30'),
	(36, 69, 16, 6, 'Keith J. Cervantes', '612.853.231-59'),
	(37, 18, 58, 4, 'Belle V. Bray', '329.813.821-11'),
	(38, 46, 70, 6, 'Felicia M. Bradshaw', '451.992.320-96'),
	(39, 99, 39, 1, 'Kelly H. Shields', '078.755.167-14'),
	(40, 97, 88, 49, 'Tara H. Rosa', '867.435.893-88'),
	(41, 44, 75, 27, 'Karen R. Knight', '939.492.838-86'),
	(42, 39, 61, 33, 'Dora A. Harrison', '390.750.803-90'),
	(43, 14, 44, 26, 'Hayden D. Vaughan', '678.320.825-47'),
	(44, 23, 62, 22, 'Ruby P. Pruitt', '559.723.313-24'),
	(45, 22, 19, 11, 'Shaine E. Berry', '643.157.486-80'),
	(46, 17, 71, 3, 'Brody K. Wong', '347.639.510-03'),
	(47, 53, 1, 37, 'Charles B. Gregory', '492.974.155-75'),
	(48, 77, 93, 33, 'Craig J. Page', '936.663.148-37'),
	(49, 17, 96, 51, 'Jamalia L. Nieves', '920.384.392-82'),
	(50, 29, 1, 19, 'Leah P. Cook', '108.829.380-06'),
	(51, 71, 8, 23, 'Justina L. Rice', '533.041.334-15'),
	(52, 9, 100, 16, 'Merrill S. Rodriguez', '722.984.254-84'),
	(53, 10, 23, 10, 'Garrison A. Floyd', '085.753.033-86'),
	(54, 80, 74, 48, 'Simone H. Perkins', '177.118.723-74'),
	(55, 100, 86, 44, 'Fredericka L. Hale', '801.349.592-43'),
	(56, 12, 44, 38, 'Martena V. Ware', '463.276.981-87'),
	(57, 70, 55, 5, 'Alyssa D. Harmon', '246.153.791-43'),
	(58, 4, 11, 1, 'Hayes F. Moore', '377.447.742-61'),
	(59, 63, 16, 49, 'Kaye X. Richard', '544.643.784-19'),
	(60, 18, 50, 31, 'Lucian F. Wilkerson', '608.204.775-20'),
	(61, 26, 11, 31, 'Kelsie G. Foley', '671.925.912-46'),
	(62, 24, 70, 35, 'Jason D. David', '461.746.791-76'),
	(63, 4, 17, 47, 'Wing K. Peters', '977.800.508-51'),
	(64, 66, 78, 18, 'Margaret S. Sutton', '230.984.027-22'),
	(65, 94, 87, 28, 'Sybil D. Wall', '640.368.246-95'),
	(66, 4, 93, 1, 'Inez Z. Newman', '060.278.956-89'),
	(67, 49, 70, 15, 'Ray C. Stokes', '566.984.265-68'),
	(68, 10, 47, 5, 'Neville V. Hebert', '686.341.912-62'),
	(69, 74, 61, 25, 'Wallace E. Harrington', '633.719.735-50'),
	(70, 37, 58, 39, 'Urielle P. Boyle', '136.628.588-11'),
	(71, 35, 17, 45, 'Dane A. Miles', '857.291.613-66'),
	(72, 44, 3, 25, 'Glenna A. Kirby', '594.367.296-97'),
	(73, 24, 62, 38, 'Daquan Y. Gillespie', '080.077.651-72'),
	(74, 71, 39, 38, 'Gail T. Chaney', '086.816.900-42'),
	(75, 18, 99, 5, 'James T. Berger', '164.472.300-94'),
	(76, 17, 63, 33, 'Fay B. Bradley', '425.155.042-24'),
	(77, 99, 84, 6, 'James I. Wynn', '463.013.671-13'),
	(78, 57, 95, 4, 'Jennifer S. Diaz', '321.636.443-19'),
	(79, 92, 55, 32, 'Kendall J. Duke', '985.244.493-59'),
	(80, 12, 31, 30, 'Tallulah Y. Hurst', '376.484.090-82'),
	(81, 15, 23, 42, 'Idola T. Combs', '746.137.532-01'),
	(82, 39, 14, 41, 'Angela Q. Henry', '811.303.261-16'),
	(83, 24, 91, 30, 'Shelby D. Rogers', '976.235.757-28'),
	(84, 58, 47, 16, 'Jackson B. Whitley', '713.058.218-65'),
	(85, 3, 34, 17, 'Yoshi O. Hardin', '669.548.003-06'),
	(86, 52, 79, 2, 'Garrett U. Baker', '508.970.898-21'),
	(87, 74, 58, 25, 'Lucy K. Holman', '093.128.899-67'),
	(88, 7, 74, 50, 'Quail N. Dotson', '084.531.865-61'),
	(89, 94, 9, 31, 'Cheyenne Z. Bryant', '090.671.404-04'),
	(90, 46, 86, 24, 'Rafael B. Clayton', '870.651.757-12'),
	(91, 82, 21, 14, 'Tanner V. Vega', '017.138.949-79'),
	(92, 37, 97, 46, 'Clark K. Shelton', '966.409.855-66'),
	(93, 12, 69, 35, 'Adria C. Huff', '628.486.906-13'),
	(94, 75, 26, 14, 'Lana R. Morse', '091.352.129-64'),
	(95, 95, 28, 51, 'Idola P. Waller', '361.918.781-14'),
	(96, 34, 36, 33, 'Sawyer O. Santana', '629.709.255-45'),
	(97, 44, 83, 52, 'Adria T. Bartlett', '400.300.607-44'),
	(98, 76, 94, 8, 'Mia E. Sandoval', '820.729.615-49'),
	(99, 94, 31, 22, 'Hedwig E. Willis', '926.146.532-33'),
	(100, 101, 12, 42, 'Tanisha B. Walsh', '417.180.524-16'),
	(101, 53, 83, 25, 'Sheila W. Cook', '596.127.119-57');
/*!40000 ALTER TABLE `cli_cliente` ENABLE KEYS */;


-- Copiando estrutura para tabela projetointegrador.con_contato
CREATE TABLE IF NOT EXISTS `con_contato` (
  `con_id` int(11) NOT NULL auto_increment,
  `con_telFixo` varchar(14) default NULL,
  `con_telCel` varchar(14) default NULL,
  `con_telOutro` varchar(14) default NULL,
  `con_email` varchar(100) NOT NULL,
  `con_skype` varchar(45) default NULL,
  PRIMARY KEY  (`con_id`)
) ENGINE=InnoDB AUTO_INCREMENT=102 DEFAULT CHARSET=utf8;

-- Copiando dados para a tabela projetointegrador.con_contato: ~101 rows (aproximadamente)
/*!40000 ALTER TABLE `con_contato` DISABLE KEYS */;
INSERT INTO `con_contato` (`con_id`, `con_telFixo`, `con_telCel`, `con_telOutro`, `con_email`, `con_skype`) VALUES
	(1, '33333322', '544545', '5455454', 'blabla@gmail.com', 'llll'),
	(2, '(95) 0509-7806', '(34) 5936-4645', '(96) 4439-2596', 'cursus.luctus.ipsum@bibendum.com', 'eu odio'),
	(3, '(38) 8059-1664', '(15) 9670-2879', '(37) 6049-4489', 'pulvinar.arcu@lacusvariuset.org', 'consequat nec,'),
	(4, '(28) 7356-3479', '(40) 9326-7983', '(60) 2031-0156', 'Quisque.varius@risusInmi.ca', 'Nulla eu'),
	(5, '(39) 7333-1279', '(86) 3517-5992', '(50) 6861-2663', 'lacus@non.ca', 'Vivamus'),
	(6, '(20) 4080-3206', '(99) 5523-7150', '(54) 8534-2970', 'ultrices@euelit.ca', 'laoreet ipsum.'),
	(7, '(82) 9258-9817', '(97) 0091-4490', '(96) 0069-9859', 'Proin@Sednecmetus.co.uk', 'nec'),
	(8, '(66) 2592-4421', '(28) 1305-8310', '(73) 4201-7955', 'luctus.et.ultrices@Praesent.net', 'magna. Ut'),
	(9, '(49) 3937-4554', '(62) 2020-7746', '(01) 2074-4198', 'Integer.id.magna@dignissimtempor.ca', 'tellus sem'),
	(10, '(70) 9923-8397', '(55) 3828-6273', '(14) 0809-6028', 'ut@NullafacilisisSuspendisse.edu', 'pretium et,'),
	(11, '(43) 4662-8085', '(71) 8857-0725', '(89) 7427-9400', 'tincidunt.orci@pharetra.net', 'id,'),
	(12, '(93) 6746-2169', '(62) 9428-1464', '(95) 3983-4877', 'feugiat.nec@quis.edu', 'arcu'),
	(13, '(80) 7416-7608', '(60) 7014-2527', '(82) 4630-7032', 'Integer.in.magna@In.com', 'eget,'),
	(14, '(67) 7240-8460', '(37) 3830-4975', '(79) 7702-8718', 'et@utodiovel.co.uk', 'Aenean'),
	(15, '(20) 2134-1418', '(16) 6292-6760', '(06) 6068-0548', 'elit.Curabitur@Cumsociisnatoque.net', 'magna.'),
	(16, '(86) 3279-2095', '(51) 1410-5254', '(96) 5582-0582', 'iaculis.quis@cursusnon.edu', 'mi'),
	(17, '(31) 0181-2807', '(43) 8070-4852', '(98) 9105-9295', 'vel.arcu@auctornonfeugiat.edu', 'lectus,'),
	(18, '(11) 4140-1214', '(22) 0660-5724', '(22) 4651-2258', 'facilisis@convallis.net', 'Proin dolor.'),
	(19, '(91) 7314-7976', '(96) 8029-1628', '(04) 8499-0015', 'enim.commodo@Proin.ca', 'et'),
	(20, '(91) 5673-4336', '(08) 4738-8870', '(91) 7993-4638', 'ligula.consectetuer@nec.edu', 'cursus et,'),
	(21, '(83) 4909-3920', '(95) 6419-3577', '(34) 4829-8381', 'augue.ut@loremvitaeodio.com', 'Nulla'),
	(22, '(17) 4863-5214', '(65) 9951-2909', '(93) 3532-1918', 'feugiat@Aliquam.net', 'Etiam'),
	(23, '(37) 2218-4620', '(48) 0664-4067', '(87) 9291-6793', 'at.velit@Nullainterdum.net', 'hendrerit neque.'),
	(24, '(45) 0536-4644', '(48) 1695-9292', '(65) 7006-6488', 'sed.hendrerit.a@Nulla.com', 'ipsum'),
	(25, '(50) 9309-6611', '(80) 8485-4375', '(54) 5451-9915', 'quam.vel@arcuimperdiet.edu', 'orci.'),
	(26, '(47) 5721-1008', '(11) 5463-3060', '(93) 2119-8217', 'Cras.dictum@sempertellusid.co.uk', 'Integer in'),
	(27, '(34) 0290-0167', '(27) 8330-1069', '(90) 1429-3302', 'ornare.libero@diamnunc.net', 'Aliquam gravida'),
	(28, '(47) 8262-3046', '(99) 0742-1021', '(08) 0557-1022', 'eu.turpis@faucibusut.ca', 'aliquet nec,'),
	(29, '(17) 2902-2106', '(96) 2569-7899', '(69) 4939-8111', 'placerat@hendreritnequeIn.co.uk', 'ridiculus'),
	(30, '(85) 1347-9786', '(80) 4497-6078', '(88) 6905-3563', 'cursus@Fuscealiquet.co.uk', 'montes, nascetur'),
	(31, '(19) 2750-7582', '(87) 8397-0234', '(84) 1732-9624', 'rutrum.eu@atauctorullamcorper.ca', 'est ac'),
	(32, '(63) 1536-1666', '(73) 2650-7741', '(78) 0572-1565', 'augue@velsapienimperdiet.ca', 'diam dictum'),
	(33, '(05) 2386-8225', '(49) 7305-8736', '(02) 1453-7433', 'dolor@faucibusid.ca', 'mi pede,'),
	(34, '(84) 7520-2571', '(63) 7491-5402', '(25) 7043-3243', 'ligula.consectetuer@Namtempor.edu', 'neque vitae'),
	(35, '(88) 6050-5230', '(50) 5096-9252', '(07) 6677-6307', 'dolor@atliberoMorbi.net', 'ac mi'),
	(36, '(87) 8500-6029', '(15) 1281-7832', '(33) 1202-8486', 'fames@erat.co.uk', 'lacinia.'),
	(37, '(61) 6075-6228', '(28) 0303-2524', '(24) 1462-5724', 'lobortis@auctornuncnulla.ca', 'sollicitudin'),
	(38, '(41) 8960-7498', '(97) 2826-9253', '(53) 1007-8339', 'nunc@nibhenimgravida.com', 'gravida. Praesent'),
	(39, '(20) 5578-9286', '(73) 6461-0535', '(45) 2460-4316', 'nibh@nec.org', 'et'),
	(40, '(23) 6812-9186', '(81) 0141-0611', '(99) 9494-1153', 'nec@ultricesDuisvolutpat.com', 'luctus. Curabitur'),
	(41, '(89) 1586-2321', '(75) 3494-5568', '(38) 7094-2819', 'lacinia.vitae.sodales@Craslorem.ca', 'aliquet odio.'),
	(42, '(19) 9754-9508', '(79) 9112-0220', '(16) 1275-4930', 'porttitor@loremut.net', 'felis,'),
	(43, '(00) 0592-0158', '(06) 5696-6262', '(85) 9651-6378', 'Aenean.egestas@risus.org', 'semper cursus.'),
	(44, '(42) 8254-4655', '(62) 7609-1384', '(24) 6575-5357', 'Cum.sociis@fringilla.net', 'eu'),
	(45, '(32) 0389-3552', '(23) 5315-8840', '(78) 1040-3701', 'Nulla.dignissim.Maecenas@Fusce.org', 'tempor'),
	(46, '(64) 0729-6549', '(02) 8182-9498', '(88) 1450-5683', 'sed.orci.lobortis@bibendumullamcorperDuis.com', 'sit'),
	(47, '(45) 8175-5799', '(11) 6288-8608', '(55) 3035-1894', 'magna@vitaeeratVivamus.edu', 'Praesent interdum'),
	(48, '(93) 7807-2813', '(40) 0692-9884', '(89) 5889-9333', 'nunc.sit@sitametconsectetuer.org', 'dolor elit,'),
	(49, '(61) 3004-9888', '(46) 1362-4651', '(92) 8918-1625', 'tristique@Loremipsum.org', 'tempor'),
	(50, '(67) 9228-5243', '(56) 5699-5917', '(61) 0995-8804', 'ornare.tortor@at.ca', 'eros'),
	(51, '(47) 1461-8449', '(90) 0307-9512', '(39) 8595-9261', 'amet.consectetuer@dictum.co.uk', 'nulla ante,'),
	(52, '(81) 1977-5232', '(33) 7405-9037', '(88) 8049-6031', 'Ut.tincidunt@libero.edu', 'convallis dolor.'),
	(53, '(77) 7377-3195', '(11) 9563-2018', '(30) 6908-4434', 'pharetra.Quisque@pellentesquemassalobortis.org', 'sociosqu ad'),
	(54, '(00) 5224-3550', '(38) 4077-1537', '(86) 1564-4424', 'Proin.ultrices@quama.ca', 'nulla'),
	(55, '(38) 6478-1984', '(79) 2228-0723', '(74) 0856-7097', 'convallis.convallis.dolor@nuncrisus.edu', 'arcu'),
	(56, '(89) 6922-2159', '(67) 5556-9912', '(80) 8314-3758', 'quis@liberoProinsed.co.uk', 'velit'),
	(57, '(53) 2949-0938', '(03) 6289-4267', '(68) 1995-9716', 'porta@AeneanmassaInteger.edu', 'eget, volutpat'),
	(58, '(70) 8064-7061', '(52) 5568-6681', '(35) 0661-0581', 'egestas.lacinia@Craseu.edu', 'viverra. Donec'),
	(59, '(59) 5079-7514', '(35) 0399-9973', '(32) 7993-8829', 'amet.orci.Ut@commodo.org', 'Aliquam'),
	(60, '(74) 5369-9923', '(13) 4965-9558', '(22) 8978-8923', 'a.tortor@consectetuereuismod.net', 'a ultricies'),
	(61, '(27) 5330-0217', '(92) 6182-9061', '(29) 8987-6765', 'Vivamus.sit.amet@risusodio.com', 'a mi'),
	(62, '(09) 4774-6828', '(81) 7027-4024', '(19) 3923-5542', 'Lorem.ipsum@necleoMorbi.org', 'augue'),
	(63, '(64) 3692-8916', '(00) 6964-5691', '(78) 3924-3072', 'Donec.sollicitudin.adipiscing@facilisisnon.ca', 'eget magna.'),
	(64, '(42) 0330-7678', '(05) 0173-0203', '(93) 4593-2264', 'quam@magna.co.uk', 'enim. Suspendisse'),
	(65, '(26) 2860-5304', '(92) 1707-7649', '(12) 0474-7214', 'arcu.Morbi.sit@velmauris.net', 'Nulla facilisi.'),
	(66, '(12) 1903-6584', '(08) 0366-2379', '(52) 0491-2675', 'Etiam.bibendum@sempertellus.com', 'In lorem.'),
	(67, '(70) 0551-0806', '(07) 2353-8094', '(78) 5028-1242', 'fringilla.ornare@elementumlorem.ca', 'feugiat'),
	(68, '(50) 1060-6075', '(10) 8981-3525', '(89) 5361-4261', 'felis.ullamcorper@arcu.co.uk', 'est, vitae'),
	(69, '(17) 1907-0829', '(85) 0338-7261', '(21) 5679-8880', 'magna.a@arcu.com', 'enim nisl'),
	(70, '(88) 7389-9067', '(76) 0184-3423', '(45) 1173-8453', 'cursus@elitafeugiat.net', 'pede. Suspendisse'),
	(71, '(17) 0561-6205', '(30) 4612-8376', '(95) 7615-6144', 'Quisque.fringilla@congueturpis.org', 'lobortis'),
	(72, '(22) 1552-0369', '(50) 9497-4267', '(70) 6205-4722', 'penatibus.et@pellentesquemassalobortis.com', 'Fusce'),
	(73, '(87) 6133-5601', '(13) 1680-7546', '(88) 8952-1315', 'elit.pede.malesuada@commodo.com', 'fringilla'),
	(74, '(97) 0950-1086', '(73) 4059-9003', '(12) 1092-1244', 'Suspendisse@semegestas.edu', 'Sed nulla'),
	(75, '(69) 4584-8768', '(68) 8686-2643', '(99) 3105-4542', 'Nullam@nisl.ca', 'sed'),
	(76, '(05) 4648-8273', '(44) 4007-8968', '(43) 1492-0438', 'ridiculus.mus.Donec@lorem.com', 'auctor'),
	(77, '(08) 6202-5156', '(46) 1261-8629', '(99) 2139-0183', 'in.hendrerit.consectetuer@molestiearcuSed.net', 'purus mauris'),
	(78, '(10) 0751-8659', '(14) 5030-3156', '(10) 2378-4812', 'ut.pharetra.sed@Nullamvelit.co.uk', 'risus.'),
	(79, '(28) 7583-2344', '(07) 3911-4204', '(07) 6387-7699', 'nulla@luctusetultrices.org', 'malesuada'),
	(80, '(75) 6337-2013', '(31) 7195-4680', '(71) 8537-9197', 'malesuada.vel.convallis@ac.ca', 'mi'),
	(81, '(69) 4211-3716', '(23) 6312-5659', '(60) 0723-6746', 'ut.lacus.Nulla@Nunclectuspede.edu', 'Donec est'),
	(82, '(73) 4327-5914', '(89) 9167-1039', '(27) 9585-5959', 'amet.risus.Donec@Donecelementumlorem.org', 'penatibus'),
	(83, '(96) 7963-0395', '(49) 1258-0309', '(68) 9192-2594', 'interdum@Integer.edu', 'enim consequat'),
	(84, '(00) 5243-8568', '(82) 2833-1195', '(73) 1736-9909', 'penatibus.et.magnis@anteVivamus.co.uk', 'tellus. Nunc'),
	(85, '(52) 7007-9503', '(79) 8459-0809', '(13) 5652-8301', 'sagittis.augue.eu@pede.ca', 'imperdiet,'),
	(86, '(08) 7034-1950', '(65) 3362-6368', '(14) 7567-5349', 'risus.Nunc.ac@neceuismodin.net', 'Morbi'),
	(87, '(12) 3147-9612', '(58) 1610-5702', '(68) 7396-5685', 'tortor@orciadipiscing.ca', 'est.'),
	(88, '(46) 1671-9704', '(36) 4805-6755', '(63) 5354-6936', 'ullamcorper@congueIn.co.uk', 'Aliquam'),
	(89, '(63) 9521-8496', '(50) 0496-6143', '(40) 3429-4693', 'eleifend.nunc.risus@ullamcorperDuiscursus.edu', 'ipsum'),
	(90, '(05) 6843-0691', '(35) 4956-5522', '(56) 5725-9934', 'Pellentesque.ut.ipsum@ipsumnunc.co.uk', 'dis'),
	(91, '(52) 8722-5395', '(14) 4522-6971', '(85) 2066-8913', 'ac.nulla@malesuada.org', 'sem mollis'),
	(92, '(39) 8793-6382', '(29) 5972-7581', '(43) 5735-9842', 'Sed.pharetra@Aliquam.edu', 'tellus.'),
	(93, '(20) 3030-6635', '(19) 3389-7172', '(20) 6412-6626', 'egestas@sitamet.ca', 'sapien'),
	(94, '(09) 2525-3955', '(90) 9890-1898', '(71) 9204-5569', 'mattis@Aenean.edu', 'amet, consectetuer'),
	(95, '(05) 2574-6989', '(75) 4607-4646', '(64) 2946-6458', 'ut.quam@risusDonec.co.uk', 'vitae'),
	(96, '(88) 9030-1528', '(82) 7181-3261', '(43) 9593-9947', 'vitae.odio.sagittis@vitaediamProin.ca', 'tempus'),
	(97, '(72) 5941-3270', '(08) 7351-7948', '(72) 9647-6267', 'congue@ut.edu', 'Phasellus'),
	(98, '(25) 7722-3814', '(62) 0277-5261', '(46) 4825-9498', 'blandit.enim.consequat@facilisisfacilisis.com', 'semper'),
	(99, '(14) 9369-3557', '(92) 9185-0363', '(74) 2662-7647', 'montes.nascetur.ridiculus@sitamet.net', 'sem semper'),
	(100, '(51) 1197-2681', '(17) 0963-4562', '(21) 6793-6286', 'ornare.lectus.ante@eleifendnuncrisus.ca', 'sed, hendrerit'),
	(101, '(90) 9512-6893', '(08) 0424-2602', '(14) 1540-6105', 'imperdiet.nec.leo@eutelluseu.edu', 'nonummy');
/*!40000 ALTER TABLE `con_contato` ENABLE KEYS */;


-- Copiando estrutura para tabela projetointegrador.end_endereco
CREATE TABLE IF NOT EXISTS `end_endereco` (
  `end_id` int(11) NOT NULL auto_increment,
  `end_endereco` varchar(200) NOT NULL,
  `end_cep` varchar(15) NOT NULL,
  `end_bairro` varchar(50) NOT NULL,
  `end_cidade` varchar(50) NOT NULL,
  `end_estado` varchar(50) NOT NULL,
  `end_complemento` varchar(45) default NULL,
  `end_numero` int(11) NOT NULL,
  PRIMARY KEY  (`end_id`)
) ENGINE=InnoDB AUTO_INCREMENT=102 DEFAULT CHARSET=utf8;

-- Copiando dados para a tabela projetointegrador.end_endereco: ~101 rows (aproximadamente)
/*!40000 ALTER TABLE `end_endereco` DISABLE KEYS */;
INSERT INTO `end_endereco` (`end_id`, `end_endereco`, `end_cep`, `end_bairro`, `end_cidade`, `end_estado`, `end_complemento`, `end_numero`) VALUES
	(1, 'Rua xx', '7845414', 'centro', 'curitiba', 'PR', 'sopaksopa', 6565),
	(2, 'Ap #332-4035 Erat Road', '47243-325', 'BA', 'Feira de Santana', 'São Paulo', 'Nam ac nulla. In', 2070),
	(3, '439-7912 Eleifend Av.', '63274-956', 'CE', 'Maracanaú', 'RJ', 'semper pretium neque. Morbi', 2888),
	(4, '1641 Bibendum. St.', '11064-150', 'SP', 'Osasco', 'Bahia', 'vel quam dignissim pharetra.', 1432),
	(5, 'Ap #246-9318 Ac Street', '36126032', 'MG', 'Juiz de Fora', 'SP', 'est. Mauris eu turpis.', 81),
	(6, '3946 Nec Rd.', '15939-911', 'SP', 'Mogi das Cruzes', 'RS', 'Nunc lectus', 1513),
	(7, '5089 Id Avenue', '17974-046', 'SP', 'Piracicaba', 'São Paulo', 'Cras eu tellus eu', 1184),
	(8, 'P.O. Box 919, 1712 Feugiat St.', '26695-530', 'RJ', 'São João de Meriti', 'PE', 'Nunc commodo auctor velit.', 2013),
	(9, '797-3301 Sit Avenue', '34140047', 'Minas Gerais', 'Juiz de Fora', 'São Paulo', 'convallis, ante lectus convallis', 1754),
	(10, '600-5973 Massa Ave', '11396-547', 'São Paulo', 'Piracicaba', 'Pernambuco', 'orci quis', 695),
	(11, '579-8374 Fringilla Rd.', '28994-072', 'Rio de Janeiro', 'Duque de Caxias', 'RJ', 'mauris erat eget', 900),
	(12, '407-1265 Class St.', '65266-419', 'MA', 'Imperatriz', 'SP', 'commodo hendrerit. Donec porttitor', 33),
	(13, '6902 Nullam Rd.', '88591-257', 'SC', 'Criciúma', 'Maranhão', 'mattis. Integer eu', 1525),
	(14, '5355 Morbi Road', '93394-045', 'RS', 'Gravataí', 'Minas Gerais', 'Proin dolor.', 35),
	(15, '965-2154 Enim, Rd.', '19455-732', 'SP', 'Diadema', 'MG', 'quam vel sapien', 2402),
	(16, 'P.O. Box 606, 1988 Ac, Rd.', '82411-529', 'PR', 'Foz do Iguaçu', 'RJ', 'turpis nec mauris', 705),
	(17, '4893 Dui Street', '55584-216', 'PE', 'Recife', 'Rio Grande do Sul', 'mattis. Cras', 2158),
	(18, 'P.O. Box 791, 2664 Ut St.', '63668-454', 'CE', 'Maranguape', 'PE', 'ac urna.', 1510),
	(19, '6212 In Avenue', '97234-141', 'RS', 'Canoas', 'SP', 'Curabitur ut odio vel', 1879),
	(20, 'Ap #783-5640 Egestas. Ave', '11162-418', 'SP', 'Carapicuíba', 'SP', 'purus. Duis elementum, dui', 1557),
	(21, 'P.O. Box 769, 3479 Vulputate Road', '87847-340', 'PR', 'São José dos Pinhais', 'Ceará', 'Sed eget', 2968),
	(22, '638 Eget Avenue', '44585-447', 'BA', 'Juazeiro', 'RS', 'torquent per', 1520),
	(23, 'Ap #689-7525 Eu Ave', '87428-592', 'PR', 'Curitiba', 'RJ', 'Proin dolor. Nulla', 2304),
	(24, 'P.O. Box 833, 4537 Nec, Av.', '21089-483', 'RJ', 'Duque de Caxias', 'Bahia', 'a feugiat tellus lorem', 1331),
	(25, '4422 Sit Avenue', '13218-750', 'São Paulo', 'Ribeirão Preto', 'SP', 'tincidunt dui augue eu', 1360),
	(26, '2003 Integer Rd.', '33696896', 'MG', 'Contagem', 'BA', 'tristique senectus et', 188),
	(27, 'Ap #190-5553 Proin St.', '58824-690', 'PB', 'Bayeux', 'PR', 'interdum. Curabitur', 1903),
	(28, 'P.O. Box 874, 4120 Metus. St.', '76730-336', 'GO', 'Rio Verde', 'Ceará', 'sit amet, consectetuer', 2697),
	(29, 'P.O. Box 558, 273 Lorem St.', '16198-045', 'SP', 'Osasco', 'Rio de Janeiro', 'tristique pharetra. Quisque ac', 1868),
	(30, 'P.O. Box 816, 8944 Convallis Street', '16382-693', 'São Paulo', 'Osasco', 'CE', 'odio vel est tempor', 2856),
	(31, '4217 Lorem, St.', '17559-707', 'SP', 'Campinas', 'SP', 'a, scelerisque', 80),
	(32, 'P.O. Box 834, 8033 Vivamus Avenue', '18494-665', 'SP', 'Piracicaba', 'Minas Gerais', 'Vivamus molestie dapibus ligula.', 2797),
	(33, '804-2356 Gravida St.', '58455-656', 'Paraíba', 'Campina Grande', 'BA', 'ante lectus', 2818),
	(34, '310-2684 Amet Road', '83815-569', 'Paraná', 'Paranaguá', 'Minas Gerais', 'augue malesuada', 1987),
	(35, '532-7006 Vel, Rd.', '33973751', 'MG', 'Governador Valadares', 'Pernambuco', 'ornare, lectus ante', 2976),
	(36, 'Ap #193-9305 Ipsum St.', '65150-756', 'Maranhão', 'Santa Inês', 'São Paulo', 'leo, in lobortis tellus', 850),
	(37, 'P.O. Box 739, 5171 Luctus Street', '58651-783', 'Paraíba', 'Cajazeiras', 'Rio de Janeiro', 'tellus non', 2135),
	(38, '185-432 Facilisis Rd.', '54235-160', 'Pernambuco', 'Olinda', 'Santa Catarina', 'dictum eleifend,', 1588),
	(39, 'P.O. Box 104, 8229 Nunc St.', '39105666', 'Minas Gerais', 'Sete Lagoas', 'Rio de Janeiro', 'est arcu ac', 1541),
	(40, '902-2314 Risus St.', '18480-270', 'São Paulo', 'Campinas', 'Rio Grande do Sul', 'Integer in', 1163),
	(41, 'Ap #340-6265 Sit St.', '88131-391', 'SC', 'Blumenau', 'Paraná', 'taciti sociosqu ad', 1530),
	(42, 'Ap #922-8518 Ante. Av.', '74710-872', 'Goiás', 'Luziânia', 'Minas Gerais', 'lacus. Nulla', 1899),
	(43, '2912 Amet Rd.', '14555-049', 'SP', 'Jundiaí', 'Santa Catarina', 'Aliquam ultrices iaculis odio.', 140),
	(44, '8558 Magna. St.', '67091-346', 'PA', 'Ananindeua', 'MG', 'lobortis. Class aptent taciti', 2324),
	(45, 'Ap #330-2789 Suspendisse Avenue', '58096-052', 'PB', 'Patos', 'SP', 'dis parturient', 2303),
	(46, '210-7581 Orci. Ave', '16339-592', 'SP', 'Piracicaba', 'SP', 'sapien molestie', 446),
	(47, 'Ap #540-8212 Turpis St.', '18799-893', 'São Paulo', 'Campinas', 'Maranhão', 'interdum enim', 1271),
	(48, '956-3340 Eu, Rd.', '68029-562', 'PA', 'Bragança', 'Minas Gerais', 'Suspendisse tristique', 714),
	(49, '512-1684 Amet Av.', '81247-624', 'PR', 'Guarapuava', 'MA', 'sed pede. Cum', 1855),
	(50, '7623 Vestibulum Av.', '76770-440', 'GO', 'Rio Verde', 'SP', 'tristique pellentesque, tellus sem', 2203),
	(51, '7593 Ligula. Ave', '32256662', 'Minas Gerais', 'Ipatinga', 'Santa Catarina', 'Phasellus fermentum convallis', 1012),
	(52, 'P.O. Box 880, 8850 Tortor. St.', '89593-683', 'SC', 'Chapecó', 'Rio de Janeiro', 'sagittis placerat. Cras', 1893),
	(53, '675-7229 Imperdiet, Av.', '41058-807', 'Bahia', 'Ilhéus', 'São Paulo', 'Curabitur dictum. Phasellus', 797),
	(54, '7375 Cubilia Street', '28485-809', 'RJ', 'Campos dos Goytacazes', 'Pará', 'Sed nulla ante,', 1219),
	(55, 'Ap #239-4060 Suspendisse Avenue', '74724-939', 'Goiás', 'Valparaíso de Goiás', 'RJ', 'ornare placerat,', 359),
	(56, '9945 Sollicitudin Ave', '88235-624', 'Santa Catarina', 'Chapecó', 'São Paulo', 'sit amet,', 1816),
	(57, 'Ap #409-9847 Eu, Avenue', '95526-597', 'RS', 'Gravataí', 'Bahia', 'scelerisque dui.', 802),
	(58, '1179 Nunc Avenue', '80562-698', 'PR', 'Cascavel', 'SP', 'Aenean sed pede nec', 2159),
	(59, 'Ap #963-9207 Ultrices, Av.', '11762-819', 'SP', 'Mauá', 'Bahia', 'ut cursus luctus, ipsum', 2905),
	(60, '973-8351 Quam. Avenue', '58273-144', 'Paraíba', 'Campina Grande', 'São Paulo', 'aliquet. Phasellus fermentum convallis', 1716),
	(61, '999-9792 Vitae Rd.', '67170-985', 'Pará', 'Ananindeua', 'RJ', 'Etiam gravida', 103),
	(62, '191-9346 Egestas. Rd.', '80126-142', 'PR', 'São José dos Pinhais', 'Minas Gerais', 'ipsum. Suspendisse sagittis. Nullam', 2098),
	(63, 'P.O. Box 658, 3262 Fames Rd.', '68890-209', 'Pará', 'Santarém', 'São Paulo', 'tortor. Integer aliquam', 632),
	(64, 'P.O. Box 363, 8822 Euismod St.', '67490-848', 'PA', 'Abaetetuba', 'Minas Gerais', 'Cum sociis natoque', 2449),
	(65, '508-243 Integer Av.', '24874-918', 'Rio de Janeiro', 'São Gonçalo', 'Rio Grande do Sul', 'Phasellus vitae', 2629),
	(66, '5639 Morbi Av.', '89137-095', 'Santa Catarina', 'Criciúma', 'SC', 'adipiscing fringilla, porttitor vulputate,', 6),
	(67, 'P.O. Box 973, 3734 Id, Rd.', '23097-538', 'Rio de Janeiro', 'Campos dos Goytacazes', 'Rio de Janeiro', 'mi tempor', 505),
	(68, '821-4710 Venenatis Street', '96586-173', 'Rio Grande do Sul', 'Santa Maria', 'SP', 'porttitor interdum.', 388),
	(69, 'P.O. Box 246, 1084 Felis. Rd.', '50385-017', 'PE', 'Caruaru', 'Rio de Janeiro', 'enim, sit amet ornare', 1109),
	(70, 'Ap #110-6791 Nulla Rd.', '75732-957', 'Goiás', 'Valparaíso de Goiás', 'Rio Grande do Sul', 'nisl sem, consequat', 2523),
	(71, 'Ap #908-3319 Mauris Ave', '37370951', 'Minas Gerais', 'Belo Horizonte', 'SC', 'nec orci.', 1050),
	(72, '173-1972 In Ave', '12706-241', 'São Paulo', 'Guarulhos', 'BA', 'urna convallis', 272),
	(73, 'Ap #270-6850 Mus. Ave', '17614-876', 'SP', 'Mauá', 'RS', 'hymenaeos. Mauris ut quam', 28),
	(74, 'P.O. Box 320, 4386 Nam St.', '65563-644', 'MA', 'Balsas', 'São Paulo', 'magna sed dui.', 2734),
	(75, 'Ap #946-8851 Aliquet Ave', '19241-749', 'São Paulo', 'Ribeirão Preto', 'SP', 'mauris. Morbi', 116),
	(76, '4662 Ac, Rd.', '24945-322', 'Rio de Janeiro', 'São Gonçalo', 'São Paulo', 'non arcu. Vivamus sit', 1294),
	(77, '7720 Sed, Ave', '12850-497', 'São Paulo', 'Mogi das Cruzes', 'São Paulo', 'nunc nulla vulputate', 2763),
	(78, '325-4266 Duis Ave', '51068-808', 'PE', 'Recife', 'SP', 'sed pede nec', 604),
	(79, '917-5238 Curae; Road', '26804-197', 'Rio de Janeiro', 'São Gonçalo', 'Santa Catarina', 'scelerisque neque. Nullam', 577),
	(80, 'Ap #444-999 Dolor, St.', '83250-064', 'Paraná', 'Londrina', 'PA', 'mauris. Integer sem elit,', 2932),
	(81, 'P.O. Box 240, 9305 Felis St.', '36927269', 'Minas Gerais', 'Contagem', 'RJ', 'facilisis facilisis, magna tellus', 1447),
	(82, 'P.O. Box 472, 2425 Suspendisse Rd.', '99610-126', 'Rio Grande do Sul', 'Rio Grande', 'CE', 'quis urna.', 1923),
	(83, '9273 Cum St.', '14519-564', 'São Paulo', 'Guarulhos', 'Maranhão', 'magna tellus faucibus leo,', 2982),
	(84, '4021 Luctus Avenue', '61044-379', 'Ceará', 'Sobral', 'CE', 'consectetuer mauris id', 1465),
	(85, 'Ap #805-343 Libero Avenue', '35016145', 'Minas Gerais', 'Santa Luzia', 'BA', 'dui. Fusce', 2350),
	(86, 'Ap #311-3151 Tempor Street', '90989-199', 'Rio Grande do Sul', 'Rio Grande', 'PA', 'condimentum eget, volutpat', 1680),
	(87, '652-3764 Scelerisque St.', '61072-115', 'Ceará', 'Juazeiro do Norte', 'PE', 'Proin eget', 2952),
	(88, 'P.O. Box 929, 1858 Vestibulum St.', '11787-825', 'São Paulo', 'Guarulhos', 'Minas Gerais', 'semper cursus. Integer mollis.', 1598),
	(89, 'Ap #634-7936 Natoque St.', '43845-539', 'Bahia', 'Camaçari', 'São Paulo', 'lorem, luctus ut, pellentesque', 2764),
	(90, '518-3643 Urna. St.', '32942994', 'Minas Gerais', 'Betim', 'MG', 'Nunc sollicitudin commodo ipsum.', 2913),
	(91, 'P.O. Box 995, 3891 Elit, Av.', '56495-981', 'Pernambuco', 'Olinda', 'Maranhão', 'ante. Maecenas', 2913),
	(92, '465 Ullamcorper, St.', '58973-356', 'Paraíba', 'Campina Grande', 'Minas Gerais', 'Phasellus vitae mauris', 2185),
	(93, 'Ap #380-5643 Vivamus Street', '42009-261', 'Bahia', 'Ilhéus', 'BA', 'mauris ipsum', 2359),
	(94, 'P.O. Box 680, 9821 Id, Avenue', '90742-502', 'RS', 'Pelotas', 'São Paulo', 'risus. Morbi', 685),
	(95, '755-1644 Vel Av.', '11574-161', 'São Paulo', 'Campinas', 'MG', 'quis accumsan convallis,', 597),
	(96, 'P.O. Box 233, 2853 Sed Avenue', '22213-221', 'Rio de Janeiro', 'Campos dos Goytacazes', 'GO', 'tellus lorem', 854),
	(97, '270 Dui. Avenue', '17813-773', 'São Paulo', 'Carapicuíba', 'PB', 'gravida. Aliquam tincidunt,', 1540),
	(98, 'P.O. Box 353, 8208 Libero. Avenue', '23576-951', 'Rio de Janeiro', 'Nova Iguaçu', 'Rio de Janeiro', 'Duis elementum,', 469),
	(99, 'P.O. Box 103, 4631 Quam Av.', '31330958', 'Minas Gerais', 'Betim', 'BA', 'ut cursus', 1344),
	(100, '256-4460 Nec Ave', '65476-199', 'MA', 'Caxias', 'RS', 'dapibus gravida.', 2084),
	(101, 'P.O. Box 529, 3432 Luctus Ave', '87524-356', 'PR', 'Foz do Iguaçu', 'São Paulo', 'est. Nunc laoreet', 496);
/*!40000 ALTER TABLE `end_endereco` ENABLE KEYS */;


-- Copiando estrutura para tabela projetointegrador.fun_funcionario
CREATE TABLE IF NOT EXISTS `fun_funcionario` (
  `fun_id` int(11) NOT NULL auto_increment,
  `end_id` int(11) NOT NULL,
  `con_id` int(11) NOT NULL,
  `log_id` int(11) default NULL,
  `per_id` int(11) NOT NULL,
  `fun_nome` varchar(200) NOT NULL,
  `fun_cargo` varchar(50) NOT NULL,
  `fun_dataAdmissao` date NOT NULL,
  `fun_dataDemissao` date default NULL,
  `fun_ativo` tinyint(1) NOT NULL,
  `fun_cpf` varchar(14) NOT NULL,
  `fun_sexo` enum('M','F') NOT NULL,
  `fun_pisPasep` varchar(45) NOT NULL,
  `fun_ctps` varchar(45) NOT NULL,
  `fun_serieCtps` varchar(45) NOT NULL,
  `fun_salario` decimal(15,2) NOT NULL,
  PRIMARY KEY  (`fun_id`),
  KEY `end_endereco_id2_idx` (`end_id`),
  KEY `con_contato_id2_idx` (`con_id`),
  KEY `log_login_id1_idx` (`log_id`),
  KEY `per_permissao_id1_idx` (`per_id`),
  CONSTRAINT `con_contato_id2` FOREIGN KEY (`con_id`) REFERENCES `con_contato` (`con_id`) ON DELETE NO ACTION ON UPDATE NO ACTION,
  CONSTRAINT `end_endereco_id2` FOREIGN KEY (`end_id`) REFERENCES `end_endereco` (`end_id`) ON DELETE NO ACTION ON UPDATE NO ACTION,
  CONSTRAINT `log_login_id1` FOREIGN KEY (`log_id`) REFERENCES `log_login` (`log_id`) ON DELETE NO ACTION ON UPDATE NO ACTION,
  CONSTRAINT `per_permissao_id1` FOREIGN KEY (`per_id`) REFERENCES `per_permissao` (`per_id`) ON DELETE NO ACTION ON UPDATE NO ACTION
) ENGINE=InnoDB AUTO_INCREMENT=102 DEFAULT CHARSET=utf8;

-- Copiando dados para a tabela projetointegrador.fun_funcionario: ~101 rows (aproximadamente)
/*!40000 ALTER TABLE `fun_funcionario` DISABLE KEYS */;
INSERT INTO `fun_funcionario` (`fun_id`, `end_id`, `con_id`, `log_id`, `per_id`, `fun_nome`, `fun_cargo`, `fun_dataAdmissao`, `fun_dataDemissao`, `fun_ativo`, `fun_cpf`, `fun_sexo`, `fun_pisPasep`, `fun_ctps`, `fun_serieCtps`, `fun_salario`) VALUES
	(1, 1, 1, 2, 1, 'Alexandre', 'Gerente', '2014-11-04', NULL, 1, '65465', 'M', '4545', '515', '1515', 120000.00),
	(2, 24, 15, 37, 1, 'Allistair T. Rose', 'lorem,', '2014-07-02', NULL, 1, '081.357.369-87', 'M', '7513', '4135', '495', 1694.00),
	(3, 48, 1, 35, 1, 'Kendall U. Horn', 'Quisque', '2015-10-13', NULL, 1, '925.059.331-75', 'F', '8724', '8275', '160', 5443.00),
	(4, 32, 30, 34, 2, 'Miriam F. Monroe', 'arcu.', '2013-12-25', NULL, 1, '356.560.771-31', 'F', '5385', '5200', '346', 4459.00),
	(5, 82, 80, 49, 1, 'Nell N. Dyer', 'molestie', '2015-10-23', NULL, 1, '642.820.943-69', 'M', '128', '945', '451', 6385.00),
	(6, 61, 15, 34, 1, 'Brent O. Little', 'lectus', '2014-11-02', NULL, 1, '670.755.718-01', 'F', '764', '7224', '252', 1541.00),
	(7, 79, 34, 39, 2, 'Slade X. Zimmerman', 'aliquet,', '2013-12-12', NULL, 1, '467.327.683-24', 'F', '389', '6638', '134', 2212.00),
	(8, 67, 62, 34, 2, 'Hollee P. Dejesus', 'mollis.', '2015-01-02', NULL, 1, '392.453.342-38', 'F', '272', '2900', '533', 3883.00),
	(9, 73, 57, 52, 1, 'Hilel P. Acevedo', 'sem', '2015-01-08', NULL, 1, '290.338.751-62', 'M', '2740', '2692', '351', 6064.00),
	(10, 29, 13, 43, 2, 'Indira N. Hopkins', 'lacinia', '2014-04-20', NULL, 1, '999.056.155-28', 'M', '6214', '6658', '505', 9110.00),
	(11, 82, 97, 17, 1, 'Samantha U. Vargas', 'at,', '2014-11-05', NULL, 1, '261.062.233-00', 'M', '7736', '621', '382', 8937.00),
	(12, 14, 98, 46, 1, 'Adam N. Velazquez', 'turpis', '2014-12-24', NULL, 1, '773.010.276-20', 'M', '7019', '7657', '117', 4177.00),
	(13, 62, 37, 19, 1, 'Sylvester K. Thornton', 'purus', '2014-11-23', NULL, 1, '367.916.748-16', 'M', '5070', '3398', '296', 8920.00),
	(14, 89, 94, 1, 2, 'Rashad I. Vance', 'tincidunt', '2014-07-29', NULL, 1, '992.071.851-42', 'F', '2747', '3175', '173', 7812.00),
	(15, 24, 82, 16, 1, 'Autumn X. Bennett', 'porttitor', '2014-10-15', NULL, 1, '085.936.797-70', 'M', '1463', '8189', '197', 1739.00),
	(16, 48, 3, 48, 1, 'Timothy S. Tanner', 'et', '2014-06-02', NULL, 1, '713.998.629-58', 'M', '3478', '5293', '420', 5770.00),
	(17, 83, 40, 38, 2, 'Kasper P. Fuller', 'interdum.', '2014-04-12', NULL, 1, '325.491.431-20', 'F', '8858', '5623', '469', 2206.00),
	(18, 82, 15, 5, 2, 'Kyla S. Stewart', 'vulputate,', '2014-08-18', NULL, 1, '559.271.523-02', 'F', '6040', '3090', '474', 3825.00),
	(19, 51, 41, 4, 2, 'Branden U. Ford', 'Quisque', '2014-07-17', NULL, 1, '192.046.282-05', 'M', '5178', '5497', '157', 8665.00),
	(20, 77, 68, 41, 2, 'Blair S. Madden', 'Sed', '2014-01-20', NULL, 1, '345.866.364-24', 'F', '7590', '5134', '336', 4994.00),
	(21, 76, 6, 45, 2, 'Cassidy F. Randolph', 'eu', '2014-02-02', NULL, 1, '848.401.137-72', 'M', '4523', '1581', '105', 4918.00),
	(22, 24, 19, 49, 1, 'Beverly X. Jordan', 'eu', '2015-08-31', NULL, 1, '486.354.214-53', 'F', '6834', '4178', '403', 7756.00),
	(23, 84, 9, 27, 2, 'Linda C. Klein', 'neque', '2014-02-10', NULL, 1, '460.990.650-33', 'F', '5536', '7299', '453', 2834.00),
	(24, 88, 48, 3, 2, 'Scarlet T. Pittman', 'sem,', '2014-12-16', NULL, 1, '155.039.415-65', 'F', '6711', '2630', '313', 6879.00),
	(25, 74, 52, 30, 1, 'Kuame F. Tran', 'lectus', '2014-10-12', NULL, 1, '021.029.018-68', 'M', '866', '3879', '482', 9465.00),
	(26, 20, 43, 14, 2, 'Calista R. Workman', 'sem', '2013-12-06', NULL, 1, '509.142.791-16', 'M', '5667', '6040', '376', 4097.00),
	(27, 39, 57, 18, 2, 'Lacota B. Salas', 'nec,', '2015-04-25', NULL, 1, '139.254.215-24', 'F', '448', '2316', '147', 4580.00),
	(28, 15, 11, 11, 1, 'Audra Q. English', 'aliquam,', '2014-06-14', NULL, 1, '453.478.771-82', 'M', '2726', '3034', '368', 6726.00),
	(29, 44, 31, 35, 2, 'Julie S. Diaz', 'bibendum.', '2015-05-12', NULL, 1, '888.534.329-04', 'F', '7927', '1012', '437', 1598.00),
	(30, 31, 8, 42, 2, 'Ezra M. Barlow', 'mi', '2015-04-16', NULL, 1, '443.928.846-87', 'M', '3868', '6372', '460', 5337.00),
	(31, 34, 64, 9, 2, 'Zephr M. Travis', 'molestie', '2015-06-26', NULL, 1, '518.103.194-13', 'F', '1544', '6149', '354', 3514.00),
	(32, 64, 72, 30, 2, 'Derek R. Shannon', 'iaculis', '2014-03-28', NULL, 1, '138.032.390-95', 'F', '7920', '2731', '244', 2701.00),
	(33, 1, 49, 32, 2, 'Benjamin N. Macias', 'eget', '2014-11-10', NULL, 1, '485.485.504-33', 'F', '278', '4617', '217', 2795.00),
	(34, 25, 95, 30, 2, 'Yoko E. Weeks', 'non', '2015-10-02', NULL, 1, '292.388.873-89', 'F', '525', '1906', '321', 9409.00),
	(35, 49, 51, 21, 2, 'Colt K. Pitts', 'Aliquam', '2013-11-11', NULL, 1, '433.373.966-42', 'M', '2543', '1812', '113', 3795.00),
	(36, 51, 33, 19, 1, 'Raymond B. Macias', 'Phasellus', '2015-07-22', NULL, 1, '620.394.132-76', 'F', '5339', '8544', '384', 9827.00),
	(37, 56, 39, 26, 2, 'Kyra Z. William', 'Vestibulum', '2014-02-27', NULL, 1, '108.290.124-92', 'M', '6914', '8618', '447', 7052.00),
	(38, 71, 78, 14, 2, 'Kennedy H. Hale', 'lacus.', '2014-12-10', NULL, 1, '306.390.490-58', 'M', '7643', '547', '129', 7490.00),
	(39, 79, 51, 21, 1, 'Donna G. Huber', 'Mauris', '2014-08-28', NULL, 1, '911.634.557-11', 'F', '1781', '6776', '228', 1885.00),
	(40, 97, 10, 21, 1, 'Ezra B. Christian', 'Donec', '2015-02-01', NULL, 1, '374.344.602-88', 'F', '5609', '5448', '226', 3698.00),
	(41, 73, 8, 2, 2, 'Camden A. Bentley', 'nulla', '2014-06-06', NULL, 1, '073.687.431-63', 'M', '3875', '1033', '514', 7412.00),
	(42, 33, 12, 37, 2, 'Emery R. Huber', 'Sed', '2015-06-29', NULL, 1, '746.674.128-48', 'F', '4772', '2274', '281', 9268.00),
	(43, 20, 49, 14, 1, 'Macaulay Q. Sparks', 'Proin', '2015-05-22', NULL, 1, '457.120.175-36', 'F', '4514', '4279', '517', 5187.00),
	(44, 95, 94, 38, 1, 'Ivor S. Cobb', 'metus.', '2015-05-26', NULL, 1, '781.170.351-00', 'F', '3615', '6266', '440', 9763.00),
	(45, 74, 22, 37, 2, 'Jena F. Johnston', 'feugiat', '2014-10-14', NULL, 1, '468.253.364-19', 'F', '2938', '1195', '152', 6953.00),
	(46, 26, 31, 27, 1, 'Constance K. Gross', 'faucibus.', '2014-12-15', NULL, 1, '430.192.676-02', 'M', '3281', '7266', '206', 2223.00),
	(47, 86, 51, 39, 2, 'Nomlanga E. Farmer', 'magnis', '2014-07-13', NULL, 1, '248.533.712-60', 'F', '2651', '993', '233', 7804.00),
	(48, 78, 3, 11, 2, 'Catherine M. Holland', 'pellentesque', '2015-01-08', NULL, 1, '574.067.992-25', 'M', '4671', '6325', '250', 4654.00),
	(49, 15, 8, 50, 2, 'Oleg S. Pitts', 'tincidunt', '2015-03-30', NULL, 1, '694.659.613-68', 'M', '8434', '177', '275', 4785.00),
	(50, 6, 20, 43, 1, 'Hunter M. Wilkinson', 'fringilla', '2015-03-10', NULL, 1, '946.134.022-52', 'M', '3941', '7732', '470', 3419.00),
	(51, 28, 49, 23, 2, 'Jocelyn D. Copeland', 'et,', '2015-09-27', NULL, 1, '874.502.243-43', 'F', '8118', '8623', '354', 5688.00),
	(52, 93, 16, 33, 1, 'Demetria S. Church', 'Curabitur', '2015-07-02', NULL, 1, '623.896.368-86', 'F', '5757', '5424', '451', 2570.00),
	(53, 65, 61, 50, 1, 'Darius J. Roy', 'auctor', '2014-03-13', NULL, 1, '787.975.541-87', 'F', '2929', '5881', '141', 9895.00),
	(54, 93, 95, 9, 1, 'Hamish F. Rivera', 'ultricies', '2014-10-11', NULL, 1, '855.221.110-51', 'F', '356', '2818', '207', 7336.00),
	(55, 71, 99, 6, 1, 'Magee A. Cross', 'accumsan', '2014-04-30', NULL, 1, '496.045.496-76', 'M', '7902', '7688', '115', 8522.00),
	(56, 61, 35, 48, 2, 'Curran C. Lee', 'ut', '2015-03-10', NULL, 1, '651.844.817-24', 'F', '6694', '2975', '155', 4886.00),
	(57, 19, 38, 37, 2, 'Anne H. Rivas', 'vestibulum.', '2014-07-25', NULL, 1, '520.852.632-28', 'F', '5552', '2056', '222', 9803.00),
	(58, 96, 56, 10, 2, 'Kirestin G. Baker', 'Fusce', '2014-01-21', NULL, 1, '086.539.292-18', 'F', '4903', '1258', '340', 8814.00),
	(59, 47, 96, 16, 2, 'Morgan I. Langley', 'lacinia', '2014-08-17', NULL, 1, '097.623.060-13', 'F', '3061', '4675', '182', 9343.00),
	(60, 81, 66, 47, 1, 'Xenos E. Molina', 'fermentum', '2014-10-14', NULL, 1, '660.742.551-06', 'F', '2035', '4429', '125', 2288.00),
	(61, 68, 58, 16, 2, 'Alan C. Zimmerman', 'ultrices.', '2014-05-14', NULL, 1, '780.779.356-80', 'M', '8619', '4068', '462', 4484.00),
	(62, 20, 6, 44, 2, 'Inez T. Chaney', 'rutrum,', '2014-09-01', NULL, 1, '082.069.793-44', 'M', '6681', '861', '201', 5495.00),
	(63, 90, 9, 51, 2, 'Sheila G. Powers', 'sit', '2015-08-28', NULL, 1, '143.687.997-11', 'M', '4237', '5283', '191', 5499.00),
	(64, 54, 79, 15, 2, 'Sharon T. Burch', 'eget', '2015-10-24', NULL, 1, '473.060.977-62', 'F', '5786', '4438', '482', 9100.00),
	(65, 97, 69, 16, 2, 'Ariel R. Emerson', 'ipsum', '2015-08-31', NULL, 1, '820.422.532-66', 'F', '4677', '2767', '526', 9739.00),
	(66, 57, 12, 17, 2, 'Gwendolyn U. Stone', 'Phasellus', '2014-01-24', NULL, 1, '887.060.703-66', 'F', '8833', '486', '284', 8442.00),
	(67, 3, 26, 46, 2, 'Thor I. Tucker', 'semper', '2013-11-16', NULL, 1, '352.884.606-14', 'F', '285', '8524', '359', 6370.00),
	(68, 71, 77, 15, 2, 'Cleo G. Clemons', 'elit', '2015-02-19', NULL, 1, '448.365.656-29', 'M', '1086', '8664', '449', 7561.00),
	(69, 70, 45, 27, 1, 'Carissa H. Walton', 'enim,', '2014-12-04', NULL, 1, '264.235.937-43', 'M', '6583', '4155', '194', 6705.00),
	(70, 80, 34, 26, 1, 'Colette R. Huff', 'Nulla', '2015-03-24', NULL, 1, '093.796.999-93', 'M', '2627', '7828', '393', 5291.00),
	(71, 9, 87, 34, 2, 'Jessica G. Finch', 'justo', '2015-03-07', NULL, 1, '665.004.843-20', 'F', '8937', '7606', '341', 4062.00),
	(72, 41, 33, 18, 1, 'Wendy V. Knight', 'et', '2015-05-18', NULL, 1, '012.178.450-99', 'F', '5598', '1801', '501', 9601.00),
	(73, 3, 91, 19, 2, 'Barrett I. Gonzales', 'magna.', '2014-01-16', NULL, 1, '214.769.963-16', 'M', '5184', '3748', '507', 8335.00),
	(74, 16, 98, 28, 1, 'Signe A. Leblanc', 'diam', '2015-07-07', NULL, 1, '693.346.364-38', 'F', '6119', '818', '275', 6308.00),
	(75, 4, 10, 34, 2, 'Cora A. Keith', 'ullamcorper', '2014-12-03', NULL, 1, '025.901.582-97', 'M', '7324', '8107', '315', 8750.00),
	(76, 98, 92, 52, 1, 'Harding Y. Kidd', 'vitae,', '2014-03-18', NULL, 1, '454.832.256-65', 'M', '7052', '8673', '349', 4798.00),
	(77, 95, 51, 52, 1, 'Shafira I. Mueller', 'elit', '2015-01-14', NULL, 1, '173.083.519-79', 'M', '3536', '8676', '165', 7989.00),
	(78, 13, 25, 24, 2, 'Brynn Z. Vasquez', 'dolor', '2015-08-12', NULL, 1, '721.260.883-31', 'F', '5925', '3777', '429', 4599.00),
	(79, 23, 34, 26, 1, 'Bianca F. Zamora', 'sodales', '2013-11-07', NULL, 1, '535.228.289-97', 'F', '8507', '4348', '514', 4604.00),
	(80, 44, 14, 16, 1, 'Lacota L. Conway', 'orci,', '2015-10-15', NULL, 1, '157.109.583-61', 'M', '1268', '6410', '219', 9890.00),
	(81, 81, 71, 4, 2, 'Hannah Y. Knowles', 'tristique', '2015-08-16', NULL, 1, '801.037.223-99', 'F', '3630', '3203', '121', 4685.00),
	(82, 53, 34, 37, 1, 'Todd H. Hogan', 'sit', '2015-05-13', NULL, 1, '088.265.172-32', 'M', '5759', '6063', '349', 7672.00),
	(83, 44, 101, 5, 1, 'Irma D. Christensen', 'et', '2015-10-13', NULL, 1, '188.537.419-15', 'M', '6538', '7361', '473', 7941.00),
	(84, 94, 16, 5, 2, 'Isaac B. Haley', 'Phasellus', '2014-01-15', NULL, 1, '757.084.608-85', 'F', '664', '7084', '496', 2450.00),
	(85, 11, 60, 43, 1, 'Damon D. Goodman', 'ultrices', '2015-05-07', NULL, 1, '365.369.676-61', 'M', '2024', '8400', '262', 8496.00),
	(86, 50, 49, 21, 1, 'Imelda G. Blake', 'montes,', '2014-10-16', NULL, 1, '333.059.654-25', 'M', '7794', '3257', '467', 8372.00),
	(87, 8, 88, 27, 1, 'Kyra O. Mays', 'auctor.', '2015-04-21', NULL, 1, '443.772.985-60', 'M', '2773', '8191', '153', 2534.00),
	(88, 66, 34, 50, 1, 'Trevor R. Waller', 'Nulla', '2015-10-06', NULL, 1, '440.030.525-80', 'M', '4435', '5898', '176', 5024.00),
	(89, 23, 54, 42, 2, 'Merritt E. Richards', 'nisi', '2014-11-09', NULL, 1, '616.720.263-61', 'M', '5670', '4732', '331', 9731.00),
	(90, 82, 98, 34, 1, 'Magee T. Koch', 'Nullam', '2015-05-08', NULL, 1, '492.273.013-87', 'M', '2016', '3907', '498', 5722.00),
	(91, 49, 51, 6, 1, 'Arsenio J. Mack', 'quam.', '2015-03-16', NULL, 1, '813.255.794-79', 'F', '655', '974', '347', 8537.00),
	(92, 65, 33, 42, 1, 'Irma H. Sexton', 'tortor,', '2013-12-14', NULL, 1, '457.299.959-63', 'M', '1370', '4261', '315', 8692.00),
	(93, 89, 17, 10, 1, 'Karen Z. Powers', 'convallis', '2015-10-18', NULL, 1, '238.759.630-91', 'F', '3982', '4274', '530', 5904.00),
	(94, 42, 71, 31, 2, 'Simon G. Brown', 'dui.', '2014-03-25', NULL, 1, '310.122.984-44', 'M', '1311', '8547', '245', 5282.00),
	(95, 13, 85, 8, 2, 'Michael U. Sheppard', 'ultrices,', '2015-02-15', NULL, 1, '260.246.047-71', 'M', '6790', '6654', '550', 2995.00),
	(96, 42, 94, 37, 1, 'Jescie Y. Matthews', 'ante.', '2015-01-21', NULL, 1, '777.963.859-76', 'F', '7217', '5140', '531', 9594.00),
	(97, 60, 79, 9, 1, 'Faith H. Crosby', 'in', '2014-12-17', NULL, 1, '440.283.925-47', 'M', '6812', '5341', '373', 9245.00),
	(98, 68, 77, 3, 1, 'Rashad A. Kelly', 'aliquet', '2014-03-27', NULL, 1, '098.738.550-24', 'M', '1199', '1541', '335', 8783.00),
	(99, 43, 39, 26, 2, 'Orla R. Tyson', 'sit', '2014-07-13', NULL, 1, '921.068.013-05', 'F', '8549', '8526', '420', 5963.00),
	(100, 95, 87, 29, 1, 'Carly M. Stafford', 'magna', '2015-05-20', NULL, 1, '312.147.136-56', 'M', '7567', '633', '423', 2858.00),
	(101, 80, 71, 5, 2, 'Delilah Q. Delgado', 'sit', '2014-11-21', NULL, 1, '870.234.729-99', 'M', '525', '5436', '530', 3237.00);
/*!40000 ALTER TABLE `fun_funcionario` ENABLE KEYS */;


-- Copiando estrutura para tabela projetointegrador.log_login
CREATE TABLE IF NOT EXISTS `log_login` (
  `log_id` int(11) NOT NULL auto_increment,
  `log_usuario` varchar(50) NOT NULL,
  `log_senha` varchar(50) NOT NULL,
  PRIMARY KEY  (`log_id`),
  UNIQUE KEY `usuario_UNIQUE` (`log_usuario`)
) ENGINE=InnoDB AUTO_INCREMENT=56 DEFAULT CHARSET=utf8;

-- Copiando dados para a tabela projetointegrador.log_login: ~52 rows (aproximadamente)
/*!40000 ALTER TABLE `log_login` DISABLE KEYS */;
INSERT INTO `log_login` (`log_id`, `log_usuario`, `log_senha`) VALUES
	(1, 'cli', 'cli'),
	(2, 'fun', 'fun'),
	(3, 'Pollard', 'JNW39FAI6RT'),
	(4, 'Brennan', 'EYL63IVE5YA'),
	(5, 'Arnold', 'CDC55XBD1SH'),
	(6, 'Castillo', 'KVU42MSW5EB'),
	(7, 'Talley', 'QJY33EUL1RG'),
	(8, 'Wilkerson', 'SGB15YRS7MG'),
	(9, 'Evans', 'IVZ23EIZ8BR'),
	(10, 'Knowles', 'ZHS51CSW4EP'),
	(11, 'Aguirre', 'TOR42ZGL5LP'),
	(12, 'Mills', 'FLZ04JSQ0DK'),
	(13, 'West', 'VOC99CYR6OH'),
	(14, 'Boyer', 'APJ34JTC8EY'),
	(15, 'Grant', 'ZHW81CTG5DS'),
	(16, 'Simon', 'CLS08BJM9NA'),
	(17, 'Hobbs', 'LFS68YJC3QI'),
	(18, 'Finley', 'FWW02TDI5KJ'),
	(19, 'Flores', 'JHP42OQH4RR'),
	(20, 'Best', 'CMU06FRS6JQ'),
	(21, 'Hines', 'CLD13PJQ8CU'),
	(22, 'Pace', 'CVG99JHB2FG'),
	(23, 'Nicholson', 'UOT37OCJ7XH'),
	(24, 'Williamson', 'ZOB84BWC2DJ'),
	(25, 'Shepherd', 'ZGP46VNF9HS'),
	(26, 'Owens', 'TGD15KFI2HY'),
	(27, 'Preston', 'GTI59UEU6KW'),
	(28, 'Oneil', 'CRI71MFV6TN'),
	(29, 'Hess', 'PFG35TRW2CE'),
	(30, 'Francis', 'KQK30SML1ZP'),
	(31, 'Wells', 'UTI43BLX4YM'),
	(32, 'Mullen', 'QBE26LON9WP'),
	(33, 'Parker', 'IDT31TMC6SW'),
	(34, 'Barron', 'MBP18LYZ9PS'),
	(35, 'Richards', 'ZGS92VEA8EV'),
	(36, 'Crosby', 'JCO71BML0PW'),
	(37, 'Salinas', 'EWQ53ILJ5DK'),
	(38, 'Dejesus', 'CYO50LFG7BB'),
	(39, 'Harrington', 'BBO19WXG3PC'),
	(40, 'Mccall', 'VBZ75GBV1QR'),
	(41, 'Herring', 'UPB50USQ4ZM'),
	(42, 'Schroeder', 'VNF34HKO7TI'),
	(43, 'Spears', 'BVZ93QSS2PC'),
	(44, 'Workman', 'GYM21DGE1EZ'),
	(45, 'Christian', 'TGB72BPH1QZ'),
	(46, 'Malone', 'FYE87VDG5ET'),
	(47, 'Mejia', 'OAK08VBQ6EN'),
	(48, 'Olson', 'SZK75LFA1OF'),
	(49, 'Rivers', 'NXI90TFR2UI'),
	(50, 'Sherman', 'PTC15VRF0OT'),
	(51, 'Wiley', 'YAU87YSK2FH'),
	(52, 'Berg', 'SII13AEN1VH');
/*!40000 ALTER TABLE `log_login` ENABLE KEYS */;


-- Copiando estrutura para tabela projetointegrador.move_movestoque
CREATE TABLE IF NOT EXISTS `move_movestoque` (
  `move_id` int(11) NOT NULL auto_increment,
  `opes_id` int(11) NOT NULL,
  `prod_id` int(11) NOT NULL,
  `peit_id` int(11) default NULL,
  `fun_id` int(11) NOT NULL,
  `move_dataHoraInicial` datetime default NULL,
  `move_dataHoraFinal` datetime default NULL,
  `move_qtdeInicial` int(11) default NULL,
  `move_qtdeFinal` int(11) default NULL,
  PRIMARY KEY  (`move_id`),
  KEY `fk_move_movestoque_opes_operacaoestoque1_idx` (`opes_id`),
  KEY `fk_move_movestoque_peit_pedidoitem1_idx` (`peit_id`),
  KEY `fun_funcionario_id1_idx` (`fun_id`),
  KEY `prod_produto_id1_idx` (`prod_id`),
  CONSTRAINT `fk_move_movestoque_opes_operacaoestoque1` FOREIGN KEY (`opes_id`) REFERENCES `opes_operacaoestoque` (`opes_id`) ON DELETE NO ACTION ON UPDATE NO ACTION,
  CONSTRAINT `fk_move_movestoque_peit_pedidoitem1` FOREIGN KEY (`peit_id`) REFERENCES `peit_pedidoitem` (`peit_id`) ON DELETE NO ACTION ON UPDATE NO ACTION,
  CONSTRAINT `fun_funcionario_id1` FOREIGN KEY (`fun_id`) REFERENCES `fun_funcionario` (`fun_id`) ON DELETE NO ACTION ON UPDATE NO ACTION,
  CONSTRAINT `prod_produto_id1` FOREIGN KEY (`prod_id`) REFERENCES `prod_produto` (`prod_id`) ON DELETE NO ACTION ON UPDATE NO ACTION
) ENGINE=InnoDB AUTO_INCREMENT=102 DEFAULT CHARSET=utf8;

-- Copiando dados para a tabela projetointegrador.move_movestoque: ~0 rows (aproximadamente)
/*!40000 ALTER TABLE `move_movestoque` DISABLE KEYS */;
INSERT INTO `move_movestoque` (`move_id`, `opes_id`, `prod_id`, `peit_id`, `fun_id`, `move_dataHoraInicial`, `move_dataHoraFinal`, `move_qtdeInicial`, `move_qtdeFinal`) VALUES
	(2, 6, 33, NULL, 50, '2013-11-29 15:35:00', '2015-01-22 06:12:34', 30, 17),
	(3, 5, 13, NULL, 21, '2014-08-05 00:14:29', '2015-10-21 09:32:21', 30, 32),
	(4, 4, 23, NULL, 96, '2014-07-16 20:45:38', '2014-07-05 13:42:00', 39, 30),
	(5, 4, 4, NULL, 9, '2015-08-20 13:32:00', '2015-03-11 17:16:35', 35, 24),
	(6, 4, 5, NULL, 50, '2015-03-12 13:35:35', '2015-08-13 17:35:43', 30, 26),
	(7, 3, 44, NULL, 12, '2014-09-13 15:58:50', '2014-01-10 12:58:27', 34, 25),
	(8, 1, 44, NULL, 97, '2015-07-26 07:26:33', '2015-05-15 04:35:08', 32, 19),
	(9, 2, 53, NULL, 37, '2014-12-05 15:07:48', '2014-01-15 13:58:50', 29, 32),
	(10, 6, 95, NULL, 81, '2015-01-15 01:08:15', '2015-09-17 02:33:58', 34, 23),
	(11, 2, 38, NULL, 21, '2013-11-21 08:08:17', '2015-03-13 14:40:22', 29, 29),
	(12, 5, 100, NULL, 71, '2014-11-08 09:03:08', '2014-03-26 18:20:29', 34, 20),
	(13, 5, 50, NULL, 92, '2014-10-24 00:25:26', '2015-02-21 07:13:37', 33, 31),
	(14, 6, 27, NULL, 96, '2014-11-25 03:12:43', '2014-11-13 12:05:49', 24, 27),
	(15, 2, 40, NULL, 40, '2015-08-22 18:03:51', '2014-06-15 10:18:05', 30, 32),
	(16, 1, 85, NULL, 35, '2015-09-26 14:08:04', '2015-07-19 22:29:28', 35, 25),
	(17, 4, 56, NULL, 7, '2014-12-02 10:14:58', '2015-09-14 02:23:07', 16, 30),
	(18, 6, 5, NULL, 50, '2014-09-09 01:05:09', '2014-12-07 15:03:36', 13, 23),
	(19, 6, 47, NULL, 48, '2014-03-31 17:59:17', '2015-07-27 02:22:16', 28, 28),
	(20, 5, 24, NULL, 86, '2015-07-01 16:53:11', '2015-10-02 06:13:47', 18, 16),
	(21, 3, 58, NULL, 58, '2015-10-11 10:51:54', '2014-03-10 17:00:58', 36, 20),
	(22, 2, 58, NULL, 95, '2014-05-22 06:09:45', '2015-01-28 08:18:46', 36, 31),
	(23, 6, 67, NULL, 89, '2015-07-05 12:52:43', '2014-03-11 14:01:12', 37, 23),
	(24, 6, 98, NULL, 65, '2015-05-02 04:38:07', '2015-03-15 06:12:45', 39, 27),
	(25, 1, 87, NULL, 34, '2014-10-03 17:14:52', '2014-04-19 09:40:26', 31, 31),
	(26, 3, 8, NULL, 47, '2015-03-26 20:13:45', '2015-03-19 01:19:25', 13, 18),
	(27, 2, 79, NULL, 5, '2014-07-21 05:58:02', '2015-05-23 04:35:16', 39, 32),
	(28, 5, 31, NULL, 45, '2014-12-08 17:05:35', '2014-11-23 19:35:10', 17, 33),
	(29, 6, 99, NULL, 60, '2015-04-05 18:43:17', '2015-03-20 00:15:57', 37, 33),
	(30, 1, 7, NULL, 52, '2014-12-09 12:24:55', '2015-08-04 13:38:17', 19, 33),
	(31, 4, 69, NULL, 72, '2014-07-29 21:33:54', '2013-11-19 09:40:57', 28, 19),
	(32, 2, 74, NULL, 9, '2015-07-23 23:37:23', '2014-07-18 20:22:22', 17, 19),
	(33, 3, 21, NULL, 22, '2014-08-01 08:49:19', '2014-01-12 18:18:21', 31, 29),
	(34, 2, 12, NULL, 54, '2015-10-03 07:40:57', '2015-03-13 01:02:09', 16, 26),
	(35, 3, 62, NULL, 101, '2013-11-24 23:07:29', '2015-06-27 00:18:18', 40, 28),
	(36, 4, 49, NULL, 51, '2015-05-08 11:11:33', '2015-07-09 12:26:34', 40, 15),
	(37, 4, 48, NULL, 60, '2014-11-13 23:58:20', '2015-11-02 14:07:44', 14, 22),
	(38, 3, 35, NULL, 13, '2015-01-11 18:05:15', '2014-08-03 03:33:25', 17, 26),
	(39, 3, 70, NULL, 31, '2014-06-29 02:09:47', '2014-10-10 01:42:45', 29, 25),
	(40, 2, 38, NULL, 85, '2015-05-14 01:29:12', '2014-05-21 05:36:40', 26, 23),
	(41, 6, 10, NULL, 14, '2015-01-15 12:28:23', '2014-06-13 14:46:13', 18, 22),
	(42, 5, 35, NULL, 60, '2015-07-02 17:34:45', '2014-02-11 19:37:40', 30, 25),
	(43, 6, 52, NULL, 70, '2014-03-12 13:13:25', '2014-04-02 17:39:20', 18, 29),
	(44, 4, 84, NULL, 9, '2014-04-13 18:03:50', '2014-12-23 20:13:35', 15, 29),
	(45, 5, 84, NULL, 70, '2014-01-07 15:18:12', '2014-07-24 19:13:31', 12, 30),
	(46, 5, 75, NULL, 78, '2015-03-07 22:34:55', '2013-11-21 00:14:05', 38, 34),
	(47, 6, 17, NULL, 16, '2015-07-22 20:47:25', '2015-04-04 14:07:52', 26, 26),
	(48, 3, 54, NULL, 15, '2014-09-24 01:22:21', '2014-05-22 06:10:34', 31, 27),
	(49, 6, 41, NULL, 100, '2015-10-18 12:25:28', '2015-08-31 10:07:03', 32, 18),
	(50, 4, 81, NULL, 64, '2014-12-27 00:15:25', '2015-04-16 17:53:02', 26, 24),
	(51, 1, 11, NULL, 85, '2014-08-22 07:24:24', '2015-09-15 10:57:55', 19, 22),
	(52, 3, 62, NULL, 36, '2014-11-12 05:16:49', '2014-08-12 08:59:12', 22, 20),
	(53, 1, 50, NULL, 48, '2015-07-03 19:37:37', '2015-02-01 04:20:25', 28, 30),
	(54, 4, 100, NULL, 7, '2014-12-13 11:15:26', '2014-03-01 02:53:09', 28, 26),
	(55, 5, 72, NULL, 93, '2014-04-30 14:36:48', '2014-03-15 04:47:35', 19, 35),
	(56, 5, 80, NULL, 21, '2015-07-19 00:39:42', '2015-05-02 23:59:59', 29, 24),
	(57, 2, 98, NULL, 53, '2014-11-09 21:06:44', '2014-09-03 00:58:32', 34, 32),
	(58, 4, 101, NULL, 68, '2015-06-01 02:25:24', '2015-05-24 06:46:48', 38, 28),
	(59, 3, 8, NULL, 64, '2015-03-09 16:11:28', '2014-07-01 09:40:42', 15, 24),
	(60, 5, 72, NULL, 53, '2015-01-24 07:32:38', '2015-08-07 20:03:31', 29, 28),
	(61, 4, 36, NULL, 43, '2015-07-26 17:54:02', '2015-08-25 17:05:22', 33, 21),
	(62, 5, 96, NULL, 19, '2014-04-09 14:41:52', '2015-03-11 16:00:58', 27, 15),
	(63, 1, 27, NULL, 46, '2014-07-29 07:58:24', '2013-12-22 21:06:20', 12, 29),
	(64, 1, 70, NULL, 100, '2015-04-17 06:47:15', '2015-10-27 21:25:44', 29, 25),
	(65, 5, 98, NULL, 83, '2015-05-06 05:32:20', '2014-07-10 11:03:57', 26, 18),
	(66, 1, 71, NULL, 71, '2015-07-03 02:03:12', '2014-03-03 07:04:42', 33, 31),
	(67, 2, 39, NULL, 59, '2014-10-02 18:27:31', '2015-07-29 17:09:37', 22, 23),
	(68, 5, 52, NULL, 100, '2015-04-05 07:41:16', '2015-04-20 04:02:55', 20, 30),
	(69, 4, 43, NULL, 1, '2015-02-19 08:44:17', '2015-10-06 23:41:19', 17, 34),
	(70, 6, 79, NULL, 16, '2013-11-19 08:55:38', '2015-04-06 05:22:48', 28, 29),
	(71, 3, 64, NULL, 81, '2014-09-28 06:39:33', '2015-09-24 08:11:38', 32, 16),
	(72, 5, 18, NULL, 38, '2014-12-12 04:01:26', '2014-12-17 15:20:53', 24, 32),
	(73, 2, 28, NULL, 33, '2014-09-16 09:10:55', '2015-06-27 12:17:41', 31, 27),
	(74, 4, 39, NULL, 16, '2015-08-02 08:38:28', '2015-07-25 09:45:51', 21, 32),
	(75, 3, 44, NULL, 98, '2014-01-16 22:44:59', '2015-06-08 01:12:49', 23, 28),
	(76, 1, 65, NULL, 41, '2015-03-13 09:07:47', '2014-05-11 05:28:58', 23, 33),
	(77, 5, 72, NULL, 85, '2015-03-01 17:55:07', '2015-06-25 23:44:50', 14, 27),
	(78, 4, 34, NULL, 29, '2014-03-29 23:09:56', '2015-01-05 01:24:55', 27, 28),
	(79, 5, 25, NULL, 35, '2014-12-18 13:45:19', '2014-04-27 00:26:41', 29, 34),
	(80, 2, 73, NULL, 19, '2015-10-26 21:36:58', '2014-07-01 10:25:53', 33, 20),
	(81, 1, 92, NULL, 18, '2014-01-15 08:00:31', '2015-06-24 02:09:47', 27, 23),
	(82, 1, 10, NULL, 36, '2013-12-01 09:36:05', '2014-03-03 15:51:52', 39, 15),
	(83, 2, 60, NULL, 100, '2015-05-23 07:08:52', '2014-10-27 09:31:12', 16, 15),
	(84, 4, 38, NULL, 28, '2014-12-17 12:00:10', '2015-03-21 17:13:05', 29, 16),
	(85, 3, 93, NULL, 19, '2014-03-27 18:48:29', '2014-04-11 19:17:21', 19, 32),
	(86, 2, 40, NULL, 90, '2015-06-06 12:46:20', '2015-03-07 21:33:32', 12, 18),
	(87, 5, 101, NULL, 79, '2013-12-16 05:59:11', '2015-04-09 04:42:00', 38, 35),
	(88, 6, 46, NULL, 16, '2015-05-01 19:25:39', '2015-02-16 19:38:52', 29, 34),
	(89, 1, 57, NULL, 72, '2013-12-05 21:12:06', '2015-10-03 11:29:10', 19, 23),
	(90, 1, 63, NULL, 62, '2014-08-14 13:20:57', '2015-09-10 20:52:50', 17, 35),
	(91, 1, 89, NULL, 84, '2014-04-06 09:21:22', '2015-02-23 03:45:22', 27, 15),
	(92, 2, 41, NULL, 75, '2014-05-14 00:28:10', '2015-05-31 08:46:39', 13, 18),
	(93, 1, 16, NULL, 6, '2014-08-31 02:47:53', '2015-01-29 17:15:57', 29, 31),
	(94, 2, 94, NULL, 12, '2015-08-22 16:02:34', '2015-09-24 10:28:39', 20, 30),
	(95, 6, 91, NULL, 7, '2015-03-25 21:59:40', '2013-12-20 01:36:04', 26, 15),
	(96, 6, 45, NULL, 101, '2014-10-10 08:57:30', '2015-08-11 23:49:25', 35, 23),
	(97, 6, 15, NULL, 46, '2014-07-07 00:05:05', '2013-11-22 16:13:13', 21, 24),
	(98, 6, 95, NULL, 57, '2014-05-13 02:32:51', '2015-03-19 07:00:12', 27, 28),
	(99, 4, 96, NULL, 25, '2014-01-29 17:24:43', '2014-06-22 06:55:54', 26, 24),
	(100, 4, 50, NULL, 54, '2013-11-20 11:20:54', '2014-07-30 12:30:54', 37, 32),
	(101, 5, 35, NULL, 60, '2015-01-07 11:16:05', '2015-01-27 04:01:00', 24, 33);
/*!40000 ALTER TABLE `move_movestoque` ENABLE KEYS */;


-- Copiando estrutura para tabela projetointegrador.opes_operacaoestoque
CREATE TABLE IF NOT EXISTS `opes_operacaoestoque` (
  `opes_id` int(11) NOT NULL auto_increment,
  `opes_descricao` varchar(50) NOT NULL,
  `opes_tipo` enum('E','S') default NULL,
  PRIMARY KEY  (`opes_id`)
) ENGINE=InnoDB AUTO_INCREMENT=7 DEFAULT CHARSET=utf8;

-- Copiando dados para a tabela projetointegrador.opes_operacaoestoque: ~6 rows (aproximadamente)
/*!40000 ALTER TABLE `opes_operacaoestoque` DISABLE KEYS */;
INSERT INTO `opes_operacaoestoque` (`opes_id`, `opes_descricao`, `opes_tipo`) VALUES
	(1, 'fabricação', 'E'),
	(2, 'devolução', 'E'),
	(3, 'balanço de estoque', 'E'),
	(4, 'venda', 'S'),
	(5, 'consignação', 'S'),
	(6, 'balanco de estoque', 'S');
/*!40000 ALTER TABLE `opes_operacaoestoque` ENABLE KEYS */;


-- Copiando estrutura para tabela projetointegrador.pecli_pedidocliente
CREATE TABLE IF NOT EXISTS `pecli_pedidocliente` (
  `pecli_id` int(11) NOT NULL,
  `prod_id` int(11) NOT NULL,
  `cli_id` int(11) NOT NULL,
  `pecli_qtde` int(11) NOT NULL,
  `pecli_data` datetime default NULL,
  `pecli_valor` decimal(15,2) default NULL,
  PRIMARY KEY  (`pecli_id`),
  KEY `fk_pecli_pedidocliente_prod_produto1_idx` (`prod_id`),
  KEY `fk_pecli_pedidocliente_cli_cliente1_idx` (`cli_id`),
  CONSTRAINT `fk_pecli_pedidocliente_cli_cliente1` FOREIGN KEY (`cli_id`) REFERENCES `cli_cliente` (`cli_id`) ON DELETE NO ACTION ON UPDATE NO ACTION,
  CONSTRAINT `fk_pecli_pedidocliente_prod_produto1` FOREIGN KEY (`prod_id`) REFERENCES `prod_produto` (`prod_id`) ON DELETE NO ACTION ON UPDATE NO ACTION
) ENGINE=InnoDB DEFAULT CHARSET=utf8;

-- Copiando dados para a tabela projetointegrador.pecli_pedidocliente: ~100 rows (aproximadamente)
/*!40000 ALTER TABLE `pecli_pedidocliente` DISABLE KEYS */;
INSERT INTO `pecli_pedidocliente` (`pecli_id`, `prod_id`, `cli_id`, `pecli_qtde`, `pecli_data`, `pecli_valor`) VALUES
	(2, 7, 23, 10, '2014-10-22 00:00:00', 33.00),
	(3, 5, 84, 3, '2014-10-24 00:00:00', 25.00),
	(4, 70, 88, 10, '2015-07-13 00:00:00', 30.00),
	(5, 86, 36, 6, '2014-04-24 00:00:00', 29.00),
	(6, 96, 21, 9, '2014-03-26 00:00:00', 36.00),
	(7, 34, 75, 3, '2014-01-20 00:00:00', 17.00),
	(8, 32, 61, 4, '2014-02-05 00:00:00', 15.00),
	(9, 5, 22, 10, '2014-04-21 00:00:00', 38.00),
	(10, 61, 81, 8, '2014-12-05 00:00:00', 17.00),
	(11, 70, 62, 3, '2014-05-25 00:00:00', 27.00),
	(12, 86, 48, 3, '2014-11-24 00:00:00', 26.00),
	(13, 60, 13, 9, '2013-12-26 00:00:00', 22.00),
	(14, 64, 75, 7, '2015-03-29 00:00:00', 37.00),
	(15, 58, 63, 4, '2013-11-16 00:00:00', 19.00),
	(16, 90, 58, 7, '2014-10-08 00:00:00', 39.00),
	(17, 38, 93, 7, '2015-09-19 00:00:00', 15.00),
	(18, 75, 63, 9, '2015-07-18 00:00:00', 17.00),
	(19, 80, 7, 6, '2015-03-25 00:00:00', 20.00),
	(20, 8, 87, 5, '2014-08-15 00:00:00', 36.00),
	(21, 8, 65, 7, '2013-12-23 00:00:00', 31.00),
	(22, 10, 93, 6, '2014-03-21 00:00:00', 32.00),
	(23, 54, 51, 5, '2014-02-09 00:00:00', 38.00),
	(24, 53, 69, 3, '2015-10-16 00:00:00', 35.00),
	(25, 48, 99, 5, '2014-03-19 00:00:00', 39.00),
	(26, 18, 56, 8, '2014-07-31 00:00:00', 19.00),
	(27, 53, 68, 7, '2013-12-04 00:00:00', 28.00),
	(28, 44, 23, 5, '2014-05-07 00:00:00', 16.00),
	(29, 45, 41, 3, '2014-04-04 00:00:00', 18.00),
	(30, 92, 65, 3, '2014-08-19 00:00:00', 29.00),
	(31, 66, 49, 5, '2015-08-17 00:00:00', 18.00),
	(32, 98, 56, 6, '2014-01-18 00:00:00', 20.00),
	(33, 49, 63, 5, '2014-05-24 00:00:00', 24.00),
	(34, 46, 1, 8, '2014-09-08 00:00:00', 35.00),
	(35, 42, 56, 6, '2014-08-27 00:00:00', 18.00),
	(36, 5, 77, 7, '2014-02-20 00:00:00', 39.00),
	(37, 60, 73, 8, '2013-11-18 00:00:00', 26.00),
	(38, 101, 44, 8, '2014-11-11 00:00:00', 30.00),
	(39, 82, 32, 4, '2014-03-29 00:00:00', 36.00),
	(40, 12, 92, 3, '2014-11-03 00:00:00', 39.00),
	(41, 25, 97, 5, '2014-01-20 00:00:00', 19.00),
	(42, 49, 18, 5, '2015-10-21 00:00:00', 38.00),
	(43, 99, 36, 8, '2014-01-30 00:00:00', 38.00),
	(44, 42, 16, 4, '2014-05-29 00:00:00', 38.00),
	(45, 7, 93, 3, '2015-08-08 00:00:00', 18.00),
	(46, 95, 16, 4, '2015-01-13 00:00:00', 27.00),
	(47, 64, 30, 8, '2014-06-01 00:00:00', 33.00),
	(48, 46, 66, 5, '2015-04-25 00:00:00', 40.00),
	(49, 90, 5, 7, '2015-02-14 00:00:00', 36.00),
	(50, 24, 70, 6, '2014-10-12 00:00:00', 28.00),
	(51, 62, 68, 5, '2014-02-08 00:00:00', 32.00),
	(52, 20, 49, 8, '2014-07-01 00:00:00', 31.00),
	(53, 86, 93, 6, '2014-02-05 00:00:00', 35.00),
	(54, 66, 29, 8, '2015-07-21 00:00:00', 37.00),
	(55, 40, 32, 10, '2014-10-15 00:00:00', 38.00),
	(56, 55, 47, 3, '2015-07-30 00:00:00', 15.00),
	(57, 1, 41, 5, '2015-08-18 00:00:00', 17.00),
	(58, 59, 48, 6, '2013-12-02 00:00:00', 15.00),
	(59, 56, 1, 10, '2014-03-12 00:00:00', 36.00),
	(60, 43, 67, 5, '2015-08-14 00:00:00', 37.00),
	(61, 25, 75, 6, '2015-09-07 00:00:00', 33.00),
	(62, 55, 92, 9, '2014-05-16 00:00:00', 40.00),
	(63, 5, 14, 5, '2014-10-28 00:00:00', 34.00),
	(64, 95, 10, 8, '2014-11-27 00:00:00', 24.00),
	(65, 5, 71, 6, '2015-04-30 00:00:00', 38.00),
	(66, 52, 41, 10, '2014-08-21 00:00:00', 18.00),
	(67, 6, 14, 3, '2015-06-23 00:00:00', 25.00),
	(68, 49, 83, 7, '2014-08-10 00:00:00', 30.00),
	(69, 31, 79, 10, '2014-07-26 00:00:00', 38.00),
	(70, 51, 8, 3, '2015-01-29 00:00:00', 16.00),
	(71, 41, 12, 6, '2014-01-02 00:00:00', 15.00),
	(72, 25, 12, 3, '2014-09-26 00:00:00', 26.00),
	(73, 46, 51, 3, '2014-07-16 00:00:00', 28.00),
	(74, 77, 33, 4, '2014-12-12 00:00:00', 38.00),
	(75, 54, 79, 9, '2014-06-11 00:00:00', 24.00),
	(76, 32, 82, 3, '2014-06-21 00:00:00', 34.00),
	(77, 21, 21, 3, '2014-08-11 00:00:00', 22.00),
	(78, 7, 2, 10, '2015-09-02 00:00:00', 30.00),
	(79, 81, 95, 7, '2015-04-01 00:00:00', 20.00),
	(80, 82, 14, 7, '2015-04-23 00:00:00', 16.00),
	(81, 62, 89, 7, '2014-09-19 00:00:00', 28.00),
	(82, 41, 8, 5, '2015-02-25 00:00:00', 24.00),
	(83, 60, 40, 9, '2014-04-12 00:00:00', 34.00),
	(84, 60, 28, 4, '2015-05-16 00:00:00', 24.00),
	(85, 81, 58, 7, '2015-10-30 00:00:00', 29.00),
	(86, 44, 33, 9, '2015-07-30 00:00:00', 26.00),
	(87, 58, 78, 7, '2013-12-23 00:00:00', 26.00),
	(88, 34, 67, 9, '2014-08-12 00:00:00', 28.00),
	(89, 33, 64, 5, '2015-11-05 00:00:00', 38.00),
	(90, 85, 88, 10, '2015-07-07 00:00:00', 21.00),
	(91, 16, 49, 3, '2014-12-14 00:00:00', 30.00),
	(92, 61, 45, 3, '2015-07-23 00:00:00', 22.00),
	(93, 23, 87, 7, '2014-06-18 00:00:00', 38.00),
	(94, 66, 34, 9, '2015-05-11 00:00:00', 37.00),
	(95, 93, 37, 6, '2015-10-20 00:00:00', 23.00),
	(96, 77, 27, 10, '2015-07-10 00:00:00', 33.00),
	(97, 8, 4, 4, '2015-05-02 00:00:00', 16.00),
	(98, 39, 4, 7, '2014-01-14 00:00:00', 38.00),
	(99, 4, 40, 10, '2014-03-27 00:00:00', 20.00),
	(100, 44, 19, 9, '2015-06-30 00:00:00', 30.00),
	(101, 59, 52, 5, '2014-04-03 00:00:00', 18.00);
/*!40000 ALTER TABLE `pecli_pedidocliente` ENABLE KEYS */;


-- Copiando estrutura para tabela projetointegrador.ped_pedido
CREATE TABLE IF NOT EXISTS `ped_pedido` (
  `ped_id` int(11) NOT NULL auto_increment,
  `cli_id` int(11) NOT NULL,
  `fun_id` int(11) NOT NULL,
  `ped_dtgeracao` datetime default NULL,
  `ped_dtentrega` datetime default NULL,
  `ped_situacao` enum('A','C','P','E','F') default NULL,
  PRIMARY KEY  (`ped_id`),
  UNIQUE KEY `ped_id_UNIQUE` (`ped_id`),
  KEY `cli_cliente_id1_idx` (`cli_id`),
  KEY `fun_funcionario_id2_idx` (`fun_id`),
  CONSTRAINT `cli_cliente_id1` FOREIGN KEY (`cli_id`) REFERENCES `cli_cliente` (`cli_id`) ON DELETE NO ACTION ON UPDATE NO ACTION,
  CONSTRAINT `fun_funcionario_id2` FOREIGN KEY (`fun_id`) REFERENCES `fun_funcionario` (`fun_id`) ON DELETE NO ACTION ON UPDATE NO ACTION
) ENGINE=InnoDB AUTO_INCREMENT=102 DEFAULT CHARSET=utf8;

-- Copiando dados para a tabela projetointegrador.ped_pedido: ~101 rows (aproximadamente)
/*!40000 ALTER TABLE `ped_pedido` DISABLE KEYS */;
INSERT INTO `ped_pedido` (`ped_id`, `cli_id`, `fun_id`, `ped_dtgeracao`, `ped_dtentrega`, `ped_situacao`) VALUES
	(1, 1, 1, '2014-11-04 13:50:34', NULL, 'A'),
	(2, 85, 38, '2014-08-14 00:00:00', '2014-08-11 00:00:00', 'A'),
	(3, 69, 4, '2015-07-08 00:00:00', '2015-09-22 00:00:00', 'P'),
	(4, 9, 70, '2015-11-01 00:00:00', '2014-10-25 00:00:00', 'A'),
	(5, 80, 70, '2015-01-15 00:00:00', '2015-04-12 00:00:00', 'P'),
	(6, 61, 43, '2014-02-16 00:00:00', '2015-04-10 00:00:00', 'A'),
	(7, 66, 16, '2014-08-11 00:00:00', '2014-09-12 00:00:00', 'F'),
	(8, 71, 65, '2015-09-22 00:00:00', '2014-10-11 00:00:00', 'A'),
	(9, 48, 41, '2014-10-04 00:00:00', '2014-11-24 00:00:00', 'C'),
	(10, 28, 81, '2015-05-13 00:00:00', '2015-01-02 00:00:00', 'F'),
	(11, 71, 37, '2014-04-29 00:00:00', '2015-03-16 00:00:00', 'E'),
	(12, 17, 33, '2015-10-23 00:00:00', '2015-07-18 00:00:00', 'P'),
	(13, 56, 44, '2015-08-10 00:00:00', '2015-07-31 00:00:00', 'C'),
	(14, 4, 57, '2014-10-09 00:00:00', '2015-08-25 00:00:00', 'C'),
	(15, 28, 67, '2014-09-09 00:00:00', '2013-11-30 00:00:00', 'C'),
	(16, 46, 88, '2014-11-17 00:00:00', '2015-01-07 00:00:00', 'P'),
	(17, 12, 9, '2014-04-11 00:00:00', '2014-06-08 00:00:00', 'P'),
	(18, 59, 12, '2014-12-07 00:00:00', '2014-03-05 00:00:00', 'P'),
	(19, 28, 93, '2014-02-23 00:00:00', '2014-11-09 00:00:00', 'P'),
	(20, 99, 2, '2014-05-13 00:00:00', '2014-10-11 00:00:00', 'E'),
	(21, 90, 52, '2013-12-11 00:00:00', '2014-04-12 00:00:00', 'F'),
	(22, 101, 87, '2014-04-20 00:00:00', '2014-09-03 00:00:00', 'A'),
	(23, 37, 8, '2014-08-10 00:00:00', '2014-08-09 00:00:00', 'A'),
	(24, 43, 96, '2014-04-18 00:00:00', '2015-09-16 00:00:00', 'C'),
	(25, 95, 49, '2015-03-29 00:00:00', '2014-10-24 00:00:00', 'F'),
	(26, 48, 7, '2014-04-05 00:00:00', '2014-02-19 00:00:00', 'F'),
	(27, 47, 62, '2014-11-22 00:00:00', '2013-12-09 00:00:00', 'C'),
	(28, 29, 85, '2015-03-28 00:00:00', '2015-09-22 00:00:00', 'F'),
	(29, 72, 82, '2015-04-13 00:00:00', '2014-06-05 00:00:00', 'C'),
	(30, 62, 24, '2014-01-27 00:00:00', '2015-01-06 00:00:00', 'E'),
	(31, 14, 37, '2014-07-28 00:00:00', '2014-12-20 00:00:00', 'A'),
	(32, 59, 80, '2015-03-09 00:00:00', '2014-07-14 00:00:00', 'C'),
	(33, 60, 46, '2015-10-28 00:00:00', '2014-08-16 00:00:00', 'E'),
	(34, 35, 96, '2014-10-22 00:00:00', '2014-11-12 00:00:00', 'C'),
	(35, 88, 41, '2014-04-08 00:00:00', '2013-11-26 00:00:00', 'P'),
	(36, 1, 68, '2014-11-05 00:00:00', '2015-05-17 00:00:00', 'P'),
	(37, 11, 65, '2015-01-15 00:00:00', '2014-08-21 00:00:00', 'F'),
	(38, 4, 72, '2015-07-12 00:00:00', '2015-04-04 00:00:00', 'F'),
	(39, 51, 94, '2014-12-21 00:00:00', '2014-01-26 00:00:00', 'F'),
	(40, 78, 36, '2014-05-05 00:00:00', '2014-05-19 00:00:00', 'E'),
	(41, 30, 28, '2014-09-02 00:00:00', '2015-07-07 00:00:00', 'E'),
	(42, 24, 1, '2014-07-10 00:00:00', '2015-01-07 00:00:00', 'P'),
	(43, 101, 64, '2015-03-30 00:00:00', '2013-12-12 00:00:00', 'E'),
	(44, 45, 85, '2013-12-12 00:00:00', '2014-12-12 00:00:00', 'E'),
	(45, 48, 9, '2014-05-29 00:00:00', '2015-01-25 00:00:00', 'P'),
	(46, 39, 82, '2015-08-10 00:00:00', '2015-10-14 00:00:00', 'P'),
	(47, 87, 22, '2014-06-10 00:00:00', '2015-02-17 00:00:00', 'A'),
	(48, 84, 47, '2014-08-24 00:00:00', '2014-12-08 00:00:00', 'F'),
	(49, 15, 19, '2014-10-30 00:00:00', '2013-11-21 00:00:00', 'E'),
	(50, 80, 60, '2014-10-19 00:00:00', '2015-05-17 00:00:00', 'E'),
	(51, 51, 98, '2015-06-26 00:00:00', '2015-01-04 00:00:00', 'E'),
	(52, 67, 32, '2013-12-07 00:00:00', '2015-03-12 00:00:00', 'F'),
	(53, 51, 70, '2014-06-04 00:00:00', '2014-10-19 00:00:00', 'F'),
	(54, 24, 87, '2013-12-30 00:00:00', '2014-03-04 00:00:00', 'P'),
	(55, 5, 60, '2015-06-26 00:00:00', '2014-03-07 00:00:00', 'C'),
	(56, 14, 54, '2015-08-10 00:00:00', '2013-12-23 00:00:00', 'E'),
	(57, 47, 14, '2015-03-26 00:00:00', '2015-06-24 00:00:00', 'A'),
	(58, 25, 15, '2015-06-29 00:00:00', '2014-03-22 00:00:00', 'A'),
	(59, 9, 67, '2015-09-14 00:00:00', '2014-01-26 00:00:00', 'E'),
	(60, 71, 97, '2015-09-12 00:00:00', '2014-12-14 00:00:00', 'F'),
	(61, 65, 43, '2014-05-06 00:00:00', '2014-03-17 00:00:00', 'E'),
	(62, 62, 97, '2014-12-01 00:00:00', '2015-03-07 00:00:00', 'E'),
	(63, 86, 32, '2015-02-10 00:00:00', '2014-01-06 00:00:00', 'A'),
	(64, 94, 75, '2014-06-23 00:00:00', '2014-11-30 00:00:00', 'E'),
	(65, 29, 66, '2014-12-06 00:00:00', '2014-04-11 00:00:00', 'P'),
	(66, 29, 98, '2014-10-22 00:00:00', '2014-05-05 00:00:00', 'C'),
	(67, 15, 64, '2014-07-28 00:00:00', '2014-11-07 00:00:00', 'E'),
	(68, 33, 54, '2014-10-07 00:00:00', '2014-03-08 00:00:00', 'E'),
	(69, 37, 97, '2014-12-19 00:00:00', '2015-03-28 00:00:00', 'C'),
	(70, 45, 1, '2014-12-02 00:00:00', '2014-06-25 00:00:00', 'F'),
	(71, 57, 14, '2014-12-10 00:00:00', '2014-09-08 00:00:00', 'E'),
	(72, 47, 87, '2013-12-22 00:00:00', '2015-05-26 00:00:00', 'C'),
	(73, 3, 42, '2014-02-03 00:00:00', '2014-03-10 00:00:00', 'E'),
	(74, 50, 83, '2015-10-01 00:00:00', '2014-07-20 00:00:00', 'E'),
	(75, 15, 52, '2014-11-28 00:00:00', '2013-12-07 00:00:00', 'F'),
	(76, 30, 35, '2014-12-19 00:00:00', '2014-06-02 00:00:00', 'A'),
	(77, 19, 83, '2015-07-27 00:00:00', '2013-11-20 00:00:00', 'E'),
	(78, 70, 49, '2015-03-05 00:00:00', '2014-08-02 00:00:00', 'P'),
	(79, 74, 15, '2014-01-29 00:00:00', '2014-06-25 00:00:00', 'P'),
	(80, 66, 22, '2015-01-27 00:00:00', '2014-10-26 00:00:00', 'A'),
	(81, 69, 74, '2015-04-15 00:00:00', '2013-11-06 00:00:00', 'P'),
	(82, 96, 17, '2015-02-03 00:00:00', '2014-11-15 00:00:00', 'F'),
	(83, 57, 16, '2015-06-23 00:00:00', '2014-04-02 00:00:00', 'E'),
	(84, 22, 83, '2015-08-18 00:00:00', '2014-11-22 00:00:00', 'P'),
	(85, 8, 45, '2014-01-24 00:00:00', '2014-06-03 00:00:00', 'F'),
	(86, 89, 38, '2015-10-20 00:00:00', '2014-11-10 00:00:00', 'C'),
	(87, 75, 81, '2015-10-13 00:00:00', '2014-12-15 00:00:00', 'C'),
	(88, 96, 74, '2014-11-01 00:00:00', '2015-02-21 00:00:00', 'A'),
	(89, 63, 92, '2015-03-04 00:00:00', '2014-10-19 00:00:00', 'E'),
	(90, 41, 5, '2015-06-26 00:00:00', '2015-09-25 00:00:00', 'A'),
	(91, 36, 77, '2014-09-06 00:00:00', '2015-07-27 00:00:00', 'E'),
	(92, 59, 48, '2015-03-19 00:00:00', '2014-08-16 00:00:00', 'A'),
	(93, 3, 4, '2015-01-27 00:00:00', '2014-01-14 00:00:00', 'A'),
	(94, 28, 56, '2015-02-28 00:00:00', '2014-09-16 00:00:00', 'E'),
	(95, 7, 47, '2014-03-20 00:00:00', '2015-08-12 00:00:00', 'C'),
	(96, 53, 38, '2015-08-04 00:00:00', '2014-02-15 00:00:00', 'P'),
	(97, 34, 68, '2015-08-16 00:00:00', '2015-05-07 00:00:00', 'A'),
	(98, 6, 55, '2015-02-03 00:00:00', '2013-12-08 00:00:00', 'E'),
	(99, 33, 50, '2014-03-27 00:00:00', '2015-03-31 00:00:00', 'A'),
	(100, 29, 84, '2015-07-02 00:00:00', '2014-04-12 00:00:00', 'F'),
	(101, 64, 11, '2014-09-19 00:00:00', '2014-04-28 00:00:00', 'C');
/*!40000 ALTER TABLE `ped_pedido` ENABLE KEYS */;


-- Copiando estrutura para tabela projetointegrador.peit_pedidoitem
CREATE TABLE IF NOT EXISTS `peit_pedidoitem` (
  `peit_id` int(11) NOT NULL auto_increment,
  `ped_id` int(11) NOT NULL,
  `prod_id` int(11) NOT NULL,
  `peit_qtde` decimal(15,2) default NULL,
  `peit_vlrdesconto` decimal(15,2) default NULL,
  `peit_vlrfrete` decimal(15,2) default NULL,
  `peit_vlrcomissao` decimal(15,2) default NULL,
  `peit_vlrfinal` decimal(15,2) default NULL,
  PRIMARY KEY  (`peit_id`),
  KEY `ped_pedido_id1_idx` (`ped_id`),
  KEY `fk_peit_pedidoitem_prod_produto1_idx` (`prod_id`),
  CONSTRAINT `fk_peit_pedidoitem_prod_produto1` FOREIGN KEY (`prod_id`) REFERENCES `prod_produto` (`prod_id`) ON DELETE NO ACTION ON UPDATE NO ACTION,
  CONSTRAINT `ped_pedido_id1` FOREIGN KEY (`ped_id`) REFERENCES `ped_pedido` (`ped_id`) ON DELETE NO ACTION ON UPDATE NO ACTION
) ENGINE=InnoDB AUTO_INCREMENT=102 DEFAULT CHARSET=utf8;

-- Copiando dados para a tabela projetointegrador.peit_pedidoitem: ~101 rows (aproximadamente)
/*!40000 ALTER TABLE `peit_pedidoitem` DISABLE KEYS */;
INSERT INTO `peit_pedidoitem` (`peit_id`, `ped_id`, `prod_id`, `peit_qtde`, `peit_vlrdesconto`, `peit_vlrfrete`, `peit_vlrcomissao`, `peit_vlrfinal`) VALUES
	(1, 1, 1, 5.00, NULL, NULL, NULL, 40.00),
	(2, 48, 53, 4.00, 3.00, 5.00, 1.00, 200.00),
	(3, 97, 66, 9.00, 3.00, 9.00, 5.00, 191.00),
	(4, 16, 31, 7.00, 3.00, 5.00, 5.00, 140.00),
	(5, 81, 75, 11.00, 3.00, 5.00, 4.00, 158.00),
	(6, 83, 85, 10.00, 1.00, 5.00, 5.00, 177.00),
	(7, 83, 48, 9.00, 3.00, 8.00, 5.00, 125.00),
	(8, 2, 82, 5.00, 2.00, 9.00, 2.00, 73.00),
	(9, 72, 70, 6.00, 1.00, 10.00, 2.00, 114.00),
	(10, 54, 93, 8.00, 2.00, 6.00, 1.00, 148.00),
	(11, 15, 33, 7.00, 1.00, 5.00, 1.00, 93.00),
	(12, 82, 98, 4.00, 3.00, 9.00, 3.00, 142.00),
	(13, 92, 68, 7.00, 1.00, 6.00, 5.00, 79.00),
	(14, 51, 64, 9.00, 2.00, 8.00, 2.00, 169.00),
	(15, 70, 37, 4.00, 1.00, 10.00, 4.00, 186.00),
	(16, 73, 58, 4.00, 2.00, 9.00, 5.00, 144.00),
	(17, 71, 70, 6.00, 2.00, 6.00, 1.00, 86.00),
	(18, 35, 42, 6.00, 1.00, 9.00, 5.00, 143.00),
	(19, 33, 14, 5.00, 3.00, 7.00, 4.00, 110.00),
	(20, 40, 59, 10.00, 2.00, 5.00, 2.00, 120.00),
	(21, 55, 70, 8.00, 1.00, 6.00, 1.00, 149.00),
	(22, 97, 49, 4.00, 2.00, 9.00, 4.00, 181.00),
	(23, 22, 13, 5.00, 1.00, 9.00, 4.00, 117.00),
	(24, 101, 68, 7.00, 2.00, 8.00, 4.00, 120.00),
	(25, 24, 39, 9.00, 3.00, 6.00, 2.00, 184.00),
	(26, 92, 47, 7.00, 3.00, 5.00, 4.00, 119.00),
	(27, 78, 48, 3.00, 1.00, 10.00, 3.00, 140.00),
	(28, 74, 100, 7.00, 1.00, 6.00, 3.00, 97.00),
	(29, 70, 32, 5.00, 2.00, 8.00, 2.00, 115.00),
	(30, 1, 2, 11.00, 1.00, 5.00, 3.00, 186.00),
	(31, 55, 82, 4.00, 3.00, 10.00, 2.00, 109.00),
	(32, 43, 100, 6.00, 2.00, 6.00, 4.00, 200.00),
	(33, 100, 50, 5.00, 1.00, 9.00, 3.00, 121.00),
	(34, 62, 85, 9.00, 3.00, 7.00, 4.00, 84.00),
	(35, 94, 53, 8.00, 1.00, 7.00, 3.00, 131.00),
	(36, 101, 97, 11.00, 1.00, 8.00, 5.00, 61.00),
	(37, 96, 21, 10.00, 3.00, 5.00, 2.00, 153.00),
	(38, 70, 38, 11.00, 3.00, 10.00, 4.00, 69.00),
	(39, 85, 47, 4.00, 2.00, 7.00, 2.00, 81.00),
	(40, 33, 31, 4.00, 3.00, 8.00, 2.00, 176.00),
	(41, 41, 24, 3.00, 3.00, 8.00, 2.00, 115.00),
	(42, 1, 31, 7.00, 2.00, 5.00, 4.00, 172.00),
	(43, 37, 36, 5.00, 3.00, 9.00, 5.00, 69.00),
	(44, 76, 55, 3.00, 1.00, 6.00, 5.00, 145.00),
	(45, 86, 65, 4.00, 2.00, 10.00, 4.00, 119.00),
	(46, 50, 98, 8.00, 1.00, 9.00, 3.00, 103.00),
	(47, 31, 53, 8.00, 3.00, 9.00, 5.00, 148.00),
	(48, 35, 63, 4.00, 3.00, 6.00, 5.00, 75.00),
	(49, 83, 45, 9.00, 1.00, 8.00, 3.00, 163.00),
	(50, 18, 14, 9.00, 2.00, 10.00, 4.00, 89.00),
	(51, 22, 95, 5.00, 2.00, 6.00, 4.00, 73.00),
	(52, 42, 77, 8.00, 1.00, 6.00, 3.00, 92.00),
	(53, 4, 29, 9.00, 2.00, 10.00, 1.00, 164.00),
	(54, 100, 47, 5.00, 1.00, 8.00, 5.00, 60.00),
	(55, 91, 99, 3.00, 2.00, 5.00, 4.00, 72.00),
	(56, 11, 65, 5.00, 3.00, 8.00, 5.00, 189.00),
	(57, 4, 86, 10.00, 2.00, 8.00, 1.00, 88.00),
	(58, 71, 28, 8.00, 3.00, 5.00, 4.00, 192.00),
	(59, 48, 18, 8.00, 3.00, 8.00, 5.00, 154.00),
	(60, 31, 69, 8.00, 3.00, 9.00, 5.00, 61.00),
	(61, 39, 43, 7.00, 2.00, 5.00, 3.00, 68.00),
	(62, 8, 70, 6.00, 1.00, 7.00, 1.00, 111.00),
	(63, 5, 97, 7.00, 2.00, 6.00, 3.00, 186.00),
	(64, 4, 21, 6.00, 2.00, 7.00, 5.00, 136.00),
	(65, 24, 50, 11.00, 3.00, 10.00, 5.00, 136.00),
	(66, 83, 10, 11.00, 2.00, 9.00, 4.00, 132.00),
	(67, 16, 85, 4.00, 2.00, 8.00, 5.00, 78.00),
	(68, 78, 4, 3.00, 1.00, 5.00, 4.00, 194.00),
	(69, 98, 56, 7.00, 3.00, 5.00, 3.00, 113.00),
	(70, 68, 75, 8.00, 2.00, 10.00, 5.00, 178.00),
	(71, 86, 34, 11.00, 3.00, 10.00, 1.00, 127.00),
	(72, 28, 44, 5.00, 3.00, 9.00, 2.00, 145.00),
	(73, 68, 89, 5.00, 3.00, 10.00, 1.00, 177.00),
	(74, 98, 85, 6.00, 2.00, 7.00, 3.00, 157.00),
	(75, 15, 20, 4.00, 3.00, 7.00, 4.00, 124.00),
	(76, 60, 22, 6.00, 1.00, 7.00, 5.00, 110.00),
	(77, 19, 86, 7.00, 1.00, 7.00, 5.00, 118.00),
	(78, 94, 47, 9.00, 3.00, 7.00, 1.00, 74.00),
	(79, 12, 67, 10.00, 1.00, 5.00, 3.00, 162.00),
	(80, 41, 92, 9.00, 3.00, 6.00, 1.00, 107.00),
	(81, 25, 39, 10.00, 1.00, 6.00, 3.00, 71.00),
	(82, 61, 64, 4.00, 3.00, 6.00, 3.00, 159.00),
	(83, 66, 55, 10.00, 1.00, 9.00, 2.00, 59.00),
	(84, 91, 100, 3.00, 1.00, 10.00, 1.00, 112.00),
	(85, 6, 46, 7.00, 3.00, 9.00, 1.00, 195.00),
	(86, 3, 56, 4.00, 1.00, 5.00, 4.00, 113.00),
	(87, 7, 16, 10.00, 1.00, 9.00, 3.00, 92.00),
	(88, 61, 74, 8.00, 1.00, 5.00, 2.00, 161.00),
	(89, 65, 64, 4.00, 1.00, 10.00, 4.00, 140.00),
	(90, 38, 54, 4.00, 2.00, 8.00, 2.00, 191.00),
	(91, 77, 11, 11.00, 3.00, 8.00, 5.00, 103.00),
	(92, 56, 16, 10.00, 3.00, 9.00, 5.00, 111.00),
	(93, 81, 92, 5.00, 3.00, 7.00, 5.00, 67.00),
	(94, 49, 59, 6.00, 1.00, 7.00, 4.00, 99.00),
	(95, 6, 37, 5.00, 3.00, 5.00, 4.00, 52.00),
	(96, 90, 71, 8.00, 1.00, 5.00, 3.00, 171.00),
	(97, 29, 58, 10.00, 1.00, 8.00, 3.00, 200.00),
	(98, 55, 67, 3.00, 2.00, 8.00, 2.00, 192.00),
	(99, 87, 18, 5.00, 3.00, 8.00, 2.00, 170.00),
	(100, 39, 57, 9.00, 1.00, 6.00, 1.00, 149.00),
	(101, 69, 16, 6.00, 2.00, 5.00, 5.00, 64.00);
/*!40000 ALTER TABLE `peit_pedidoitem` ENABLE KEYS */;


-- Copiando estrutura para tabela projetointegrador.per_permissao
CREATE TABLE IF NOT EXISTS `per_permissao` (
  `per_id` int(11) NOT NULL auto_increment,
  `per_descricao` varchar(100) NOT NULL,
  PRIMARY KEY  (`per_id`)
) ENGINE=InnoDB AUTO_INCREMENT=3 DEFAULT CHARSET=utf8;

-- Copiando dados para a tabela projetointegrador.per_permissao: ~2 rows (aproximadamente)
/*!40000 ALTER TABLE `per_permissao` DISABLE KEYS */;
INSERT INTO `per_permissao` (`per_id`, `per_descricao`) VALUES
	(1, 'Administrador'),
	(2, 'normal');
/*!40000 ALTER TABLE `per_permissao` ENABLE KEYS */;


-- Copiando estrutura para tabela projetointegrador.prod_produto
CREATE TABLE IF NOT EXISTS `prod_produto` (
  `prod_id` int(11) NOT NULL auto_increment,
  `prod_nome` varchar(200) NOT NULL,
  `prod_ativo` tinyint(1) NOT NULL,
  `prod_descricao` varchar(200) default NULL,
  `prod_custo` decimal(15,2) NOT NULL,
  `prod_preco` decimal(15,2) NOT NULL,
  `prod_dataEntrada` date NOT NULL,
  `prod_qtdeEstoque` int(11) default NULL,
  `prod_imagem` varchar(255) default NULL,
  PRIMARY KEY  (`prod_id`)
) ENGINE=InnoDB AUTO_INCREMENT=103 DEFAULT CHARSET=utf8;

-- Copiando dados para a tabela projetointegrador.prod_produto: ~102 rows (aproximadamente)
/*!40000 ALTER TABLE `prod_produto` DISABLE KEYS */;
INSERT INTO `prod_produto` (`prod_id`, `prod_nome`, `prod_ativo`, `prod_descricao`, `prod_custo`, `prod_preco`, `prod_dataEntrada`, `prod_qtdeEstoque`, `prod_imagem`) VALUES
	(1, 'Lava roupa 1L', 1, 'lava roupas xx', 5.00, 8.00, '2014-11-04', 3232, NULL),
	(2, 'Lava roupa 2L', 1, 'lava roupas xx', 5.00, 8.00, '2014-11-04', 3232, NULL),
	(3, 'egestas', 1, 'arcu. Vestibulum', 6.00, 27.00, '2014-05-18', 55, 'nibh. Phasellus nulla.'),
	(4, 'eleifend nec,', 1, 'nec ante', 10.00, 27.00, '2014-09-28', 49, 'aliquam'),
	(5, 'facilisis non,', 0, 'quis diam. Pellentesque habitant', 6.00, 22.00, '2014-07-22', 54, 'convallis ligula. Donec'),
	(6, 'augue ac ipsum.', 1, 'conubia nostra,', 5.00, 19.00, '2015-01-03', 67, 'dapibus'),
	(7, 'tellus', 1, 'feugiat. Lorem', 8.00, 29.00, '2014-08-12', 59, 'arcu. Curabitur ut'),
	(8, 'Suspendisse dui. Fusce', 0, 'mus. Donec dignissim', 9.00, 21.00, '2013-11-17', 35, 'pharetra'),
	(9, 'In ornare sagittis', 1, 'ultrices posuere', 9.00, 26.00, '2015-09-26', 52, 'cursus purus.'),
	(10, 'Nulla interdum. Curabitur', 0, 'ac mattis ornare,', 10.00, 14.00, '2014-01-23', 33, 'ornare.'),
	(11, 'Class aptent', 1, 'Fusce mollis. Duis sit', 10.00, 22.00, '2015-09-22', 48, 'mi'),
	(12, 'ipsum', 1, 'porttitor vulputate, posuere vulputate,', 7.00, 15.00, '2014-04-10', 70, 'cursus in,'),
	(13, 'semper erat,', 0, 'ornare placerat, orci', 8.00, 17.00, '2014-04-30', 53, 'posuere cubilia Curae;'),
	(14, 'Aenean', 1, 'laoreet lectus quis', 6.00, 16.00, '2014-04-09', 50, 'natoque penatibus et'),
	(15, 'Curabitur egestas', 0, 'Vivamus nisi. Mauris', 8.00, 10.00, '2014-12-08', 58, 'laoreet'),
	(16, 'sociis', 1, 'nec orci. Donec', 9.00, 30.00, '2014-07-10', 66, 'Sed eget'),
	(17, 'sodales at,', 0, 'dapibus ligula. Aliquam', 6.00, 12.00, '2014-06-17', 44, 'pede, ultrices a,'),
	(18, 'Suspendisse eleifend. Cras', 1, 'luctus, ipsum leo elementum', 9.00, 14.00, '2015-02-19', 39, 'convallis'),
	(19, 'massa. Vestibulum accumsan', 1, 'congue, elit', 9.00, 17.00, '2013-12-03', 49, 'Proin'),
	(20, 'mollis nec,', 1, 'Vivamus euismod urna. Nullam', 7.00, 28.00, '2015-01-22', 41, 'massa'),
	(21, 'felis. Nulla', 0, 'Morbi vehicula.', 10.00, 15.00, '2014-01-22', 34, 'pede, nonummy ut,'),
	(22, 'magna a', 1, 'pede blandit', 5.00, 11.00, '2014-05-06', 33, 'dapibus quam'),
	(23, 'blandit at,', 0, 'mus. Aenean', 8.00, 12.00, '2015-05-24', 66, 'Donec'),
	(24, 'bibendum', 1, 'mattis ornare, lectus ante', 6.00, 17.00, '2015-04-05', 63, 'in molestie tortor'),
	(25, 'erat. Etiam', 0, 'gravida sit', 7.00, 26.00, '2014-09-16', 66, 'pharetra.'),
	(26, 'diam nunc,', 1, 'magna. Praesent interdum ligula', 5.00, 22.00, '2014-12-18', 56, 'Cum sociis natoque'),
	(27, 'Phasellus nulla. Integer', 1, 'Nunc lectus pede, ultrices', 9.00, 21.00, '2014-11-02', 57, 'interdum feugiat.'),
	(28, 'semper egestas,', 0, 'dignissim lacus.', 7.00, 16.00, '2015-03-09', 30, 'Praesent eu'),
	(29, 'sed', 1, 'Pellentesque habitant morbi', 7.00, 18.00, '2014-04-07', 31, 'laoreet lectus'),
	(30, 'tellus', 1, 'in faucibus orci luctus', 9.00, 23.00, '2015-09-06', 60, 'eleifend, nunc risus'),
	(31, 'lorem eu', 1, 'nec, malesuada ut, sem.', 5.00, 12.00, '2015-08-13', 35, 'eget nisi'),
	(32, 'Morbi quis', 1, 'Maecenas iaculis aliquet', 8.00, 26.00, '2015-03-11', 43, 'ut'),
	(33, 'nunc nulla', 0, 'ultrices posuere cubilia', 7.00, 29.00, '2014-05-05', 32, 'gravida.'),
	(34, 'enim. Etiam', 1, 'fringilla euismod enim. Etiam', 5.00, 29.00, '2015-04-05', 68, 'in consectetuer ipsum'),
	(35, 'tortor, dictum', 1, 'Lorem ipsum dolor', 10.00, 21.00, '2014-06-08', 38, 'et'),
	(36, 'suscipit,', 1, 'sit amet', 10.00, 16.00, '2015-03-31', 57, 'urna et'),
	(37, 'ipsum. Phasellus vitae', 1, 'magna. Praesent interdum', 7.00, 20.00, '2014-03-30', 65, 'libero. Proin'),
	(38, 'Nunc', 0, 'parturient montes, nascetur', 7.00, 15.00, '2015-10-10', 34, 'vel,'),
	(39, 'Praesent', 0, 'tincidunt pede ac', 10.00, 14.00, '2015-10-06', 40, 'mattis. Integer eu'),
	(40, 'porttitor eros', 1, 'elit elit fermentum risus,', 10.00, 30.00, '2014-11-15', 56, 'Quisque'),
	(41, 'semper', 0, 'mattis velit', 10.00, 17.00, '2014-01-24', 55, 'mauris ut'),
	(42, 'risus. Nulla eget', 0, 'Mauris magna.', 6.00, 19.00, '2014-05-02', 39, 'egestas a, dui.'),
	(43, 'morbi tristique senectus', 1, 'eget varius ultrices,', 7.00, 13.00, '2014-10-30', 35, 'tortor. Integer'),
	(44, 'porttitor eros nec', 1, 'Sed nec', 6.00, 10.00, '2014-09-23', 46, 'sit amet ultricies'),
	(45, 'ut odio', 1, 'lobortis, nisi', 7.00, 25.00, '2014-06-18', 58, 'nunc id enim.'),
	(46, 'Integer id magna', 0, 'sagittis augue, eu', 5.00, 12.00, '2014-08-23', 64, 'semper'),
	(47, 'Maecenas', 0, 'Cras lorem lorem,', 6.00, 14.00, '2015-03-19', 36, 'Nulla'),
	(48, 'Vivamus sit amet', 1, 'ac risus.', 5.00, 28.00, '2015-02-09', 48, 'semper cursus. Integer'),
	(49, 'consectetuer, cursus', 0, 'consequat nec,', 8.00, 24.00, '2014-06-02', 70, 'lacus pede sagittis'),
	(50, 'dolor egestas rhoncus.', 1, 'a, magna.', 8.00, 26.00, '2015-11-01', 51, 'ultrices'),
	(51, 'iaculis aliquet diam.', 0, 'arcu. Vivamus sit', 5.00, 10.00, '2014-07-30', 47, 'massa'),
	(52, 'Quisque', 0, 'dignissim lacus. Aliquam', 5.00, 30.00, '2015-07-04', 42, 'et magnis dis'),
	(53, 'Aliquam', 1, 'urna convallis erat, eget', 5.00, 23.00, '2014-09-21', 62, 'Mauris ut'),
	(54, 'luctus', 1, 'ultrices a, auctor', 8.00, 23.00, '2014-02-25', 43, 'tincidunt, nunc ac'),
	(55, 'id, mollis', 1, 'sodales nisi', 6.00, 15.00, '2014-03-08', 66, 'mauris a nunc.'),
	(56, 'semper rutrum.', 1, 'luctus et ultrices', 10.00, 16.00, '2014-07-04', 55, 'montes,'),
	(57, 'leo elementum', 1, 'pharetra, felis', 10.00, 24.00, '2015-05-10', 43, 'dui.'),
	(58, 'Mauris', 0, 'molestie tellus. Aenean', 7.00, 19.00, '2014-04-29', 70, 'quis turpis'),
	(59, 'mattis', 1, 'odio a', 10.00, 15.00, '2014-10-04', 62, 'Quisque varius.'),
	(60, 'ornare', 0, 'erat, eget tincidunt', 10.00, 20.00, '2014-10-20', 66, 'fermentum metus.'),
	(61, 'Morbi', 1, 'quis, pede.', 7.00, 10.00, '2014-07-04', 53, 'ipsum. Suspendisse sagittis.'),
	(62, 'laoreet, libero et', 0, 'bibendum. Donec felis', 8.00, 22.00, '2014-12-31', 43, 'magna. Lorem ipsum'),
	(63, 'nec, imperdiet', 1, 'non, sollicitudin a, malesuada', 6.00, 29.00, '2014-03-26', 40, 'ullamcorper.'),
	(64, 'porttitor tellus non', 1, 'Integer sem', 5.00, 23.00, '2015-05-03', 42, 'eget,'),
	(65, 'nulla.', 1, 'pede. Praesent', 6.00, 10.00, '2014-10-05', 36, 'Donec feugiat'),
	(66, 'nunc sit amet', 1, 'malesuada vel, convallis in,', 10.00, 21.00, '2015-06-01', 55, 'commodo'),
	(67, 'nec, diam. Duis', 0, 'orci sem', 6.00, 19.00, '2014-06-21', 59, 'mauris'),
	(68, 'faucibus lectus, a', 0, 'commodo ipsum. Suspendisse non', 6.00, 27.00, '2015-03-17', 54, 'velit. Pellentesque'),
	(69, 'Quisque ornare tortor', 1, 'luctus. Curabitur', 5.00, 23.00, '2014-07-25', 66, 'massa. Vestibulum'),
	(70, 'pede', 1, 'a, enim. Suspendisse aliquet,', 5.00, 17.00, '2014-08-14', 44, 'aptent taciti sociosqu'),
	(71, 'eu', 0, 'dictum magna. Ut tincidunt', 5.00, 23.00, '2014-08-20', 45, 'aliquet'),
	(72, 'conubia nostra, per', 1, 'amet nulla. Donec', 7.00, 26.00, '2015-08-17', 63, 'Proin dolor.'),
	(73, 'sit amet', 0, 'non arcu. Vivamus sit', 10.00, 30.00, '2014-07-31', 70, 'egestas ligula. Nullam'),
	(74, 'tellus. Aenean', 0, 'malesuada augue', 9.00, 22.00, '2014-12-07', 36, 'ut erat. Sed'),
	(75, 'interdum', 1, 'dolor elit, pellentesque a,', 10.00, 21.00, '2014-03-08', 37, 'et'),
	(76, 'fringilla.', 0, 'Maecenas malesuada', 6.00, 24.00, '2014-08-17', 65, 'Nunc laoreet lectus'),
	(77, 'In', 1, 'vitae odio', 9.00, 12.00, '2015-10-15', 63, 'eleifend'),
	(78, 'et, rutrum eu,', 1, 'malesuada fringilla est.', 5.00, 18.00, '2014-10-02', 69, 'massa. Vestibulum'),
	(79, 'porttitor eros', 0, 'sem, vitae', 8.00, 25.00, '2015-07-04', 54, 'dictum augue malesuada'),
	(80, 'cursus.', 0, 'velit eu sem. Pellentesque', 8.00, 21.00, '2015-02-10', 32, 'magna nec'),
	(81, 'eu,', 1, 'pede ac urna.', 6.00, 14.00, '2014-03-16', 53, 'massa.'),
	(82, 'Aliquam', 0, 'nunc, ullamcorper', 5.00, 17.00, '2015-09-24', 66, 'orci. Donec nibh.'),
	(83, 'fermentum arcu. Vestibulum', 0, 'venenatis lacus.', 5.00, 10.00, '2015-01-11', 55, 'adipiscing ligula.'),
	(84, 'tincidunt nibh. Phasellus', 0, 'dapibus gravida.', 6.00, 23.00, '2014-06-15', 46, 'In mi'),
	(85, 'ante. Vivamus non', 0, 'risus. Donec egestas.', 5.00, 17.00, '2014-07-29', 41, 'volutpat ornare, facilisis'),
	(86, 'tellus id', 1, 'tellus justo', 7.00, 27.00, '2014-04-30', 52, 'Cum'),
	(87, 'Ut tincidunt', 1, 'sit amet ornare', 9.00, 26.00, '2013-11-07', 35, 'vestibulum. Mauris'),
	(88, 'dui, nec', 1, 'lorem, sit amet', 7.00, 16.00, '2014-03-12', 63, 'imperdiet'),
	(89, 'adipiscing elit.', 0, 'Cum sociis natoque', 7.00, 30.00, '2014-04-20', 32, 'magna sed'),
	(90, 'eget', 1, 'Donec luctus aliquet odio.', 6.00, 25.00, '2014-08-23', 53, 'aliquam eros'),
	(91, 'magna', 1, 'tellus faucibus', 8.00, 22.00, '2014-07-13', 54, 'Ut sagittis lobortis'),
	(92, 'non', 1, 'vitae aliquam eros turpis', 9.00, 12.00, '2014-02-05', 38, 'diam luctus lobortis.'),
	(93, 'dolor. Quisque tincidunt', 1, 'euismod urna. Nullam', 5.00, 14.00, '2015-10-05', 49, 'Suspendisse'),
	(94, 'ac tellus.', 1, 'tincidunt aliquam', 8.00, 14.00, '2014-01-09', 65, 'id magna'),
	(95, 'dui, in sodales', 1, 'lectus ante', 8.00, 20.00, '2014-06-27', 57, 'sapien.'),
	(96, 'et netus et', 0, 'non, sollicitudin a,', 8.00, 23.00, '2015-10-26', 62, 'augue ut lacus.'),
	(97, 'Etiam bibendum', 0, 'at, velit. Cras', 5.00, 27.00, '2014-11-14', 54, 'erat semper'),
	(98, 'semper cursus. Integer', 1, 'sagittis felis. Donec tempor,', 8.00, 20.00, '2015-05-23', 53, 'Nullam enim. Sed'),
	(99, 'Duis gravida. Praesent', 1, 'tempus, lorem fringilla', 7.00, 25.00, '2015-10-17', 51, 'sed,'),
	(100, 'et', 1, 'massa. Mauris vestibulum, neque', 8.00, 21.00, '2015-10-10', 42, 'at, egestas a,'),
	(101, 'nec, cursus', 1, 'arcu. Vivamus sit amet', 6.00, 26.00, '2015-06-14', 31, 'euismod'),
	(102, 'eu', 1, 'eu, odio. Phasellus at', 9.00, 18.00, '2015-05-25', 31, 'Nam tempor');
/*!40000 ALTER TABLE `prod_produto` ENABLE KEYS */;


-- Copiando estrutura para tabela projetointegrador.usuario
CREATE TABLE IF NOT EXISTS `usuario` (
  `idUsuario` int(11) NOT NULL auto_increment,
  `nome` varchar(45) default NULL,
  `login` varchar(45) default NULL,
  `senha` varchar(45) default NULL,
  `telefone` varchar(45) default NULL,
  `tipo` varchar(45) default NULL,
  `permissao` varchar(45) default NULL,
  PRIMARY KEY  (`idUsuario`)
) ENGINE=InnoDB AUTO_INCREMENT=2 DEFAULT CHARSET=utf8;

-- Copiando dados para a tabela projetointegrador.usuario: ~1 rows (aproximadamente)
/*!40000 ALTER TABLE `usuario` DISABLE KEYS */;
INSERT INTO `usuario` (`idUsuario`, `nome`, `login`, `senha`, `telefone`, `tipo`, `permissao`) VALUES
	(1, 'Alexandre Telles', 'alexandre.ntr@gmail.com', '123', '(41) 9723-5808', 'cliente', '1');
/*!40000 ALTER TABLE `usuario` ENABLE KEYS */;
/*!40101 SET SQL_MODE=IFNULL(@OLD_SQL_MODE, '') */;
/*!40014 SET FOREIGN_KEY_CHECKS=IF(@OLD_FOREIGN_KEY_CHECKS IS NULL, 1, @OLD_FOREIGN_KEY_CHECKS) */;
/*!40101 SET CHARACTER_SET_CLIENT=@OLD_CHARACTER_SET_CLIENT */;
