
INSERT INTO "STI"."USER"."area" (ID_AREA, AREA) VALUES(1, 'Ciências Exatas e da Terra');

INSERT INTO "STI"."USER"."atributo" (ID_ATRIBUTO, NOME, NOMEPLURAL, GENERO, CARDINALIDADE, ID_ATRIBUTOSINONIMO, DATA, ID_USUARIO) VALUES(1, 'conceito', 'conceitos', 0, 1, NULL, '2011-05-11', 1);
INSERT INTO "STI"."USER"."atributo" (ID_ATRIBUTO, NOME, NOMEPLURAL, GENERO, CARDINALIDADE, ID_ATRIBUTOSINONIMO, DATA, ID_USUARIO) VALUES(2, 'exemplo', 'exemplos', 0, 1, NULL, '2011-05-11', 1);
INSERT INTO "STI"."USER"."atributo" (ID_ATRIBUTO, NOME, NOMEPLURAL, GENERO, CARDINALIDADE, ID_ATRIBUTOSINONIMO, DATA, ID_USUARIO) VALUES(3, 'relação', 'relações', 1, 2, NULL, '2011-05-11', 1);
INSERT INTO "STI"."USER"."atributo" (ID_ATRIBUTO, NOME, NOMEPLURAL, GENERO, CARDINALIDADE, ID_ATRIBUTOSINONIMO, DATA, ID_USUARIO) VALUES(4, 'comentário', 'comentários', 0, 1, NULL, '2011-05-11', 1);
INSERT INTO "STI"."USER"."atributo" (ID_ATRIBUTO, NOME, NOMEPLURAL, GENERO, CARDINALIDADE, ID_ATRIBUTOSINONIMO, DATA, ID_USUARIO) VALUES(5, 'link', 'links', 0, 1, NULL, '2011-05-11', 1);
INSERT INTO "STI"."USER"."atributo" (ID_ATRIBUTO, NOME, NOMEPLURAL, GENERO, CARDINALIDADE, ID_ATRIBUTOSINONIMO, DATA, ID_USUARIO) VALUES(6, 'objeto', 'objetos', 0, 1, NULL, '2011-05-11', 1);
INSERT INTO "STI"."USER"."atributo" (ID_ATRIBUTO, NOME, NOMEPLURAL, GENERO, CARDINALIDADE, ID_ATRIBUTOSINONIMO, DATA, ID_USUARIO) VALUES(7, 'livro', 'livros', 0, 1, NULL, '2011-05-11', 1);
INSERT INTO "STI"."USER"."atributo" (ID_ATRIBUTO, NOME, NOMEPLURAL, GENERO, CARDINALIDADE, ID_ATRIBUTOSINONIMO, DATA, ID_USUARIO) VALUES(8, 'artigo', 'artigos', 0, 1, NULL, '2011-05-11', 1);
INSERT INTO "STI"."USER"."atributo" (ID_ATRIBUTO, NOME, NOMEPLURAL, GENERO, CARDINALIDADE, ID_ATRIBUTOSINONIMO, DATA, ID_USUARIO) VALUES(9, 'resposta', 'respostas', 1, 1, NULL, '2011-05-11', 1);
INSERT INTO "STI"."USER"."atributo" (ID_ATRIBUTO, NOME, NOMEPLURAL, GENERO, CARDINALIDADE, ID_ATRIBUTOSINONIMO, DATA, ID_USUARIO) VALUES(10, 'vídeo', 'vídeos', 0, 1, NULL, '2011-05-11', 1);
INSERT INTO "STI"."USER"."atributo" (ID_ATRIBUTO, NOME, NOMEPLURAL, GENERO, CARDINALIDADE, ID_ATRIBUTOSINONIMO, DATA, ID_USUARIO) VALUES(11, 'curiosidade', 'curiosidades', 1, 1, NULL, '2011-05-11', 1);
INSERT INTO "STI"."USER"."atributo" (ID_ATRIBUTO, NOME, NOMEPLURAL, GENERO, CARDINALIDADE, ID_ATRIBUTOSINONIMO, DATA, ID_USUARIO) VALUES(12, 'referência', 'referências', 1, 1, NULL, '2011-06-21', 1);
INSERT INTO "STI"."USER"."atributo" (ID_ATRIBUTO, NOME, NOMEPLURAL, GENERO, CARDINALIDADE, ID_ATRIBUTOSINONIMO, DATA, ID_USUARIO) VALUES(13, 'autor', 'autores', 0, 1, NULL, '2011-06-21', 1);
INSERT INTO "STI"."USER"."atributo" (ID_ATRIBUTO, NOME, NOMEPLURAL, GENERO, CARDINALIDADE, ID_ATRIBUTOSINONIMO, DATA, ID_USUARIO) VALUES(14, 'sinônimo', 'sinônimos', 0, 1, NULL, '2011-06-21', 1);
INSERT INTO "STI"."USER"."atributo" (ID_ATRIBUTO, NOME, NOMEPLURAL, GENERO, CARDINALIDADE, ID_ATRIBUTOSINONIMO, DATA, ID_USUARIO) VALUES(15, 'definição', 'definições', 1, 1, 1, '2011-06-27', 1);
INSERT INTO "STI"."USER"."atributo" (ID_ATRIBUTO, NOME, NOMEPLURAL, GENERO, CARDINALIDADE, ID_ATRIBUTOSINONIMO, DATA, ID_USUARIO) VALUES(16, 'razão', 'razões', 1, 1, NULL, '2011-06-27', 1);
INSERT INTO "STI"."USER"."atributo" (ID_ATRIBUTO, NOME, NOMEPLURAL, GENERO, CARDINALIDADE, ID_ATRIBUTOSINONIMO, DATA, ID_USUARIO) VALUES(17, 'explicação', 'explicações', 1, 1, NULL, '2011-06-27', 1);
INSERT INTO "STI"."USER"."atributo" (ID_ATRIBUTO, NOME, NOMEPLURAL, GENERO, CARDINALIDADE, ID_ATRIBUTOSINONIMO, DATA, ID_USUARIO) VALUES(18, 'música', 'músicas', 1, 1, NULL, '2011-07-14', 1);
INSERT INTO "STI"."USER"."atributo" (ID_ATRIBUTO, NOME, NOMEPLURAL, GENERO, CARDINALIDADE, ID_ATRIBUTOSINONIMO, DATA, ID_USUARIO) VALUES(19, 'poesia', 'poesias', 1, 1, NULL, '2011-07-14', 1);
INSERT INTO "STI"."USER"."atributo" (ID_ATRIBUTO, NOME, NOMEPLURAL, GENERO, CARDINALIDADE, ID_ATRIBUTOSINONIMO, DATA, ID_USUARIO) VALUES(20, 'poema', 'poemas', 0, 1, NULL, '2011-07-14', 1);
INSERT INTO "STI"."USER"."atributo" (ID_ATRIBUTO, NOME, NOMEPLURAL, GENERO, CARDINALIDADE, ID_ATRIBUTOSINONIMO, DATA, ID_USUARIO) VALUES(21, 'enumeração', 'enumerações', 1, 1, 22, '2011-07-14', 1);
INSERT INTO "STI"."USER"."atributo" (ID_ATRIBUTO, NOME, NOMEPLURAL, GENERO, CARDINALIDADE, ID_ATRIBUTOSINONIMO, DATA, ID_USUARIO) VALUES(22, 'classificação', 'classificações', 1, 1, 22, '2011-07-14', 1);
INSERT INTO "STI"."USER"."atributo" (ID_ATRIBUTO, NOME, NOMEPLURAL, GENERO, CARDINALIDADE, ID_ATRIBUTOSINONIMO, DATA, ID_USUARIO) VALUES(23, 'fase', 'fases', 1, 1, 23, '2011-07-14', 1);
INSERT INTO "STI"."USER"."atributo" (ID_ATRIBUTO, NOME, NOMEPLURAL, GENERO, CARDINALIDADE, ID_ATRIBUTOSINONIMO, DATA, ID_USUARIO) VALUES(24, 'elemento', 'elementos', 0, 1, 22, '2011-07-14', 1);
INSERT INTO "STI"."USER"."atributo" (ID_ATRIBUTO, NOME, NOMEPLURAL, GENERO, CARDINALIDADE, ID_ATRIBUTOSINONIMO, DATA, ID_USUARIO) VALUES(25, 'evento', 'eventos', 0, 1, NULL, '2011-07-14', 1);
INSERT INTO "STI"."USER"."atributo" (ID_ATRIBUTO, NOME, NOMEPLURAL, GENERO, CARDINALIDADE, ID_ATRIBUTOSINONIMO, DATA, ID_USUARIO) VALUES(26, 'imagem', 'imagens', 1, 1, NULL, '2011-07-14', 1);
INSERT INTO "STI"."USER"."atributo" (ID_ATRIBUTO, NOME, NOMEPLURAL, GENERO, CARDINALIDADE, ID_ATRIBUTOSINONIMO, DATA, ID_USUARIO) VALUES(27, 'mapa', 'mapas', 0, 1, NULL, '2011-07-14', 1);
INSERT INTO "STI"."USER"."atributo" (ID_ATRIBUTO, NOME, NOMEPLURAL, GENERO, CARDINALIDADE, ID_ATRIBUTOSINONIMO, DATA, ID_USUARIO) VALUES(28, 'diagrama', 'diagramas', 0, 1, NULL, '2011-07-14', 1);
INSERT INTO "STI"."USER"."atributo" (ID_ATRIBUTO, NOME, NOMEPLURAL, GENERO, CARDINALIDADE, ID_ATRIBUTOSINONIMO, DATA, ID_USUARIO) VALUES(29, 'etapa', 'etapas', 1, 1, 23, '2011-07-14', 1);
INSERT INTO "STI"."USER"."atributo" (ID_ATRIBUTO, NOME, NOMEPLURAL, GENERO, CARDINALIDADE, ID_ATRIBUTOSINONIMO, DATA, ID_USUARIO) VALUES(30, 'passo', 'passos', 0, 1, NULL, '2011-07-14', 1);
INSERT INTO "STI"."USER"."atributo" (ID_ATRIBUTO, NOME, NOMEPLURAL, GENERO, CARDINALIDADE, ID_ATRIBUTOSINONIMO, DATA, ID_USUARIO) VALUES(31, 'atributo', 'atributos', 0, 0, NULL, '2011-07-18', 1);
INSERT INTO "STI"."USER"."atributo" (ID_ATRIBUTO, NOME, NOMEPLURAL, GENERO, CARDINALIDADE, ID_ATRIBUTOSINONIMO, DATA, ID_USUARIO) VALUES(32, 'histórico', 'históricos', 0, 1, NULL, '2011-07-20', 1);
INSERT INTO "STI"."USER"."atributo" (ID_ATRIBUTO, NOME, NOMEPLURAL, GENERO, CARDINALIDADE, ID_ATRIBUTOSINONIMO, DATA, ID_USUARIO) VALUES(33, 'fórmula', 'fórmulas', 1, 1, NULL, '2011-07-20', 1);
INSERT INTO "STI"."USER"."atributo" (ID_ATRIBUTO, NOME, NOMEPLURAL, GENERO, CARDINALIDADE, ID_ATRIBUTOSINONIMO, DATA, ID_USUARIO) VALUES(34, 'componente', 'componentes', 0, 1, NULL, '2011-07-20', 1);
INSERT INTO "STI"."USER"."atributo" (ID_ATRIBUTO, NOME, NOMEPLURAL, GENERO, CARDINALIDADE, ID_ATRIBUTOSINONIMO, DATA, ID_USUARIO) VALUES(35, 'divisão', 'divisões', 1, 1, NULL, '2011-07-20', 1);
INSERT INTO "STI"."USER"."atributo" (ID_ATRIBUTO, NOME, NOMEPLURAL, GENERO, CARDINALIDADE, ID_ATRIBUTOSINONIMO, DATA, ID_USUARIO) VALUES(36, 'hierarquia', 'hierarquias', 1, 1, NULL, '2011-07-20', 1);
INSERT INTO "STI"."USER"."atributo" (ID_ATRIBUTO, NOME, NOMEPLURAL, GENERO, CARDINALIDADE, ID_ATRIBUTOSINONIMO, DATA, ID_USUARIO) VALUES(37, 'introdução', 'introduções', 1, 1, NULL, '2011-07-20', 1);
INSERT INTO "STI"."USER"."atributo" (ID_ATRIBUTO, NOME, NOMEPLURAL, GENERO, CARDINALIDADE, ID_ATRIBUTOSINONIMO, DATA, ID_USUARIO) VALUES(38, 'conclusão', 'conclusões', 1, 1, NULL, '2011-07-20', 1);
INSERT INTO "STI"."USER"."atributo" (ID_ATRIBUTO, NOME, NOMEPLURAL, GENERO, CARDINALIDADE, ID_ATRIBUTOSINONIMO, DATA, ID_USUARIO) VALUES(39, 'premissa', 'premissas', 1, 1, NULL, '2011-07-20', 1);
INSERT INTO "STI"."USER"."atributo" (ID_ATRIBUTO, NOME, NOMEPLURAL, GENERO, CARDINALIDADE, ID_ATRIBUTOSINONIMO, DATA, ID_USUARIO) VALUES(40, 'inferência', 'inferências', 1, 1, NULL, '2011-07-20', 1);
INSERT INTO "STI"."USER"."atributo" (ID_ATRIBUTO, NOME, NOMEPLURAL, GENERO, CARDINALIDADE, ID_ATRIBUTOSINONIMO, DATA, ID_USUARIO) VALUES(41, 'hora atual', 'hora atual', 1, 0, NULL, '2011-10-21', 1);
INSERT INTO "STI"."USER"."atributo" (ID_ATRIBUTO, NOME, NOMEPLURAL, GENERO, CARDINALIDADE, ID_ATRIBUTOSINONIMO, DATA, ID_USUARIO) VALUES(42, 'tipo', 'tipos', 0, 1, 22, '2011-10-25', 1);
INSERT INTO "STI"."USER"."atributo" (ID_ATRIBUTO, NOME, NOMEPLURAL, GENERO, CARDINALIDADE, ID_ATRIBUTOSINONIMO, DATA, ID_USUARIO) VALUES(43, 'self', 'self', 0, 1, NULL, '2011-12-07', 1);
INSERT INTO "STI"."USER"."atributo" (ID_ATRIBUTO, NOME, NOMEPLURAL, GENERO, CARDINALIDADE, ID_ATRIBUTOSINONIMO, DATA, ID_USUARIO) VALUES(44, 'lugar', 'lugares', 0, 1, NULL, '2011-12-07', 1);
INSERT INTO "STI"."USER"."atributo" (ID_ATRIBUTO, NOME, NOMEPLURAL, GENERO, CARDINALIDADE, ID_ATRIBUTOSINONIMO, DATA, ID_USUARIO) VALUES(45, 'função', 'funções', 1, 1, NULL, '2011-12-07', 1);
INSERT INTO "STI"."USER"."atributo" (ID_ATRIBUTO, NOME, NOMEPLURAL, GENERO, CARDINALIDADE, ID_ATRIBUTOSINONIMO, DATA, ID_USUARIO) VALUES(46, 'ajuda', 'ajudas', 1, 1, NULL, '2011-12-07', 1);
INSERT INTO "STI"."USER"."atributo" (ID_ATRIBUTO, NOME, NOMEPLURAL, GENERO, CARDINALIDADE, ID_ATRIBUTOSINONIMO, DATA, ID_USUARIO) VALUES(47, 'dia atual', 'dia atual', 0, 1, NULL, '2011-12-08', 1);
INSERT INTO "STI"."USER"."atributo" (ID_ATRIBUTO, NOME, NOMEPLURAL, GENERO, CARDINALIDADE, ID_ATRIBUTOSINONIMO, DATA, ID_USUARIO) VALUES(48, 'lista', 'listas', 1, 1, NULL, '2012-05-20', 1);
INSERT INTO "STI"."USER"."atributo" (ID_ATRIBUTO, NOME, NOMEPLURAL, GENERO, CARDINALIDADE, ID_ATRIBUTOSINONIMO, DATA, ID_USUARIO) VALUES(49, 'site', 'sites', 0, 1, 5, '2012-10-24', 1);
INSERT INTO "STI"."USER"."atributo" (ID_ATRIBUTO, NOME, NOMEPLURAL, GENERO, CARDINALIDADE, ID_ATRIBUTOSINONIMO, DATA, ID_USUARIO) VALUES(50, 'tripla', 'triplas', 1, 1, NULL, '2013-09-26', 1);
INSERT INTO "STI"."USER"."atributo" (ID_ATRIBUTO, NOME, NOMEPLURAL, GENERO, CARDINALIDADE, ID_ATRIBUTOSINONIMO, DATA, ID_USUARIO) VALUES(51, 'owl', 'owl', 1, 1, NULL, '2013-09-27', 1);
INSERT INTO "STI"."USER"."atributo" (ID_ATRIBUTO, NOME, NOMEPLURAL, GENERO, CARDINALIDADE, ID_ATRIBUTOSINONIMO, DATA, ID_USUARIO) VALUES(52, 'r2rml', 'r2rml', 0, 1, NULL, '2013-10-04', 1);
INSERT INTO "STI"."USER"."atributo" (ID_ATRIBUTO, NOME, NOMEPLURAL, GENERO, CARDINALIDADE, ID_ATRIBUTOSINONIMO, DATA, ID_USUARIO) VALUES(53, 'aplicação', 'aplicações', 1, 1, NULL, '2014-06-06', 1);
INSERT INTO "STI"."USER"."atributo" (ID_ATRIBUTO, NOME, NOMEPLURAL, GENERO, CARDINALIDADE, ID_ATRIBUTOSINONIMO, DATA, ID_USUARIO) VALUES(54, 'dimensão', 'dimensões', 1, 1, NULL, '2014-06-07', 1);
INSERT INTO "STI"."USER"."atributo" (ID_ATRIBUTO, NOME, NOMEPLURAL, GENERO, CARDINALIDADE, ID_ATRIBUTOSINONIMO, DATA, ID_USUARIO) VALUES(55, 'item', 'itens', 0, 1, NULL, '2014-06-07', 1);
INSERT INTO "STI"."USER"."atributo" (ID_ATRIBUTO, NOME, NOMEPLURAL, GENERO, CARDINALIDADE, ID_ATRIBUTOSINONIMO, DATA, ID_USUARIO) VALUES(56, 'módulo', 'módulos', 0, 1, NULL, '2014-06-07', 1);
INSERT INTO "STI"."USER"."atributo" (ID_ATRIBUTO, NOME, NOMEPLURAL, GENERO, CARDINALIDADE, ID_ATRIBUTOSINONIMO, DATA, ID_USUARIO) VALUES(57, 'propriedade', 'propriedades', 1, 1, NULL, '2014-06-09', 1);
INSERT INTO "STI"."USER"."atributo" (ID_ATRIBUTO, NOME, NOMEPLURAL, GENERO, CARDINALIDADE, ID_ATRIBUTOSINONIMO, DATA, ID_USUARIO) VALUES(58, 'operação', 'operações', 1, 1, NULL, '2014-06-10', 1);
INSERT INTO "STI"."USER"."atributo" (ID_ATRIBUTO, NOME, NOMEPLURAL, GENERO, CARDINALIDADE, ID_ATRIBUTOSINONIMO, DATA, ID_USUARIO) VALUES(59, 'biografia', 'biografias', 1, 1, NULL, '2014-07-12', 1);
INSERT INTO "STI"."USER"."atributo" (ID_ATRIBUTO, NOME, NOMEPLURAL, GENERO, CARDINALIDADE, ID_ATRIBUTOSINONIMO, DATA, ID_USUARIO) VALUES(60, 'foto', 'fotos', 1, 1, NULL, '2014-07-14', 1);
INSERT INTO "STI"."USER"."atributo" (ID_ATRIBUTO, NOME, NOMEPLURAL, GENERO, CARDINALIDADE, ID_ATRIBUTOSINONIMO, DATA, ID_USUARIO) VALUES(61, 'implementação', 'implementações', 1, 1, NULL, '2014-07-28', 1);
INSERT INTO "STI"."USER"."atributo" (ID_ATRIBUTO, NOME, NOMEPLURAL, GENERO, CARDINALIDADE, ID_ATRIBUTOSINONIMO, DATA, ID_USUARIO) VALUES(62, 'software', 'softwares', 0, 1, NULL, '2014-07-28', 1);
INSERT INTO "STI"."USER"."atributo" (ID_ATRIBUTO, NOME, NOMEPLURAL, GENERO, CARDINALIDADE, ID_ATRIBUTOSINONIMO, DATA, ID_USUARIO) VALUES(63, 'video', 'videos', 0, 1, NULL, '2014-07-29', 1);

INSERT INTO "STI"."USER"."atributo_pergunta" (ID, ID_PERGUNTA, ID_ATRIBUTO, ID_OBJETO, DATA, ID_USUARIO) VALUES(1, 1, 1, NULL, '2011-06-27', 1);
INSERT INTO "STI"."USER"."atributo_pergunta" (ID, ID_PERGUNTA, ID_ATRIBUTO, ID_OBJETO, DATA, ID_USUARIO) VALUES(2, 2, 1, NULL, '2011-06-27', 1);
INSERT INTO "STI"."USER"."atributo_pergunta" (ID, ID_PERGUNTA, ID_ATRIBUTO, ID_OBJETO, DATA, ID_USUARIO) VALUES(3, 3, 1, NULL, '2011-06-27', 1);
INSERT INTO "STI"."USER"."atributo_pergunta" (ID, ID_PERGUNTA, ID_ATRIBUTO, ID_OBJETO, DATA, ID_USUARIO) VALUES(4, 4, 1, NULL, '2011-06-27', 1);
INSERT INTO "STI"."USER"."atributo_pergunta" (ID, ID_PERGUNTA, ID_ATRIBUTO, ID_OBJETO, DATA, ID_USUARIO) VALUES(5, 5, 2, NULL, '2011-06-27', 1);
INSERT INTO "STI"."USER"."atributo_pergunta" (ID, ID_PERGUNTA, ID_ATRIBUTO, ID_OBJETO, DATA, ID_USUARIO) VALUES(6, 6, 2, NULL, '2011-06-27', 1);
INSERT INTO "STI"."USER"."atributo_pergunta" (ID, ID_PERGUNTA, ID_ATRIBUTO, ID_OBJETO, DATA, ID_USUARIO) VALUES(7, 7, 2, NULL, '2011-06-27', 1);
INSERT INTO "STI"."USER"."atributo_pergunta" (ID, ID_PERGUNTA, ID_ATRIBUTO, ID_OBJETO, DATA, ID_USUARIO) VALUES(8, 8, 2, NULL, '2011-06-27', 1);
INSERT INTO "STI"."USER"."atributo_pergunta" (ID, ID_PERGUNTA, ID_ATRIBUTO, ID_OBJETO, DATA, ID_USUARIO) VALUES(9, 9, 3, NULL, '2011-06-27', 1);
INSERT INTO "STI"."USER"."atributo_pergunta" (ID, ID_PERGUNTA, ID_ATRIBUTO, ID_OBJETO, DATA, ID_USUARIO) VALUES(10, 10, 3, NULL, '2011-06-27', 1);
INSERT INTO "STI"."USER"."atributo_pergunta" (ID, ID_PERGUNTA, ID_ATRIBUTO, ID_OBJETO, DATA, ID_USUARIO) VALUES(11, 11, 1, NULL, '2011-06-27', 1);
INSERT INTO "STI"."USER"."atributo_pergunta" (ID, ID_PERGUNTA, ID_ATRIBUTO, ID_OBJETO, DATA, ID_USUARIO) VALUES(12, 12, 1, NULL, '2011-06-27', 1);
INSERT INTO "STI"."USER"."atributo_pergunta" (ID, ID_PERGUNTA, ID_ATRIBUTO, ID_OBJETO, DATA, ID_USUARIO) VALUES(13, 11, 15, NULL, '2011-06-27', 1);
INSERT INTO "STI"."USER"."atributo_pergunta" (ID, ID_PERGUNTA, ID_ATRIBUTO, ID_OBJETO, DATA, ID_USUARIO) VALUES(14, 12, 15, NULL, '2011-06-27', 1);
INSERT INTO "STI"."USER"."atributo_pergunta" (ID, ID_PERGUNTA, ID_ATRIBUTO, ID_OBJETO, DATA, ID_USUARIO) VALUES(15, 15, 1, NULL, '2011-06-27', 1);
INSERT INTO "STI"."USER"."atributo_pergunta" (ID, ID_PERGUNTA, ID_ATRIBUTO, ID_OBJETO, DATA, ID_USUARIO) VALUES(16, 15, 15, NULL, '2011-06-27', 1);
INSERT INTO "STI"."USER"."atributo_pergunta" (ID, ID_PERGUNTA, ID_ATRIBUTO, ID_OBJETO, DATA, ID_USUARIO) VALUES(17, 16, 1, NULL, '2011-06-27', 1);
INSERT INTO "STI"."USER"."atributo_pergunta" (ID, ID_PERGUNTA, ID_ATRIBUTO, ID_OBJETO, DATA, ID_USUARIO) VALUES(18, 16, 15, NULL, '2011-06-27', 1);
INSERT INTO "STI"."USER"."atributo_pergunta" (ID, ID_PERGUNTA, ID_ATRIBUTO, ID_OBJETO, DATA, ID_USUARIO) VALUES(19, 17, 1, NULL, '2011-06-27', 1);
INSERT INTO "STI"."USER"."atributo_pergunta" (ID, ID_PERGUNTA, ID_ATRIBUTO, ID_OBJETO, DATA, ID_USUARIO) VALUES(20, 17, 15, NULL, '2011-06-27', 1);
INSERT INTO "STI"."USER"."atributo_pergunta" (ID, ID_PERGUNTA, ID_ATRIBUTO, ID_OBJETO, DATA, ID_USUARIO) VALUES(21, 18, 1, NULL, '2011-06-27', 1);
INSERT INTO "STI"."USER"."atributo_pergunta" (ID, ID_PERGUNTA, ID_ATRIBUTO, ID_OBJETO, DATA, ID_USUARIO) VALUES(22, 18, 15, NULL, '2011-06-27', 1);
INSERT INTO "STI"."USER"."atributo_pergunta" (ID, ID_PERGUNTA, ID_ATRIBUTO, ID_OBJETO, DATA, ID_USUARIO) VALUES(23, 19, 16, NULL, '2011-06-27', 1);
INSERT INTO "STI"."USER"."atributo_pergunta" (ID, ID_PERGUNTA, ID_ATRIBUTO, ID_OBJETO, DATA, ID_USUARIO) VALUES(24, 19, 17, NULL, '2011-06-27', 1);
INSERT INTO "STI"."USER"."atributo_pergunta" (ID, ID_PERGUNTA, ID_ATRIBUTO, ID_OBJETO, DATA, ID_USUARIO) VALUES(25, 20, 16, NULL, '2011-06-27', 1);
INSERT INTO "STI"."USER"."atributo_pergunta" (ID, ID_PERGUNTA, ID_ATRIBUTO, ID_OBJETO, DATA, ID_USUARIO) VALUES(26, 20, 17, NULL, '2011-06-27', 1);
INSERT INTO "STI"."USER"."atributo_pergunta" (ID, ID_PERGUNTA, ID_ATRIBUTO, ID_OBJETO, DATA, ID_USUARIO) VALUES(27, 21, 21, NULL, '2011-07-14', 1);
INSERT INTO "STI"."USER"."atributo_pergunta" (ID, ID_PERGUNTA, ID_ATRIBUTO, ID_OBJETO, DATA, ID_USUARIO) VALUES(28, 22, 22, NULL, '2011-07-14', 1);
INSERT INTO "STI"."USER"."atributo_pergunta" (ID, ID_PERGUNTA, ID_ATRIBUTO, ID_OBJETO, DATA, ID_USUARIO) VALUES(37, 21, 42, NULL, '2011-10-25', 1);
INSERT INTO "STI"."USER"."atributo_pergunta" (ID, ID_PERGUNTA, ID_ATRIBUTO, ID_OBJETO, DATA, ID_USUARIO) VALUES(30, 24, 21, NULL, '2011-07-14', 1);
INSERT INTO "STI"."USER"."atributo_pergunta" (ID, ID_PERGUNTA, ID_ATRIBUTO, ID_OBJETO, DATA, ID_USUARIO) VALUES(31, 25, 21, NULL, '2011-07-14', 1);
INSERT INTO "STI"."USER"."atributo_pergunta" (ID, ID_PERGUNTA, ID_ATRIBUTO, ID_OBJETO, DATA, ID_USUARIO) VALUES(32, 26, 21, NULL, '2011-07-14', 1);
INSERT INTO "STI"."USER"."atributo_pergunta" (ID, ID_PERGUNTA, ID_ATRIBUTO, ID_OBJETO, DATA, ID_USUARIO) VALUES(33, 27, 31, NULL, '2011-07-18', 1);
INSERT INTO "STI"."USER"."atributo_pergunta" (ID, ID_PERGUNTA, ID_ATRIBUTO, ID_OBJETO, DATA, ID_USUARIO) VALUES(34, 28, 31, NULL, '2011-07-18', 1);
INSERT INTO "STI"."USER"."atributo_pergunta" (ID, ID_PERGUNTA, ID_ATRIBUTO, ID_OBJETO, DATA, ID_USUARIO) VALUES(35, 29, 31, NULL, '2011-07-19', 1);
INSERT INTO "STI"."USER"."atributo_pergunta" (ID, ID_PERGUNTA, ID_ATRIBUTO, ID_OBJETO, DATA, ID_USUARIO) VALUES(36, 30, 41, 6, '2011-10-21', 1);
INSERT INTO "STI"."USER"."atributo_pergunta" (ID, ID_PERGUNTA, ID_ATRIBUTO, ID_OBJETO, DATA, ID_USUARIO) VALUES(38, 22, 42, NULL, '2011-10-25', 1);
INSERT INTO "STI"."USER"."atributo_pergunta" (ID, ID_PERGUNTA, ID_ATRIBUTO, ID_OBJETO, DATA, ID_USUARIO) VALUES(39, 24, 42, NULL, '2011-10-25', 1);
INSERT INTO "STI"."USER"."atributo_pergunta" (ID, ID_PERGUNTA, ID_ATRIBUTO, ID_OBJETO, DATA, ID_USUARIO) VALUES(40, 25, 42, NULL, '2011-10-25', 1);
INSERT INTO "STI"."USER"."atributo_pergunta" (ID, ID_PERGUNTA, ID_ATRIBUTO, ID_OBJETO, DATA, ID_USUARIO) VALUES(41, 26, 42, NULL, '2011-10-25', 1);
INSERT INTO "STI"."USER"."atributo_pergunta" (ID, ID_PERGUNTA, ID_ATRIBUTO, ID_OBJETO, DATA, ID_USUARIO) VALUES(42, 31, 22, NULL, '2011-10-25', 1);
INSERT INTO "STI"."USER"."atributo_pergunta" (ID, ID_PERGUNTA, ID_ATRIBUTO, ID_OBJETO, DATA, ID_USUARIO) VALUES(43, 32, 22, NULL, '2011-10-25', 1);
INSERT INTO "STI"."USER"."atributo_pergunta" (ID, ID_PERGUNTA, ID_ATRIBUTO, ID_OBJETO, DATA, ID_USUARIO) VALUES(44, 34, 43, 7, '2011-12-07', 1);
INSERT INTO "STI"."USER"."atributo_pergunta" (ID, ID_PERGUNTA, ID_ATRIBUTO, ID_OBJETO, DATA, ID_USUARIO) VALUES(45, 33, 44, 8, '2011-12-07', 1);
INSERT INTO "STI"."USER"."atributo_pergunta" (ID, ID_PERGUNTA, ID_ATRIBUTO, ID_OBJETO, DATA, ID_USUARIO) VALUES(46, 35, 46, 10, '2011-12-07', 1);
INSERT INTO "STI"."USER"."atributo_pergunta" (ID, ID_PERGUNTA, ID_ATRIBUTO, ID_OBJETO, DATA, ID_USUARIO) VALUES(47, 37, 45, 10, '2011-12-07', 1);
INSERT INTO "STI"."USER"."atributo_pergunta" (ID, ID_PERGUNTA, ID_ATRIBUTO, ID_OBJETO, DATA, ID_USUARIO) VALUES(48, 36, 46, 9, '2011-12-07', 1);
INSERT INTO "STI"."USER"."atributo_pergunta" (ID, ID_PERGUNTA, ID_ATRIBUTO, ID_OBJETO, DATA, ID_USUARIO) VALUES(49, 38, 47, 11, '2011-12-08', 1);
INSERT INTO "STI"."USER"."atributo_pergunta" (ID, ID_PERGUNTA, ID_ATRIBUTO, ID_OBJETO, DATA, ID_USUARIO) VALUES(50, 39, 4, NULL, '2012-02-08', 1);
INSERT INTO "STI"."USER"."atributo_pergunta" (ID, ID_PERGUNTA, ID_ATRIBUTO, ID_OBJETO, DATA, ID_USUARIO) VALUES(51, 40, 48, 12, '2012-05-20', 1);
INSERT INTO "STI"."USER"."atributo_pergunta" (ID, ID_PERGUNTA, ID_ATRIBUTO, ID_OBJETO, DATA, ID_USUARIO) VALUES(52, 41, 48, 12, '2012-05-20', 1);
INSERT INTO "STI"."USER"."atributo_pergunta" (ID, ID_PERGUNTA, ID_ATRIBUTO, ID_OBJETO, DATA, ID_USUARIO) VALUES(53, 42, 48, 12, '2012-05-20', 1);
INSERT INTO "STI"."USER"."atributo_pergunta" (ID, ID_PERGUNTA, ID_ATRIBUTO, ID_OBJETO, DATA, ID_USUARIO) VALUES(54, 43, 48, 12, '2012-05-20', 1);
INSERT INTO "STI"."USER"."atributo_pergunta" (ID, ID_PERGUNTA, ID_ATRIBUTO, ID_OBJETO, DATA, ID_USUARIO) VALUES(55, 44, 48, 12, '2012-05-20', 1);
INSERT INTO "STI"."USER"."atributo_pergunta" (ID, ID_PERGUNTA, ID_ATRIBUTO, ID_OBJETO, DATA, ID_USUARIO) VALUES(56, 45, 48, 12, '2012-05-20', 1);
INSERT INTO "STI"."USER"."atributo_pergunta" (ID, ID_PERGUNTA, ID_ATRIBUTO, ID_OBJETO, DATA, ID_USUARIO) VALUES(57, 46, 48, 12, '2012-05-20', 1);
INSERT INTO "STI"."USER"."atributo_pergunta" (ID, ID_PERGUNTA, ID_ATRIBUTO, ID_OBJETO, DATA, ID_USUARIO) VALUES(58, 47, 48, 12, '2012-05-20', 1);
INSERT INTO "STI"."USER"."atributo_pergunta" (ID, ID_PERGUNTA, ID_ATRIBUTO, ID_OBJETO, DATA, ID_USUARIO) VALUES(59, 48, 48, 12, '2012-05-20', 1);
INSERT INTO "STI"."USER"."atributo_pergunta" (ID, ID_PERGUNTA, ID_ATRIBUTO, ID_OBJETO, DATA, ID_USUARIO) VALUES(60, 49, 48, 12, '2012-05-20', 1);
INSERT INTO "STI"."USER"."atributo_pergunta" (ID, ID_PERGUNTA, ID_ATRIBUTO, ID_OBJETO, DATA, ID_USUARIO) VALUES(61, 50, 48, 12, '2012-05-20', 1);
INSERT INTO "STI"."USER"."atributo_pergunta" (ID, ID_PERGUNTA, ID_ATRIBUTO, ID_OBJETO, DATA, ID_USUARIO) VALUES(62, 51, 48, 12, '2012-05-20', 1);
INSERT INTO "STI"."USER"."atributo_pergunta" (ID, ID_PERGUNTA, ID_ATRIBUTO, ID_OBJETO, DATA, ID_USUARIO) VALUES(63, 52, 48, 12, '2012-05-20', 1);
INSERT INTO "STI"."USER"."atributo_pergunta" (ID, ID_PERGUNTA, ID_ATRIBUTO, ID_OBJETO, DATA, ID_USUARIO) VALUES(64, 53, 48, 12, '2012-05-20', 1);
INSERT INTO "STI"."USER"."atributo_pergunta" (ID, ID_PERGUNTA, ID_ATRIBUTO, ID_OBJETO, DATA, ID_USUARIO) VALUES(65, 54, 1, NULL, '2012-06-13', 1);
INSERT INTO "STI"."USER"."atributo_pergunta" (ID, ID_PERGUNTA, ID_ATRIBUTO, ID_OBJETO, DATA, ID_USUARIO) VALUES(66, 55, 1, NULL, '2012-06-13', 1);
INSERT INTO "STI"."USER"."atributo_pergunta" (ID, ID_PERGUNTA, ID_ATRIBUTO, ID_OBJETO, DATA, ID_USUARIO) VALUES(67, 56, 1, NULL, '2012-06-13', 1);
INSERT INTO "STI"."USER"."atributo_pergunta" (ID, ID_PERGUNTA, ID_ATRIBUTO, ID_OBJETO, DATA, ID_USUARIO) VALUES(68, 57, 48, 13, '2012-09-12', 1);
INSERT INTO "STI"."USER"."atributo_pergunta" (ID, ID_PERGUNTA, ID_ATRIBUTO, ID_OBJETO, DATA, ID_USUARIO) VALUES(69, 58, 48, 13, '2012-09-12', 1);
INSERT INTO "STI"."USER"."atributo_pergunta" (ID, ID_PERGUNTA, ID_ATRIBUTO, ID_OBJETO, DATA, ID_USUARIO) VALUES(70, 59, 48, 13, '2012-09-12', 1);
INSERT INTO "STI"."USER"."atributo_pergunta" (ID, ID_PERGUNTA, ID_ATRIBUTO, ID_OBJETO, DATA, ID_USUARIO) VALUES(71, 60, 48, 13, '2012-09-12', 1);
INSERT INTO "STI"."USER"."atributo_pergunta" (ID, ID_PERGUNTA, ID_ATRIBUTO, ID_OBJETO, DATA, ID_USUARIO) VALUES(72, 61, 48, 13, '2012-09-12', 1);
INSERT INTO "STI"."USER"."atributo_pergunta" (ID, ID_PERGUNTA, ID_ATRIBUTO, ID_OBJETO, DATA, ID_USUARIO) VALUES(73, 62, 48, 13, '2012-09-12', 1);
INSERT INTO "STI"."USER"."atributo_pergunta" (ID, ID_PERGUNTA, ID_ATRIBUTO, ID_OBJETO, DATA, ID_USUARIO) VALUES(74, 63, 48, 13, '2012-09-12', 1);
INSERT INTO "STI"."USER"."atributo_pergunta" (ID, ID_PERGUNTA, ID_ATRIBUTO, ID_OBJETO, DATA, ID_USUARIO) VALUES(75, 64, 48, 13, '2012-09-12', 1);
INSERT INTO "STI"."USER"."atributo_pergunta" (ID, ID_PERGUNTA, ID_ATRIBUTO, ID_OBJETO, DATA, ID_USUARIO) VALUES(76, 65, 48, 13, '2012-09-20', 1);
INSERT INTO "STI"."USER"."atributo_pergunta" (ID, ID_PERGUNTA, ID_ATRIBUTO, ID_OBJETO, DATA, ID_USUARIO) VALUES(77, 66, 48, 13, '2012-09-20', 1);
INSERT INTO "STI"."USER"."atributo_pergunta" (ID, ID_PERGUNTA, ID_ATRIBUTO, ID_OBJETO, DATA, ID_USUARIO) VALUES(78, 67, 48, 13, '2012-09-20', 1);
INSERT INTO "STI"."USER"."atributo_pergunta" (ID, ID_PERGUNTA, ID_ATRIBUTO, ID_OBJETO, DATA, ID_USUARIO) VALUES(79, 68, 48, 13, '2012-09-20', 1);
INSERT INTO "STI"."USER"."atributo_pergunta" (ID, ID_PERGUNTA, ID_ATRIBUTO, ID_OBJETO, DATA, ID_USUARIO) VALUES(80, 69, 48, 13, '2012-09-20', 1);
INSERT INTO "STI"."USER"."atributo_pergunta" (ID, ID_PERGUNTA, ID_ATRIBUTO, ID_OBJETO, DATA, ID_USUARIO) VALUES(81, 70, 48, 13, '2012-09-20', 1);
INSERT INTO "STI"."USER"."atributo_pergunta" (ID, ID_PERGUNTA, ID_ATRIBUTO, ID_OBJETO, DATA, ID_USUARIO) VALUES(82, 71, 48, 13, '2012-09-20', 1);
INSERT INTO "STI"."USER"."atributo_pergunta" (ID, ID_PERGUNTA, ID_ATRIBUTO, ID_OBJETO, DATA, ID_USUARIO) VALUES(83, 72, 48, 14, '2012-09-20', 1);
INSERT INTO "STI"."USER"."atributo_pergunta" (ID, ID_PERGUNTA, ID_ATRIBUTO, ID_OBJETO, DATA, ID_USUARIO) VALUES(84, 73, 48, 14, '2012-09-20', 1);
INSERT INTO "STI"."USER"."atributo_pergunta" (ID, ID_PERGUNTA, ID_ATRIBUTO, ID_OBJETO, DATA, ID_USUARIO) VALUES(85, 74, 48, 14, '2012-09-20', 1);
INSERT INTO "STI"."USER"."atributo_pergunta" (ID, ID_PERGUNTA, ID_ATRIBUTO, ID_OBJETO, DATA, ID_USUARIO) VALUES(86, 75, 48, 14, '2012-09-20', 1);
INSERT INTO "STI"."USER"."atributo_pergunta" (ID, ID_PERGUNTA, ID_ATRIBUTO, ID_OBJETO, DATA, ID_USUARIO) VALUES(87, 76, 48, 14, '2012-09-20', 1);
INSERT INTO "STI"."USER"."atributo_pergunta" (ID, ID_PERGUNTA, ID_ATRIBUTO, ID_OBJETO, DATA, ID_USUARIO) VALUES(88, 77, 48, 14, '2012-09-20', 1);
INSERT INTO "STI"."USER"."atributo_pergunta" (ID, ID_PERGUNTA, ID_ATRIBUTO, ID_OBJETO, DATA, ID_USUARIO) VALUES(89, 78, 48, 14, '2012-09-20', 1);
INSERT INTO "STI"."USER"."atributo_pergunta" (ID, ID_PERGUNTA, ID_ATRIBUTO, ID_OBJETO, DATA, ID_USUARIO) VALUES(90, 79, 48, 14, '2012-09-20', 1);
INSERT INTO "STI"."USER"."atributo_pergunta" (ID, ID_PERGUNTA, ID_ATRIBUTO, ID_OBJETO, DATA, ID_USUARIO) VALUES(91, 80, 48, 14, '2012-09-20', 1);
INSERT INTO "STI"."USER"."atributo_pergunta" (ID, ID_PERGUNTA, ID_ATRIBUTO, ID_OBJETO, DATA, ID_USUARIO) VALUES(92, 81, 48, 14, '2012-09-20', 1);
INSERT INTO "STI"."USER"."atributo_pergunta" (ID, ID_PERGUNTA, ID_ATRIBUTO, ID_OBJETO, DATA, ID_USUARIO) VALUES(93, 82, 48, 14, '2012-09-20', 1);
INSERT INTO "STI"."USER"."atributo_pergunta" (ID, ID_PERGUNTA, ID_ATRIBUTO, ID_OBJETO, DATA, ID_USUARIO) VALUES(94, 83, 48, 14, '2012-09-20', 1);
INSERT INTO "STI"."USER"."atributo_pergunta" (ID, ID_PERGUNTA, ID_ATRIBUTO, ID_OBJETO, DATA, ID_USUARIO) VALUES(95, 84, 48, 14, '2012-09-20', 1);
INSERT INTO "STI"."USER"."atributo_pergunta" (ID, ID_PERGUNTA, ID_ATRIBUTO, ID_OBJETO, DATA, ID_USUARIO) VALUES(96, 85, 48, 14, '2012-09-20', 1);
INSERT INTO "STI"."USER"."atributo_pergunta" (ID, ID_PERGUNTA, ID_ATRIBUTO, ID_OBJETO, DATA, ID_USUARIO) VALUES(97, 86, 48, 14, '2012-09-20', 1);
INSERT INTO "STI"."USER"."atributo_pergunta" (ID, ID_PERGUNTA, ID_ATRIBUTO, ID_OBJETO, DATA, ID_USUARIO) VALUES(98, 87, 14, NULL, '2012-10-01', 1);
INSERT INTO "STI"."USER"."atributo_pergunta" (ID, ID_PERGUNTA, ID_ATRIBUTO, ID_OBJETO, DATA, ID_USUARIO) VALUES(99, 88, 1, NULL, '2012-10-23', 1);
INSERT INTO "STI"."USER"."atributo_pergunta" (ID, ID_PERGUNTA, ID_ATRIBUTO, ID_OBJETO, DATA, ID_USUARIO) VALUES(100, 89, 5, NULL, '2012-10-24', 1);
INSERT INTO "STI"."USER"."atributo_pergunta" (ID, ID_PERGUNTA, ID_ATRIBUTO, ID_OBJETO, DATA, ID_USUARIO) VALUES(101, 90, 5, NULL, '2012-10-24', 1);
INSERT INTO "STI"."USER"."atributo_pergunta" (ID, ID_PERGUNTA, ID_ATRIBUTO, ID_OBJETO, DATA, ID_USUARIO) VALUES(102, 91, 5, NULL, '2012-10-24', 1);
INSERT INTO "STI"."USER"."atributo_pergunta" (ID, ID_PERGUNTA, ID_ATRIBUTO, ID_OBJETO, DATA, ID_USUARIO) VALUES(103, 92, 5, NULL, '2012-10-24', 1);
INSERT INTO "STI"."USER"."atributo_pergunta" (ID, ID_PERGUNTA, ID_ATRIBUTO, ID_OBJETO, DATA, ID_USUARIO) VALUES(104, 93, 5, NULL, '2012-10-24', 1);
INSERT INTO "STI"."USER"."atributo_pergunta" (ID, ID_PERGUNTA, ID_ATRIBUTO, ID_OBJETO, DATA, ID_USUARIO) VALUES(105, 94, 5, NULL, '2012-10-24', 1);
INSERT INTO "STI"."USER"."atributo_pergunta" (ID, ID_PERGUNTA, ID_ATRIBUTO, ID_OBJETO, DATA, ID_USUARIO) VALUES(106, 95, 5, NULL, '2012-10-24', 1);
INSERT INTO "STI"."USER"."atributo_pergunta" (ID, ID_PERGUNTA, ID_ATRIBUTO, ID_OBJETO, DATA, ID_USUARIO) VALUES(107, 96, 5, NULL, '2012-10-24', 1);
INSERT INTO "STI"."USER"."atributo_pergunta" (ID, ID_PERGUNTA, ID_ATRIBUTO, ID_OBJETO, DATA, ID_USUARIO) VALUES(108, 97, 5, NULL, '2012-10-24', 1);
INSERT INTO "STI"."USER"."atributo_pergunta" (ID, ID_PERGUNTA, ID_ATRIBUTO, ID_OBJETO, DATA, ID_USUARIO) VALUES(109, 98, 5, NULL, '2012-10-24', 1);
INSERT INTO "STI"."USER"."atributo_pergunta" (ID, ID_PERGUNTA, ID_ATRIBUTO, ID_OBJETO, DATA, ID_USUARIO) VALUES(110, 99, 5, NULL, '2012-10-24', 1);
INSERT INTO "STI"."USER"."atributo_pergunta" (ID, ID_PERGUNTA, ID_ATRIBUTO, ID_OBJETO, DATA, ID_USUARIO) VALUES(111, 100, 5, NULL, '2012-10-24', 1);
INSERT INTO "STI"."USER"."atributo_pergunta" (ID, ID_PERGUNTA, ID_ATRIBUTO, ID_OBJETO, DATA, ID_USUARIO) VALUES(112, 101, 27, 12, '2012-05-15', 1);
INSERT INTO "STI"."USER"."atributo_pergunta" (ID, ID_PERGUNTA, ID_ATRIBUTO, ID_OBJETO, DATA, ID_USUARIO) VALUES(113, 102, 27, 12, '2012-05-15', 1);
INSERT INTO "STI"."USER"."atributo_pergunta" (ID, ID_PERGUNTA, ID_ATRIBUTO, ID_OBJETO, DATA, ID_USUARIO) VALUES(114, 103, 27, 12, '2012-05-15', 1);
INSERT INTO "STI"."USER"."atributo_pergunta" (ID, ID_PERGUNTA, ID_ATRIBUTO, ID_OBJETO, DATA, ID_USUARIO) VALUES(115, 104, 27, 12, '2012-05-15', 1);
INSERT INTO "STI"."USER"."atributo_pergunta" (ID, ID_PERGUNTA, ID_ATRIBUTO, ID_OBJETO, DATA, ID_USUARIO) VALUES(116, 105, 27, 12, '2012-05-15', 1);
INSERT INTO "STI"."USER"."atributo_pergunta" (ID, ID_PERGUNTA, ID_ATRIBUTO, ID_OBJETO, DATA, ID_USUARIO) VALUES(117, 106, 27, 18, '2012-05-16', 1);
INSERT INTO "STI"."USER"."atributo_pergunta" (ID, ID_PERGUNTA, ID_ATRIBUTO, ID_OBJETO, DATA, ID_USUARIO) VALUES(118, 107, 27, 18, '2012-05-16', 1);
INSERT INTO "STI"."USER"."atributo_pergunta" (ID, ID_PERGUNTA, ID_ATRIBUTO, ID_OBJETO, DATA, ID_USUARIO) VALUES(119, 108, 48, 19, '2013-05-28', 1);
INSERT INTO "STI"."USER"."atributo_pergunta" (ID, ID_PERGUNTA, ID_ATRIBUTO, ID_OBJETO, DATA, ID_USUARIO) VALUES(120, 109, 48, 19, '2013-05-28', 1);
INSERT INTO "STI"."USER"."atributo_pergunta" (ID, ID_PERGUNTA, ID_ATRIBUTO, ID_OBJETO, DATA, ID_USUARIO) VALUES(121, 110, 48, 19, '2013-05-28', 1);
INSERT INTO "STI"."USER"."atributo_pergunta" (ID, ID_PERGUNTA, ID_ATRIBUTO, ID_OBJETO, DATA, ID_USUARIO) VALUES(122, 111, 3, NULL, '2013-08-23', 1);
INSERT INTO "STI"."USER"."atributo_pergunta" (ID, ID_PERGUNTA, ID_ATRIBUTO, ID_OBJETO, DATA, ID_USUARIO) VALUES(123, 112, 3, NULL, '2013-08-23', 1);
INSERT INTO "STI"."USER"."atributo_pergunta" (ID, ID_PERGUNTA, ID_ATRIBUTO, ID_OBJETO, DATA, ID_USUARIO) VALUES(124, 113, 50, 12, '2013-09-26', 1);
INSERT INTO "STI"."USER"."atributo_pergunta" (ID, ID_PERGUNTA, ID_ATRIBUTO, ID_OBJETO, DATA, ID_USUARIO) VALUES(125, 114, 51, 12, '2013-09-27', 1);
INSERT INTO "STI"."USER"."atributo_pergunta" (ID, ID_PERGUNTA, ID_ATRIBUTO, ID_OBJETO, DATA, ID_USUARIO) VALUES(126, 115, 52, 12, '2013-10-04', 1);
INSERT INTO "STI"."USER"."atributo_pergunta" (ID, ID_PERGUNTA, ID_ATRIBUTO, ID_OBJETO, DATA, ID_USUARIO) VALUES(127, 116, 53, NULL, '2014-06-06', 1);
INSERT INTO "STI"."USER"."atributo_pergunta" (ID, ID_PERGUNTA, ID_ATRIBUTO, ID_OBJETO, DATA, ID_USUARIO) VALUES(128, 117, 53, NULL, '2014-06-06', 1);
INSERT INTO "STI"."USER"."atributo_pergunta" (ID, ID_PERGUNTA, ID_ATRIBUTO, ID_OBJETO, DATA, ID_USUARIO) VALUES(129, 118, 54, NULL, '2014-06-07', 1);
INSERT INTO "STI"."USER"."atributo_pergunta" (ID, ID_PERGUNTA, ID_ATRIBUTO, ID_OBJETO, DATA, ID_USUARIO) VALUES(130, 119, 55, NULL, '2014-06-07', 1);
INSERT INTO "STI"."USER"."atributo_pergunta" (ID, ID_PERGUNTA, ID_ATRIBUTO, ID_OBJETO, DATA, ID_USUARIO) VALUES(131, 120, 55, NULL, '2014-06-07', 1);
INSERT INTO "STI"."USER"."atributo_pergunta" (ID, ID_PERGUNTA, ID_ATRIBUTO, ID_OBJETO, DATA, ID_USUARIO) VALUES(132, 121, 55, NULL, '2014-06-07', 1);
INSERT INTO "STI"."USER"."atributo_pergunta" (ID, ID_PERGUNTA, ID_ATRIBUTO, ID_OBJETO, DATA, ID_USUARIO) VALUES(133, 122, 4, NULL, '2014-06-08', 1);
INSERT INTO "STI"."USER"."atributo_pergunta" (ID, ID_PERGUNTA, ID_ATRIBUTO, ID_OBJETO, DATA, ID_USUARIO) VALUES(134, 123, 4, NULL, '2014-06-08', 1);
INSERT INTO "STI"."USER"."atributo_pergunta" (ID, ID_PERGUNTA, ID_ATRIBUTO, ID_OBJETO, DATA, ID_USUARIO) VALUES(135, 124, 57, NULL, '2014-06-09', 1);
INSERT INTO "STI"."USER"."atributo_pergunta" (ID, ID_PERGUNTA, ID_ATRIBUTO, ID_OBJETO, DATA, ID_USUARIO) VALUES(136, 125, 57, NULL, '2014-06-09', 1);
INSERT INTO "STI"."USER"."atributo_pergunta" (ID, ID_PERGUNTA, ID_ATRIBUTO, ID_OBJETO, DATA, ID_USUARIO) VALUES(137, 126, 57, NULL, '2014-06-09', 1);
INSERT INTO "STI"."USER"."atributo_pergunta" (ID, ID_PERGUNTA, ID_ATRIBUTO, ID_OBJETO, DATA, ID_USUARIO) VALUES(138, 127, 58, NULL, '2014-06-10', 1);
INSERT INTO "STI"."USER"."atributo_pergunta" (ID, ID_PERGUNTA, ID_ATRIBUTO, ID_OBJETO, DATA, ID_USUARIO) VALUES(139, 128, 26, NULL, '2014-06-14', 1);
INSERT INTO "STI"."USER"."atributo_pergunta" (ID, ID_PERGUNTA, ID_ATRIBUTO, ID_OBJETO, DATA, ID_USUARIO) VALUES(140, 129, 28, NULL, '2014-06-14', 1);
INSERT INTO "STI"."USER"."atributo_pergunta" (ID, ID_PERGUNTA, ID_ATRIBUTO, ID_OBJETO, DATA, ID_USUARIO) VALUES(141, 130, 26, NULL, '2014-06-14', 1);
INSERT INTO "STI"."USER"."atributo_pergunta" (ID, ID_PERGUNTA, ID_ATRIBUTO, ID_OBJETO, DATA, ID_USUARIO) VALUES(142, 131, 28, NULL, '2014-06-14', 1);
INSERT INTO "STI"."USER"."atributo_pergunta" (ID, ID_PERGUNTA, ID_ATRIBUTO, ID_OBJETO, DATA, ID_USUARIO) VALUES(143, 132, 26, NULL, '2014-06-18', 1);
INSERT INTO "STI"."USER"."atributo_pergunta" (ID, ID_PERGUNTA, ID_ATRIBUTO, ID_OBJETO, DATA, ID_USUARIO) VALUES(144, 133, 28, NULL, '2014-06-18', 1);
INSERT INTO "STI"."USER"."atributo_pergunta" (ID, ID_PERGUNTA, ID_ATRIBUTO, ID_OBJETO, DATA, ID_USUARIO) VALUES(145, 134, 26, NULL, '2014-06-18', 1);
INSERT INTO "STI"."USER"."atributo_pergunta" (ID, ID_PERGUNTA, ID_ATRIBUTO, ID_OBJETO, DATA, ID_USUARIO) VALUES(146, 135, 28, NULL, '2014-06-18', 1);
INSERT INTO "STI"."USER"."atributo_pergunta" (ID, ID_PERGUNTA, ID_ATRIBUTO, ID_OBJETO, DATA, ID_USUARIO) VALUES(147, 136, 56, NULL, '2014-07-07', 1);
INSERT INTO "STI"."USER"."atributo_pergunta" (ID, ID_PERGUNTA, ID_ATRIBUTO, ID_OBJETO, DATA, ID_USUARIO) VALUES(148, 137, 56, NULL, '2014-07-07', 1);
INSERT INTO "STI"."USER"."atributo_pergunta" (ID, ID_PERGUNTA, ID_ATRIBUTO, ID_OBJETO, DATA, ID_USUARIO) VALUES(149, 138, 59, NULL, '2014-07-13', 1);
INSERT INTO "STI"."USER"."atributo_pergunta" (ID, ID_PERGUNTA, ID_ATRIBUTO, ID_OBJETO, DATA, ID_USUARIO) VALUES(150, 139, 59, NULL, '2014-07-13', 1);
INSERT INTO "STI"."USER"."atributo_pergunta" (ID, ID_PERGUNTA, ID_ATRIBUTO, ID_OBJETO, DATA, ID_USUARIO) VALUES(151, 140, 60, NULL, '2014-07-13', 1);
INSERT INTO "STI"."USER"."atributo_pergunta" (ID, ID_PERGUNTA, ID_ATRIBUTO, ID_OBJETO, DATA, ID_USUARIO) VALUES(152, 141, 60, NULL, '2014-07-13', 1);
INSERT INTO "STI"."USER"."atributo_pergunta" (ID, ID_PERGUNTA, ID_ATRIBUTO, ID_OBJETO, DATA, ID_USUARIO) VALUES(153, 142, 48, 68, '2014-07-13', 1);
INSERT INTO "STI"."USER"."atributo_pergunta" (ID, ID_PERGUNTA, ID_ATRIBUTO, ID_OBJETO, DATA, ID_USUARIO) VALUES(154, 143, 48, 68, '2014-07-13', 1);
INSERT INTO "STI"."USER"."atributo_pergunta" (ID, ID_PERGUNTA, ID_ATRIBUTO, ID_OBJETO, DATA, ID_USUARIO) VALUES(155, 144, 48, 68, '2014-07-13', 1);
INSERT INTO "STI"."USER"."atributo_pergunta" (ID, ID_PERGUNTA, ID_ATRIBUTO, ID_OBJETO, DATA, ID_USUARIO) VALUES(156, 145, 48, 68, '2014-07-13', 1);
INSERT INTO "STI"."USER"."atributo_pergunta" (ID, ID_PERGUNTA, ID_ATRIBUTO, ID_OBJETO, DATA, ID_USUARIO) VALUES(157, 146, 48, 68, '2014-07-13', 1);
INSERT INTO "STI"."USER"."atributo_pergunta" (ID, ID_PERGUNTA, ID_ATRIBUTO, ID_OBJETO, DATA, ID_USUARIO) VALUES(158, 147, 48, 68, '2014-07-13', 1);
INSERT INTO "STI"."USER"."atributo_pergunta" (ID, ID_PERGUNTA, ID_ATRIBUTO, ID_OBJETO, DATA, ID_USUARIO) VALUES(159, 148, 46, 69, '2014-07-24', 1);
INSERT INTO "STI"."USER"."atributo_pergunta" (ID, ID_PERGUNTA, ID_ATRIBUTO, ID_OBJETO, DATA, ID_USUARIO) VALUES(160, 149, 46, 70, '2014-07-24', 1);
INSERT INTO "STI"."USER"."atributo_pergunta" (ID, ID_PERGUNTA, ID_ATRIBUTO, ID_OBJETO, DATA, ID_USUARIO) VALUES(161, 150, 46, 69, '2014-07-24', 1);
INSERT INTO "STI"."USER"."atributo_pergunta" (ID, ID_PERGUNTA, ID_ATRIBUTO, ID_OBJETO, DATA, ID_USUARIO) VALUES(162, 151, 46, 70, '2014-07-24', 1);
INSERT INTO "STI"."USER"."atributo_pergunta" (ID, ID_PERGUNTA, ID_ATRIBUTO, ID_OBJETO, DATA, ID_USUARIO) VALUES(163, 152, 46, 69, '2014-07-24', 1);
INSERT INTO "STI"."USER"."atributo_pergunta" (ID, ID_PERGUNTA, ID_ATRIBUTO, ID_OBJETO, DATA, ID_USUARIO) VALUES(164, 153, 46, 70, '2014-07-24', 1);
INSERT INTO "STI"."USER"."atributo_pergunta" (ID, ID_PERGUNTA, ID_ATRIBUTO, ID_OBJETO, DATA, ID_USUARIO) VALUES(165, 154, 46, 71, '2014-07-24', 1);
INSERT INTO "STI"."USER"."atributo_pergunta" (ID, ID_PERGUNTA, ID_ATRIBUTO, ID_OBJETO, DATA, ID_USUARIO) VALUES(166, 155, 46, 71, '2014-07-24', 1);
INSERT INTO "STI"."USER"."atributo_pergunta" (ID, ID_PERGUNTA, ID_ATRIBUTO, ID_OBJETO, DATA, ID_USUARIO) VALUES(167, 156, 46, 71, '2014-07-24', 1);
INSERT INTO "STI"."USER"."atributo_pergunta" (ID, ID_PERGUNTA, ID_ATRIBUTO, ID_OBJETO, DATA, ID_USUARIO) VALUES(168, 157, 46, 71, '2014-07-24', 1);
INSERT INTO "STI"."USER"."atributo_pergunta" (ID, ID_PERGUNTA, ID_ATRIBUTO, ID_OBJETO, DATA, ID_USUARIO) VALUES(169, 158, 61, NULL, '2014-07-28', 1);
INSERT INTO "STI"."USER"."atributo_pergunta" (ID, ID_PERGUNTA, ID_ATRIBUTO, ID_OBJETO, DATA, ID_USUARIO) VALUES(170, 159, 61, NULL, '2014-07-28', 1);
INSERT INTO "STI"."USER"."atributo_pergunta" (ID, ID_PERGUNTA, ID_ATRIBUTO, ID_OBJETO, DATA, ID_USUARIO) VALUES(171, 160, 61, NULL, '2014-07-28', 1);
INSERT INTO "STI"."USER"."atributo_pergunta" (ID, ID_PERGUNTA, ID_ATRIBUTO, ID_OBJETO, DATA, ID_USUARIO) VALUES(172, 161, 62, NULL, '2014-07-28', 1);
INSERT INTO "STI"."USER"."atributo_pergunta" (ID, ID_PERGUNTA, ID_ATRIBUTO, ID_OBJETO, DATA, ID_USUARIO) VALUES(173, 162, 62, NULL, '2014-07-28', 1);
INSERT INTO "STI"."USER"."atributo_pergunta" (ID, ID_PERGUNTA, ID_ATRIBUTO, ID_OBJETO, DATA, ID_USUARIO) VALUES(174, 163, 62, NULL, '2014-07-28', 1);
INSERT INTO "STI"."USER"."atributo_pergunta" (ID, ID_PERGUNTA, ID_ATRIBUTO, ID_OBJETO, DATA, ID_USUARIO) VALUES(175, 164, 10, NULL, '2014-07-29', 1);
INSERT INTO "STI"."USER"."atributo_pergunta" (ID, ID_PERGUNTA, ID_ATRIBUTO, ID_OBJETO, DATA, ID_USUARIO) VALUES(176, 165, 10, NULL, '2014-07-29', 1);
INSERT INTO "STI"."USER"."atributo_pergunta" (ID, ID_PERGUNTA, ID_ATRIBUTO, ID_OBJETO, DATA, ID_USUARIO) VALUES(177, 166, 10, NULL, '2014-07-29', 1);
INSERT INTO "STI"."USER"."atributo_pergunta" (ID, ID_PERGUNTA, ID_ATRIBUTO, ID_OBJETO, DATA, ID_USUARIO) VALUES(178, 167, 10, NULL, '2014-07-29', 1);
INSERT INTO "STI"."USER"."atributo_pergunta" (ID, ID_PERGUNTA, ID_ATRIBUTO, ID_OBJETO, DATA, ID_USUARIO) VALUES(179, 168, 10, NULL, '2014-07-29', 1);
INSERT INTO "STI"."USER"."atributo_pergunta" (ID, ID_PERGUNTA, ID_ATRIBUTO, ID_OBJETO, DATA, ID_USUARIO) VALUES(180, 169, 10, NULL, '2014-07-29', 1);
INSERT INTO "STI"."USER"."atributo_pergunta" (ID, ID_PERGUNTA, ID_ATRIBUTO, ID_OBJETO, DATA, ID_USUARIO) VALUES(181, 170, 8, NULL, '2014-07-29', 1);
INSERT INTO "STI"."USER"."atributo_pergunta" (ID, ID_PERGUNTA, ID_ATRIBUTO, ID_OBJETO, DATA, ID_USUARIO) VALUES(182, 171, 8, NULL, '2014-07-29', 1);
INSERT INTO "STI"."USER"."atributo_pergunta" (ID, ID_PERGUNTA, ID_ATRIBUTO, ID_OBJETO, DATA, ID_USUARIO) VALUES(183, 172, 8, NULL, '2014-07-29', 1);
INSERT INTO "STI"."USER"."atributo_pergunta" (ID, ID_PERGUNTA, ID_ATRIBUTO, ID_OBJETO, DATA, ID_USUARIO) VALUES(184, 173, 8, NULL, '2014-07-29', 1);
INSERT INTO "STI"."USER"."atributo_pergunta" (ID, ID_PERGUNTA, ID_ATRIBUTO, ID_OBJETO, DATA, ID_USUARIO) VALUES(185, 174, 8, NULL, '2014-07-29', 1);
INSERT INTO "STI"."USER"."atributo_pergunta" (ID, ID_PERGUNTA, ID_ATRIBUTO, ID_OBJETO, DATA, ID_USUARIO) VALUES(186, 175, 8, NULL, '2014-07-29', 1);
INSERT INTO "STI"."USER"."atributo_pergunta" (ID, ID_PERGUNTA, ID_ATRIBUTO, ID_OBJETO, DATA, ID_USUARIO) VALUES(187, 176, 23, NULL, '2014-08-08', 1);
INSERT INTO "STI"."USER"."atributo_pergunta" (ID, ID_PERGUNTA, ID_ATRIBUTO, ID_OBJETO, DATA, ID_USUARIO) VALUES(188, 177, 23, NULL, '2014-08-08', 1);
INSERT INTO "STI"."USER"."atributo_pergunta" (ID, ID_PERGUNTA, ID_ATRIBUTO, ID_OBJETO, DATA, ID_USUARIO) VALUES(189, 178, 23, NULL, '2014-08-08', 1);
INSERT INTO "STI"."USER"."atributo_pergunta" (ID, ID_PERGUNTA, ID_ATRIBUTO, ID_OBJETO, DATA, ID_USUARIO) VALUES(190, 179, 23, NULL, '2014-08-08', 1);

INSERT INTO "STI"."USER"."aviso" (ID_AVISO, AVISO, HASHTAGS, DATA_ENVIO, ENVIADO, ID_DISCIPLINA) VALUES(2, 'Fique ligado! A revisão para a prova bimestral de Inteligência Artificial está marcada para 15/07/2014, 19:00.', '#IA', '2014-07-05 00:00:00', '1', 3);
INSERT INTO "STI"."USER"."aviso" (ID_AVISO, AVISO, HASHTAGS, DATA_ENVIO, ENVIADO, ID_DISCIPLINA) VALUES(3, 'Fique ligado! A revisão para a prova bimestral de Inteligência Artificial está marcada para 15/07/2014, 19:00.', '#IA', '2014-07-06 00:00:00', '1', 3);
INSERT INTO "STI"."USER"."aviso" (ID_AVISO, AVISO, HASHTAGS, DATA_ENVIO, ENVIADO, ID_DISCIPLINA) VALUES(4, 'Fique ligado! A revisão para a prova bimestral de Inteligência Artificial está marcada para 15/07/2014, 19:00.', '#IA', '2014-07-15 00:00:00', '1', 3);
INSERT INTO "STI"."USER"."aviso" (ID_AVISO, AVISO, HASHTAGS, DATA_ENVIO, ENVIADO, ID_DISCIPLINA) VALUES(5, 'Fique atento! Nossa prova de Inteligência Artificial está marcada para 01/08/2014, 19:00. Sucesso!', '#IA', '2014-07-27 00:00:00', '1', 3);
INSERT INTO "STI"."USER"."aviso" (ID_AVISO, AVISO, HASHTAGS, DATA_ENVIO, ENVIADO, ID_DISCIPLINA) VALUES(6, 'Fique atento! Nossa prova de Inteligência Artificial está marcada para 01/08/2014, 19:00. Sucesso!', '#IA', '2014-07-28 00:00:00', '1', 3);
INSERT INTO "STI"."USER"."aviso" (ID_AVISO, AVISO, HASHTAGS, DATA_ENVIO, ENVIADO, ID_DISCIPLINA) VALUES(7, 'Fique atento! Nossa prova de Inteligência Artificial está marcada para 01/08/2014, 19:00. Sucesso!', '#IA', '2014-07-29 00:00:00', '1', 3);
INSERT INTO "STI"."USER"."aviso" (ID_AVISO, AVISO, HASHTAGS, DATA_ENVIO, ENVIADO, ID_DISCIPLINA) VALUES(8, 'Fique atento! Nossa prova de Inteligência Artificial está marcada para 01/08/2014, 19:00. Sucesso!', '#IA', '2014-07-30 00:00:00', '1', 3);
INSERT INTO "STI"."USER"."aviso" (ID_AVISO, AVISO, HASHTAGS, DATA_ENVIO, ENVIADO, ID_DISCIPLINA) VALUES(9, 'Fique atento! Nossa prova de Inteligência Artificial está marcada para 01/08/2014, 19:00. Sucesso!', '#IA', '2014-07-31 00:00:00', '1', 3);
INSERT INTO "STI"."USER"."aviso" (ID_AVISO, AVISO, HASHTAGS, DATA_ENVIO, ENVIADO, ID_DISCIPLINA) VALUES(10, 'Fique atento! Nossa prova de Inteligência Artificial está marcada para 01/08/2014, 19:00. Sucesso!', '#IA', '2014-08-01 00:00:00', '1', 3);
INSERT INTO "STI"."USER"."aviso" (ID_AVISO, AVISO, HASHTAGS, DATA_ENVIO, ENVIADO, ID_DISCIPLINA) VALUES(11, 'Lembrete! Faz 28 dias que você não acessa o assistente de conhecimento!', '#IA', '2014-09-12 06:40:46', '1', 3);

INSERT INTO "STI"."USER"."desconhecido" (ID_DESC, ID_USUARIO, ID_DISCIPLINA, ID_CONVERSA, MENSAGEM, RESPOSTA, COMPLEMENTO, DATA) VALUES(1, 1, 1, 11, 'dê um exemplo de conhecimento tácito', 'Não consta nada em meus registros!', NULL, '2012-10-17 08:10:00');
INSERT INTO "STI"."USER"."desconhecido" (ID_DESC, ID_USUARIO, ID_DISCIPLINA, ID_CONVERSA, MENSAGEM, RESPOSTA, COMPLEMENTO, DATA) VALUES(2, 1, 1, 12, 'o que é inteligência', '', NULL, '2012-10-17 08:22:43');
INSERT INTO "STI"."USER"."desconhecido" (ID_DESC, ID_USUARIO, ID_DISCIPLINA, ID_CONVERSA, MENSAGEM, RESPOSTA, COMPLEMENTO, DATA) VALUES(3, 1, 1, 13, 'dê um exemplo de conhecimento tácito', 'Não consta nada em meus registros!', NULL, '2012-10-17 08:25:00');
INSERT INTO "STI"."USER"."desconhecido" (ID_DESC, ID_USUARIO, ID_DISCIPLINA, ID_CONVERSA, MENSAGEM, RESPOSTA, COMPLEMENTO, DATA) VALUES(4, 1, 1, 13, 'o que é inteligência', '', NULL, '2012-10-17 08:25:19');
INSERT INTO "STI"."USER"."desconhecido" (ID_DESC, ID_USUARIO, ID_DISCIPLINA, ID_CONVERSA, MENSAGEM, RESPOSTA, COMPLEMENTO, DATA) VALUES(5, 1, 1, 14, 'dê um exemplo de conhecimento tácito', 'Não consta nada em meus registros!', NULL, '2012-10-17 08:27:47');
INSERT INTO "STI"."USER"."desconhecido" (ID_DESC, ID_USUARIO, ID_DISCIPLINA, ID_CONVERSA, MENSAGEM, RESPOSTA, COMPLEMENTO, DATA) VALUES(6, 1, 1, 14, 'o que é inteligência', '', NULL, '2012-10-17 08:28:06');
INSERT INTO "STI"."USER"."desconhecido" (ID_DESC, ID_USUARIO, ID_DISCIPLINA, ID_CONVERSA, MENSAGEM, RESPOSTA, COMPLEMENTO, DATA) VALUES(7, 1, 1, 18, 'qual o conceito de cohecimento', 'conceito', NULL, '2012-10-17 10:21:20');
INSERT INTO "STI"."USER"."desconhecido" (ID_DESC, ID_USUARIO, ID_DISCIPLINA, ID_CONVERSA, MENSAGEM, RESPOSTA, COMPLEMENTO, DATA) VALUES(8, 1, 1, 28, 'dê um exemplo de conhecimento explícito', 'Não tenho indícios suficientes para afirmar isto!', NULL, '2012-10-22 12:19:25');
INSERT INTO "STI"."USER"."desconhecido" (ID_DESC, ID_USUARIO, ID_DISCIPLINA, ID_CONVERSA, MENSAGEM, RESPOSTA, COMPLEMENTO, DATA) VALUES(9, 1, 1, 63, 'o que é gestão da informação', 'Não consta nada em meus registros!', NULL, '2012-10-23 11:18:03');
INSERT INTO "STI"."USER"."desconhecido" (ID_DESC, ID_USUARIO, ID_DISCIPLINA, ID_CONVERSA, MENSAGEM, RESPOSTA, COMPLEMENTO, DATA) VALUES(10, 2, 1, 20, 'link dado', 'Não consta nada em meus registros!', NULL, '2012-10-24 09:06:15');
INSERT INTO "STI"."USER"."desconhecido" (ID_DESC, ID_USUARIO, ID_DISCIPLINA, ID_CONVERSA, MENSAGEM, RESPOSTA, COMPLEMENTO, DATA) VALUES(11, 2, 1, 20, 'link informação', 'Não tenho indícios suficientes para afirmar isto!', NULL, '2012-10-24 09:06:25');
INSERT INTO "STI"."USER"."desconhecido" (ID_DESC, ID_USUARIO, ID_DISCIPLINA, ID_CONVERSA, MENSAGEM, RESPOSTA, COMPLEMENTO, DATA) VALUES(12, 2, 1, 20, 'conhecimento link', 'Não consta nada em meus registros!', NULL, '2012-10-24 09:06:32');
INSERT INTO "STI"."USER"."desconhecido" (ID_DESC, ID_USUARIO, ID_DISCIPLINA, ID_CONVERSA, MENSAGEM, RESPOSTA, COMPLEMENTO, DATA) VALUES(13, 1, 1, 89, 'tem algum link sobre conhecimento tácito', 'Não consta nada em meus registros!', NULL, '2012-10-24 11:32:39');
INSERT INTO "STI"."USER"."desconhecido" (ID_DESC, ID_USUARIO, ID_DISCIPLINA, ID_CONVERSA, MENSAGEM, RESPOSTA, COMPLEMENTO, DATA) VALUES(14, 1, 1, 89, 'tem algum link sobre gestão da informação', 'Não consta nada em meus registros!', NULL, '2012-10-24 11:32:52');
INSERT INTO "STI"."USER"."desconhecido" (ID_DESC, ID_USUARIO, ID_DISCIPLINA, ID_CONVERSA, MENSAGEM, RESPOSTA, COMPLEMENTO, DATA) VALUES(15, 2, 1, 31, 'você tem links sobre informação operacional', 'Não posso afirmar nada sobre isso!', NULL, '2012-10-25 11:01:20');
INSERT INTO "STI"."USER"."desconhecido" (ID_DESC, ID_USUARIO, ID_DISCIPLINA, ID_CONVERSA, MENSAGEM, RESPOSTA, COMPLEMENTO, DATA) VALUES(16, 2, 1, 31, 'dê um exemplo de conhecimento', 'Não tenho indícios suficientes para afirmar isto!', NULL, '2012-10-25 11:01:45');
INSERT INTO "STI"."USER"."desconhecido" (ID_DESC, ID_USUARIO, ID_DISCIPLINA, ID_CONVERSA, MENSAGEM, RESPOSTA, COMPLEMENTO, DATA) VALUES(17, 1, 1, 133, 'o site é não válido!', '', 'http://webinsider.uol.com.br/2004/10/13/dado-informacao-e-conhecimento-uma-reflexao/', '2013-05-10 14:34:57');
INSERT INTO "STI"."USER"."desconhecido" (ID_DESC, ID_USUARIO, ID_DISCIPLINA, ID_CONVERSA, MENSAGEM, RESPOSTA, COMPLEMENTO, DATA) VALUES(18, 1, 1, 165, 'mostre a hierarquia de objetos', 'Não posso afirmar nada sobre isso!', '', '2013-05-17 11:22:50');
INSERT INTO "STI"."USER"."desconhecido" (ID_DESC, ID_USUARIO, ID_DISCIPLINA, ID_CONVERSA, MENSAGEM, RESPOSTA, COMPLEMENTO, DATA) VALUES(19, 1, 1, 166, 'dê a hierarquia de objetos', 'Não tenho indícios suficientes para afirmar isto!', '', '2013-05-17 11:28:10');
INSERT INTO "STI"."USER"."desconhecido" (ID_DESC, ID_USUARIO, ID_DISCIPLINA, ID_CONVERSA, MENSAGEM, RESPOSTA, COMPLEMENTO, DATA) VALUES(20, 1, 1, 167, 'dê a hierarquia de objetos', 'Não tenho indícios suficientes para afirmar isto!', '', '2013-05-17 15:48:32');
INSERT INTO "STI"."USER"."desconhecido" (ID_DESC, ID_USUARIO, ID_DISCIPLINA, ID_CONVERSA, MENSAGEM, RESPOSTA, COMPLEMENTO, DATA) VALUES(21, 1, 1, 172, 'pode me mostrar um conceito', 'conceito', '', '2013-05-17 19:39:42');
INSERT INTO "STI"."USER"."desconhecido" (ID_DESC, ID_USUARIO, ID_DISCIPLINA, ID_CONVERSA, MENSAGEM, RESPOSTA, COMPLEMENTO, DATA) VALUES(22, 1, 1, 174, 'não consigo acessar o site!', '', 'http://www.luis.blog.br/qual-a-diferenca-entre-dados-informacao-e-conhecimento.aspx', '2013-05-17 19:42:08');
INSERT INTO "STI"."USER"."desconhecido" (ID_DESC, ID_USUARIO, ID_DISCIPLINA, ID_CONVERSA, MENSAGEM, RESPOSTA, COMPLEMENTO, DATA) VALUES(23, 1, 1, 180, 'há relação entre dado e conhecimento', 'Não posso afirmar nada sobre isso!', '', '2013-05-17 20:25:16');
INSERT INTO "STI"."USER"."desconhecido" (ID_DESC, ID_USUARIO, ID_DISCIPLINA, ID_CONVERSA, MENSAGEM, RESPOSTA, COMPLEMENTO, DATA) VALUES(24, 1, 1, 182, 'como se classifica gestão da informação', 'Não tenho indícios suficientes para afirmar isto!', '', '2013-05-17 20:27:42');
INSERT INTO "STI"."USER"."desconhecido" (ID_DESC, ID_USUARIO, ID_DISCIPLINA, ID_CONVERSA, MENSAGEM, RESPOSTA, COMPLEMENTO, DATA) VALUES(25, 1, 1, 183, 'pode me dar um exemplo', 'exemplo', '', '2013-05-17 20:28:22');
INSERT INTO "STI"."USER"."desconhecido" (ID_DESC, ID_USUARIO, ID_DISCIPLINA, ID_CONVERSA, MENSAGEM, RESPOSTA, COMPLEMENTO, DATA) VALUES(26, 1, 1, 188, 'dê exemplos de conhecimento tácito', 'Não consta nada em meus registros!', '', '2013-05-28 18:19:13');
INSERT INTO "STI"."USER"."desconhecido" (ID_DESC, ID_USUARIO, ID_DISCIPLINA, ID_CONVERSA, MENSAGEM, RESPOSTA, COMPLEMENTO, DATA) VALUES(27, 1, 1, 189, 'dê exemplos de conhecimento', 'Não tenho indícios suficientes para afirmar isto!', '', '2013-05-28 18:38:26');
INSERT INTO "STI"."USER"."desconhecido" (ID_DESC, ID_USUARIO, ID_DISCIPLINA, ID_CONVERSA, MENSAGEM, RESPOSTA, COMPLEMENTO, DATA) VALUES(28, 1, 1, 200, 'pode me dar um exemplo', 'Não tenho indícios suficientes para afirmar isto!', '', '2013-05-28 20:48:27');
INSERT INTO "STI"."USER"."desconhecido" (ID_DESC, ID_USUARIO, ID_DISCIPLINA, ID_CONVERSA, MENSAGEM, RESPOSTA, COMPLEMENTO, DATA) VALUES(29, 1, 1, 200, 'dê-me um conceito', '', '', '2013-05-28 20:48:59');
INSERT INTO "STI"."USER"."desconhecido" (ID_DESC, ID_USUARIO, ID_DISCIPLINA, ID_CONVERSA, MENSAGEM, RESPOSTA, COMPLEMENTO, DATA) VALUES(30, 1, 1, 201, 'dê-me um conceito', 'conceito', '', '2013-05-28 20:53:37');
INSERT INTO "STI"."USER"."desconhecido" (ID_DESC, ID_USUARIO, ID_DISCIPLINA, ID_CONVERSA, MENSAGEM, RESPOSTA, COMPLEMENTO, DATA) VALUES(31, 1, 1, 203, 'não consigo acessar o site!', '', 'http://webinsider.uol.com.br/2004/10/13/dado-informacao-e-conhecimento-uma-reflexao/', '2013-05-28 21:13:59');
INSERT INTO "STI"."USER"."desconhecido" (ID_DESC, ID_USUARIO, ID_DISCIPLINA, ID_CONVERSA, MENSAGEM, RESPOSTA, COMPLEMENTO, DATA) VALUES(32, 1, 1, 203, 'há exemplos de conhecimento tácito', 'Não consta nada em meus registros!', '', '2013-05-28 21:16:01');
INSERT INTO "STI"."USER"."desconhecido" (ID_DESC, ID_USUARIO, ID_DISCIPLINA, ID_CONVERSA, MENSAGEM, RESPOSTA, COMPLEMENTO, DATA) VALUES(33, 1, 1, 203, 'há exemplos de conhecimento explícito', 'Não consta nada em meus registros!', '', '2013-05-28 21:16:06');
INSERT INTO "STI"."USER"."desconhecido" (ID_DESC, ID_USUARIO, ID_DISCIPLINA, ID_CONVERSA, MENSAGEM, RESPOSTA, COMPLEMENTO, DATA) VALUES(34, 1, 1, 204, 'dê-me um conceito', 'conceito', '', '2013-05-30 18:29:30');
INSERT INTO "STI"."USER"."desconhecido" (ID_DESC, ID_USUARIO, ID_DISCIPLINA, ID_CONVERSA, MENSAGEM, RESPOSTA, COMPLEMENTO, DATA) VALUES(35, 1, 1, 212, 'um', '', '', '2013-08-08 11:58:09');
INSERT INTO "STI"."USER"."desconhecido" (ID_DESC, ID_USUARIO, ID_DISCIPLINA, ID_CONVERSA, MENSAGEM, RESPOSTA, COMPLEMENTO, DATA) VALUES(36, 1, 1, 212, 'um', '', '', '2013-08-08 11:58:40');
INSERT INTO "STI"."USER"."desconhecido" (ID_DESC, ID_USUARIO, ID_DISCIPLINA, ID_CONVERSA, MENSAGEM, RESPOSTA, COMPLEMENTO, DATA) VALUES(37, 1, 1, 213, 'qual a relação de dado', 'Não posso afirmar nada sobre isso!', '', '2013-08-08 11:59:47');
INSERT INTO "STI"."USER"."desconhecido" (ID_DESC, ID_USUARIO, ID_DISCIPLINA, ID_CONVERSA, MENSAGEM, RESPOSTA, COMPLEMENTO, DATA) VALUES(38, 1, 1, 213, 'dê-me um exemplo', 'Não consta nada em meus registros!', '', '2013-08-08 12:02:10');
INSERT INTO "STI"."USER"."desconhecido" (ID_DESC, ID_USUARIO, ID_DISCIPLINA, ID_CONVERSA, MENSAGEM, RESPOSTA, COMPLEMENTO, DATA) VALUES(39, 1, 1, 214, 'dois', '', '', '2013-08-08 12:14:24');
INSERT INTO "STI"."USER"."desconhecido" (ID_DESC, ID_USUARIO, ID_DISCIPLINA, ID_CONVERSA, MENSAGEM, RESPOSTA, COMPLEMENTO, DATA) VALUES(40, 1, 1, 214, '1', '', '', '2013-08-08 12:15:55');
INSERT INTO "STI"."USER"."desconhecido" (ID_DESC, ID_USUARIO, ID_DISCIPLINA, ID_CONVERSA, MENSAGEM, RESPOSTA, COMPLEMENTO, DATA) VALUES(41, 1, 1, 217, 'conceito', '', '', '2013-08-25 20:33:35');
INSERT INTO "STI"."USER"."desconhecido" (ID_DESC, ID_USUARIO, ID_DISCIPLINA, ID_CONVERSA, MENSAGEM, RESPOSTA, COMPLEMENTO, DATA) VALUES(42, 1, 1, 217, 'informação', 'Não posso afirmar nada sobre isso!', '', '2013-08-25 20:37:54');
INSERT INTO "STI"."USER"."desconhecido" (ID_DESC, ID_USUARIO, ID_DISCIPLINA, ID_CONVERSA, MENSAGEM, RESPOSTA, COMPLEMENTO, DATA) VALUES(43, 1, 1, 217, 'um', '', '', '2013-08-25 20:39:23');
INSERT INTO "STI"."USER"."desconhecido" (ID_DESC, ID_USUARIO, ID_DISCIPLINA, ID_CONVERSA, MENSAGEM, RESPOSTA, COMPLEMENTO, DATA) VALUES(44, 1, 1, 217, 'um', '', '', '2013-08-25 20:39:51');
INSERT INTO "STI"."USER"."desconhecido" (ID_DESC, ID_USUARIO, ID_DISCIPLINA, ID_CONVERSA, MENSAGEM, RESPOSTA, COMPLEMENTO, DATA) VALUES(45, 1, 1, 217, 'um', '', '', '2013-08-25 20:40:37');
INSERT INTO "STI"."USER"."desconhecido" (ID_DESC, ID_USUARIO, ID_DISCIPLINA, ID_CONVERSA, MENSAGEM, RESPOSTA, COMPLEMENTO, DATA) VALUES(46, 1, 1, 218, 'um', '', '', '2013-08-25 20:44:36');
INSERT INTO "STI"."USER"."desconhecido" (ID_DESC, ID_USUARIO, ID_DISCIPLINA, ID_CONVERSA, MENSAGEM, RESPOSTA, COMPLEMENTO, DATA) VALUES(47, 1, 1, 218, 'qual o relação de dado', 'Não consta nada em meus registros!', '', '2013-08-25 20:46:51');
INSERT INTO "STI"."USER"."desconhecido" (ID_DESC, ID_USUARIO, ID_DISCIPLINA, ID_CONVERSA, MENSAGEM, RESPOSTA, COMPLEMENTO, DATA) VALUES(48, 1, 1, 218, 'qual a relação de dado', 'Não consta nada em meus registros!', '', '2013-08-25 20:47:24');
INSERT INTO "STI"."USER"."desconhecido" (ID_DESC, ID_USUARIO, ID_DISCIPLINA, ID_CONVERSA, MENSAGEM, RESPOSTA, COMPLEMENTO, DATA) VALUES(49, 1, 1, 218, 'existe relação entre eles', 'Não consta nada em meus registros!', '', '2013-08-25 20:48:14');
INSERT INTO "STI"."USER"."desconhecido" (ID_DESC, ID_USUARIO, ID_DISCIPLINA, ID_CONVERSA, MENSAGEM, RESPOSTA, COMPLEMENTO, DATA) VALUES(50, 1, 1, 218, 'existe relação entre eles', '', '', '2013-08-25 20:48:57');
INSERT INTO "STI"."USER"."desconhecido" (ID_DESC, ID_USUARIO, ID_DISCIPLINA, ID_CONVERSA, MENSAGEM, RESPOSTA, COMPLEMENTO, DATA) VALUES(51, 1, 1, 218, 'um', '', '', '2013-08-25 20:50:30');
INSERT INTO "STI"."USER"."desconhecido" (ID_DESC, ID_USUARIO, ID_DISCIPLINA, ID_CONVERSA, MENSAGEM, RESPOSTA, COMPLEMENTO, DATA) VALUES(52, 1, 1, 223, 'um', '', '', '2013-08-25 21:50:02');
INSERT INTO "STI"."USER"."desconhecido" (ID_DESC, ID_USUARIO, ID_DISCIPLINA, ID_CONVERSA, MENSAGEM, RESPOSTA, COMPLEMENTO, DATA) VALUES(53, 1, 1, 224, 'um', '', '', '2013-08-25 21:59:14');
INSERT INTO "STI"."USER"."desconhecido" (ID_DESC, ID_USUARIO, ID_DISCIPLINA, ID_CONVERSA, MENSAGEM, RESPOSTA, COMPLEMENTO, DATA) VALUES(54, 1, 1, 224, 'um', '', '', '2013-08-25 21:59:32');
INSERT INTO "STI"."USER"."desconhecido" (ID_DESC, ID_USUARIO, ID_DISCIPLINA, ID_CONVERSA, MENSAGEM, RESPOSTA, COMPLEMENTO, DATA) VALUES(55, 1, 1, 229, 'um', '', '', '2013-08-25 22:19:01');
INSERT INTO "STI"."USER"."desconhecido" (ID_DESC, ID_USUARIO, ID_DISCIPLINA, ID_CONVERSA, MENSAGEM, RESPOSTA, COMPLEMENTO, DATA) VALUES(56, 1, 1, 233, 'um', '', '', '2013-08-25 22:41:42');
INSERT INTO "STI"."USER"."desconhecido" (ID_DESC, ID_USUARIO, ID_DISCIPLINA, ID_CONVERSA, MENSAGEM, RESPOSTA, COMPLEMENTO, DATA) VALUES(57, 1, 1, 237, 'existe diferença entre conhecimento tácito e conhecimento explícito', 'Não consta nada em meus registros!', '', '2013-08-25 23:09:43');
INSERT INTO "STI"."USER"."desconhecido" (ID_DESC, ID_USUARIO, ID_DISCIPLINA, ID_CONVERSA, MENSAGEM, RESPOSTA, COMPLEMENTO, DATA) VALUES(58, 1, 1, 237, 'existe diferença entre informação gerencial e informação', 'Não consta nada em meus registros!', '', '2013-08-25 23:10:12');
INSERT INTO "STI"."USER"."desconhecido" (ID_DESC, ID_USUARIO, ID_DISCIPLINA, ID_CONVERSA, MENSAGEM, RESPOSTA, COMPLEMENTO, DATA) VALUES(59, 1, 1, 237, 'existe relação entre informação gerencial e informação operacional', 'Não consta nada em meus registros!', '', '2013-08-25 23:10:30');
INSERT INTO "STI"."USER"."desconhecido" (ID_DESC, ID_USUARIO, ID_DISCIPLINA, ID_CONVERSA, MENSAGEM, RESPOSTA, COMPLEMENTO, DATA) VALUES(60, 1, 1, 440, 'dê a ontologia', '', '', '2014-03-12 09:32:54');
INSERT INTO "STI"."USER"."desconhecido" (ID_DESC, ID_USUARIO, ID_DISCIPLINA, ID_CONVERSA, MENSAGEM, RESPOSTA, COMPLEMENTO, DATA) VALUES(61, 1, 1, 441, 'não consigo acessar o link!', '', 'http://webinsider.uol.com.br/2004/10/13/dado-informacao-e-conhecimento-uma-reflexao/', '2014-04-29 14:04:45');
INSERT INTO "STI"."USER"."desconhecido" (ID_DESC, ID_USUARIO, ID_DISCIPLINA, ID_CONVERSA, MENSAGEM, RESPOSTA, COMPLEMENTO, DATA) VALUES(62, 1, 1, 441, 'existe relação entre conhecimento tácito e conhecimento explícito', 'Não posso afirmar nada sobre isso!', '', '2014-04-29 14:05:50');
INSERT INTO "STI"."USER"."desconhecido" (ID_DESC, ID_USUARIO, ID_DISCIPLINA, ID_CONVERSA, MENSAGEM, RESPOSTA, COMPLEMENTO, DATA) VALUES(63, 1, 1, 446, 'dê-me um conceito', 'conceito', '', '2014-04-30 12:06:07');
INSERT INTO "STI"."USER"."desconhecido" (ID_DESC, ID_USUARIO, ID_DISCIPLINA, ID_CONVERSA, MENSAGEM, RESPOSTA, COMPLEMENTO, DATA) VALUES(64, 1, 1, 446, 'dê-me um conceito', 'conceito', '', '2014-04-30 12:06:12');
INSERT INTO "STI"."USER"."desconhecido" (ID_DESC, ID_USUARIO, ID_DISCIPLINA, ID_CONVERSA, MENSAGEM, RESPOSTA, COMPLEMENTO, DATA) VALUES(65, 1, 1, 461, 'dê-me um exemplo', 'Não tenho indícios suficientes para afirmar isto!', '', '2014-04-30 14:08:11');
INSERT INTO "STI"."USER"."desconhecido" (ID_DESC, ID_USUARIO, ID_DISCIPLINA, ID_CONVERSA, MENSAGEM, RESPOSTA, COMPLEMENTO, DATA) VALUES(66, 1, 1, 467, 'não consigo acessar o link!', '', 'http://webinsider.uol.com.br/2004/10/13/dado-informacao-e-conhecimento-uma-reflexao/', '2014-05-01 22:49:39');
INSERT INTO "STI"."USER"."desconhecido" (ID_DESC, ID_USUARIO, ID_DISCIPLINA, ID_CONVERSA, MENSAGEM, RESPOSTA, COMPLEMENTO, DATA) VALUES(67, 1, 1, 468, 'o link nao está disponível', '', 'http://webinsider.uol.com.br/2004/10/13/dado-informacao-e-conhecimento-uma-reflexao/', '2014-05-01 22:51:20');
INSERT INTO "STI"."USER"."desconhecido" (ID_DESC, ID_USUARIO, ID_DISCIPLINA, ID_CONVERSA, MENSAGEM, RESPOSTA, COMPLEMENTO, DATA) VALUES(68, 1, 1, 470, 'não consigo acessar o site!', '', 'http://www.ime.usp.br/~vwsetzer/dado-info.html', '2014-05-01 23:02:40');
INSERT INTO "STI"."USER"."desconhecido" (ID_DESC, ID_USUARIO, ID_DISCIPLINA, ID_CONVERSA, MENSAGEM, RESPOSTA, COMPLEMENTO, DATA) VALUES(69, 1, 1, 471, 'o site é não válido!', '', 'http://www.luis.blog.br/qual-a-diferenca-entre-dados-informacao-e-conhecimento.aspx', '2014-05-01 23:05:02');
INSERT INTO "STI"."USER"."desconhecido" (ID_DESC, ID_USUARIO, ID_DISCIPLINA, ID_CONVERSA, MENSAGEM, RESPOSTA, COMPLEMENTO, DATA) VALUES(70, 1, 1, 471, 'o site não está disponível', '', 'http://webinsider.uol.com.br/2004/10/13/dado-informacao-e-conhecimento-uma-reflexao/', '2014-05-01 23:05:11');
INSERT INTO "STI"."USER"."desconhecido" (ID_DESC, ID_USUARIO, ID_DISCIPLINA, ID_CONVERSA, MENSAGEM, RESPOSTA, COMPLEMENTO, DATA) VALUES(71, 1, 1, 471, 'o link não é válido!', '', 'http://webinsider.uol.com.br/2004/10/13/dado-informacao-e-conhecimento-uma-reflexao/', '2014-05-01 23:05:41');
INSERT INTO "STI"."USER"."desconhecido" (ID_DESC, ID_USUARIO, ID_DISCIPLINA, ID_CONVERSA, MENSAGEM, RESPOSTA, COMPLEMENTO, DATA) VALUES(72, 1, 1, 473, 'não consigo acessar o link!', '', 'http://www.ime.usp.br/~vwsetzer/dado-info.html', '2014-05-01 23:11:40');
INSERT INTO "STI"."USER"."desconhecido" (ID_DESC, ID_USUARIO, ID_DISCIPLINA, ID_CONVERSA, MENSAGEM, RESPOSTA, COMPLEMENTO, DATA) VALUES(73, 1, 1, 473, 'o site é não válido!', '', 'http://www.luis.blog.br/qual-a-diferenca-entre-dados-informacao-e-conhecimento.aspx', '2014-05-01 23:11:50');
INSERT INTO "STI"."USER"."desconhecido" (ID_DESC, ID_USUARIO, ID_DISCIPLINA, ID_CONVERSA, MENSAGEM, RESPOSTA, COMPLEMENTO, DATA) VALUES(74, 1, 1, 473, 'não consigo acessar o link!', '', 'http://www.ime.usp.br/~vwsetzer/dado-info.html', '2014-05-01 23:12:06');
INSERT INTO "STI"."USER"."desconhecido" (ID_DESC, ID_USUARIO, ID_DISCIPLINA, ID_CONVERSA, MENSAGEM, RESPOSTA, COMPLEMENTO, DATA) VALUES(75, 1, 1, 473, 'o link nao está disponível', '', 'http://webinsider.uol.com.br/2004/10/13/dado-informacao-e-conhecimento-uma-reflexao/', '2014-05-01 23:12:16');
INSERT INTO "STI"."USER"."desconhecido" (ID_DESC, ID_USUARIO, ID_DISCIPLINA, ID_CONVERSA, MENSAGEM, RESPOSTA, COMPLEMENTO, DATA) VALUES(76, 1, 1, 473, 'não consigo acessar este site!', '', 'http://www.luis.blog.br/qual-a-diferenca-entre-dados-informacao-e-conhecimento.aspx', '2014-05-01 23:12:59');
INSERT INTO "STI"."USER"."desconhecido" (ID_DESC, ID_USUARIO, ID_DISCIPLINA, ID_CONVERSA, MENSAGEM, RESPOSTA, COMPLEMENTO, DATA) VALUES(77, 1, 1, 507, 'não consigo acessar o site!', '', 'http://webinsider.uol.com.br/2004/10/13/dado-informacao-e-conhecimento-uma-reflexao/', '2014-05-02 17:52:22');
INSERT INTO "STI"."USER"."desconhecido" (ID_DESC, ID_USUARIO, ID_DISCIPLINA, ID_CONVERSA, MENSAGEM, RESPOSTA, COMPLEMENTO, DATA) VALUES(78, 2, 1, 36, 'pode me dar um exemplo', 'Não tenho indícios suficientes para afirmar isto!', '', '2014-05-04 18:42:49');
INSERT INTO "STI"."USER"."desconhecido" (ID_DESC, ID_USUARIO, ID_DISCIPLINA, ID_CONVERSA, MENSAGEM, RESPOSTA, COMPLEMENTO, DATA) VALUES(79, 2, 1, 42, 'como se classifica informação\0\0\0\0\0\0\0\0\0\0hæã@°»3°åú³}r$ç£?µ©?¾f¥¢«¥è¸-¾â??ã7¶©öyíò­^æè½-û?q¸/ô" »', '', '', '2014-05-06 08:47:30');
INSERT INTO "STI"."USER"."desconhecido" (ID_DESC, ID_USUARIO, ID_DISCIPLINA, ID_CONVERSA, MENSAGEM, RESPOSTA, COMPLEMENTO, DATA) VALUES(80, 1, 3, 537, 'qual o histórico de ia', 'histórico', '', '2014-06-06 14:48:18');
INSERT INTO "STI"."USER"."desconhecido" (ID_DESC, ID_USUARIO, ID_DISCIPLINA, ID_CONVERSA, MENSAGEM, RESPOSTA, COMPLEMENTO, DATA) VALUES(81, 1, 3, 537, 'qual o histórico de inteligência artificial', 'Não tenho indícios suficientes para afirmar isto!', '', '2014-06-06 14:48:30');
INSERT INTO "STI"."USER"."desconhecido" (ID_DESC, ID_USUARIO, ID_DISCIPLINA, ID_CONVERSA, MENSAGEM, RESPOSTA, COMPLEMENTO, DATA) VALUES(82, 1, 3, 538, 'o que é o histórico da ia', 'Não tenho indícios suficientes para afirmar isto!', '', '2014-06-06 14:52:39');
INSERT INTO "STI"."USER"."desconhecido" (ID_DESC, ID_USUARIO, ID_DISCIPLINA, ID_CONVERSA, MENSAGEM, RESPOSTA, COMPLEMENTO, DATA) VALUES(83, 1, 3, 538, 'qual o histórico da inteligência artificial', 'Não posso afirmar nada sobre isso!', '', '2014-06-06 14:52:57');
INSERT INTO "STI"."USER"."desconhecido" (ID_DESC, ID_USUARIO, ID_DISCIPLINA, ID_CONVERSA, MENSAGEM, RESPOSTA, COMPLEMENTO, DATA) VALUES(84, 1, 3, 547, 'dê o conceito de ontologia', 'Não tenho indícios suficientes para afirmar isto!', '', '2014-06-06 15:57:10');
INSERT INTO "STI"."USER"."desconhecido" (ID_DESC, ID_USUARIO, ID_DISCIPLINA, ID_CONVERSA, MENSAGEM, RESPOSTA, COMPLEMENTO, DATA) VALUES(85, 1, 3, 547, 'o que é ontologia', 'Não tenho indícios suficientes para afirmar isto!', '', '2014-06-06 15:57:19');
INSERT INTO "STI"."USER"."desconhecido" (ID_DESC, ID_USUARIO, ID_DISCIPLINA, ID_CONVERSA, MENSAGEM, RESPOSTA, COMPLEMENTO, DATA) VALUES(86, 1, 3, 548, 'o que é ontologia', 'Não tenho indícios suficientes para afirmar isto!', '', '2014-06-06 15:58:21');
INSERT INTO "STI"."USER"."desconhecido" (ID_DESC, ID_USUARIO, ID_DISCIPLINA, ID_CONVERSA, MENSAGEM, RESPOSTA, COMPLEMENTO, DATA) VALUES(87, 1, 3, 548, 'o que são ontologias', '', '', '2014-06-06 15:58:32');
INSERT INTO "STI"."USER"."desconhecido" (ID_DESC, ID_USUARIO, ID_DISCIPLINA, ID_CONVERSA, MENSAGEM, RESPOSTA, COMPLEMENTO, DATA) VALUES(88, 1, 3, 548, 'o que é inteligência artificial', 'Não posso afirmar nada sobre isso!', '', '2014-06-06 15:58:43');
INSERT INTO "STI"."USER"."desconhecido" (ID_DESC, ID_USUARIO, ID_DISCIPLINA, ID_CONVERSA, MENSAGEM, RESPOSTA, COMPLEMENTO, DATA) VALUES(89, 1, 3, 550, 'quais as aplicações de sistemas especialistas', 'aplicação', '', '2014-06-06 16:11:20');
INSERT INTO "STI"."USER"."desconhecido" (ID_DESC, ID_USUARIO, ID_DISCIPLINA, ID_CONVERSA, MENSAGEM, RESPOSTA, COMPLEMENTO, DATA) VALUES(90, 1, 3, 550, 'qual a aplicação de sistemas especialistas', 'aplicação', '', '2014-06-06 16:11:32');
INSERT INTO "STI"."USER"."desconhecido" (ID_DESC, ID_USUARIO, ID_DISCIPLINA, ID_CONVERSA, MENSAGEM, RESPOSTA, COMPLEMENTO, DATA) VALUES(91, 1, 3, 550, 'qual a aplicação de sistema especialista', 'Não tenho indícios suficientes para afirmar isto!', '', '2014-06-06 16:11:41');
INSERT INTO "STI"."USER"."desconhecido" (ID_DESC, ID_USUARIO, ID_DISCIPLINA, ID_CONVERSA, MENSAGEM, RESPOSTA, COMPLEMENTO, DATA) VALUES(92, 1, 3, 550, 'qual a aplicação de sistema especialista', 'Não consta nada em meus registros!', '', '2014-06-06 16:12:27');
INSERT INTO "STI"."USER"."desconhecido" (ID_DESC, ID_USUARIO, ID_DISCIPLINA, ID_CONVERSA, MENSAGEM, RESPOSTA, COMPLEMENTO, DATA) VALUES(93, 1, 3, 551, 'qual a aplicação de sistema especialista', 'Não consta nada em meus registros!', '', '2014-06-06 16:15:07');
INSERT INTO "STI"."USER"."desconhecido" (ID_DESC, ID_USUARIO, ID_DISCIPLINA, ID_CONVERSA, MENSAGEM, RESPOSTA, COMPLEMENTO, DATA) VALUES(94, 1, 3, 552, 'qual a aplicação de sistema especialista', 'Não tenho indícios suficientes para afirmar isto!', '', '2014-06-06 16:49:32');
INSERT INTO "STI"."USER"."desconhecido" (ID_DESC, ID_USUARIO, ID_DISCIPLINA, ID_CONVERSA, MENSAGEM, RESPOSTA, COMPLEMENTO, DATA) VALUES(95, 1, 3, 552, 'quais as aplicações de sistema especialista', 'Não tenho indícios suficientes para afirmar isto!', '', '2014-06-06 16:49:46');
INSERT INTO "STI"."USER"."desconhecido" (ID_DESC, ID_USUARIO, ID_DISCIPLINA, ID_CONVERSA, MENSAGEM, RESPOSTA, COMPLEMENTO, DATA) VALUES(96, 1, 3, 553, 'dê o conceito de inteligência artificial', 'Não consta nada em meus registros!', '', '2014-06-07 10:23:32');
INSERT INTO "STI"."USER"."desconhecido" (ID_DESC, ID_USUARIO, ID_DISCIPLINA, ID_CONVERSA, MENSAGEM, RESPOSTA, COMPLEMENTO, DATA) VALUES(97, 1, 3, 553, 'quais as aplicações de sistemas especiaslitas', 'Não posso afirmar nada sobre isso!', '', '2014-06-07 10:25:38');
INSERT INTO "STI"."USER"."desconhecido" (ID_DESC, ID_USUARIO, ID_DISCIPLINA, ID_CONVERSA, MENSAGEM, RESPOSTA, COMPLEMENTO, DATA) VALUES(98, 1, 3, 553, 'quais as aplicações de sistemas especialistas', 'Não tenho indícios suficientes para afirmar isto!', '', '2014-06-07 10:25:55');
INSERT INTO "STI"."USER"."desconhecido" (ID_DESC, ID_USUARIO, ID_DISCIPLINA, ID_CONVERSA, MENSAGEM, RESPOSTA, COMPLEMENTO, DATA) VALUES(99, 1, 3, 553, 'qual a aplicação de sistemas especialistas', 'Não consta nada em meus registros!', '', '2014-06-07 10:26:22');
INSERT INTO "STI"."USER"."desconhecido" (ID_DESC, ID_USUARIO, ID_DISCIPLINA, ID_CONVERSA, MENSAGEM, RESPOSTA, COMPLEMENTO, DATA) VALUES(100, 1, 3, 554, 'qual a aplicação de sistema especialsita', 'aplicação', '', '2014-06-07 10:27:40');
INSERT INTO "STI"."USER"."desconhecido" (ID_DESC, ID_USUARIO, ID_DISCIPLINA, ID_CONVERSA, MENSAGEM, RESPOSTA, COMPLEMENTO, DATA) VALUES(101, 1, 3, 555, 'qual a aplicação de sistemas especialistas', 'aplicação', '', '2014-06-07 10:30:50');
INSERT INTO "STI"."USER"."desconhecido" (ID_DESC, ID_USUARIO, ID_DISCIPLINA, ID_CONVERSA, MENSAGEM, RESPOSTA, COMPLEMENTO, DATA) VALUES(102, 1, 3, 558, 'qual a aplicação de redes neurais', 'Não consta nada em meus registros!', '', '2014-06-07 10:46:58');
INSERT INTO "STI"."USER"."desconhecido" (ID_DESC, ID_USUARIO, ID_DISCIPLINA, ID_CONVERSA, MENSAGEM, RESPOSTA, COMPLEMENTO, DATA) VALUES(103, 1, 3, 558, 'quais as aplicações de redes neurais', 'Não tenho indícios suficientes para afirmar isto!', '', '2014-06-07 10:47:12');
INSERT INTO "STI"."USER"."desconhecido" (ID_DESC, ID_USUARIO, ID_DISCIPLINA, ID_CONVERSA, MENSAGEM, RESPOSTA, COMPLEMENTO, DATA) VALUES(104, 1, 3, 568, 'dê o conceito de ia', 'Não consta nada em meus registros!', '', '2014-06-07 14:11:15');
INSERT INTO "STI"."USER"."desconhecido" (ID_DESC, ID_USUARIO, ID_DISCIPLINA, ID_CONVERSA, MENSAGEM, RESPOSTA, COMPLEMENTO, DATA) VALUES(105, 1, 3, 569, 'quais são os itens da ciência da inteligência artificial', 'Não consta nada em meus registros!', '', '2014-06-07 14:59:32');
INSERT INTO "STI"."USER"."desconhecido" (ID_DESC, ID_USUARIO, ID_DISCIPLINA, ID_CONVERSA, MENSAGEM, RESPOSTA, COMPLEMENTO, DATA) VALUES(106, 1, 3, 583, 'quais as dimensões da ia', 'dimensão', '', '2014-06-08 07:54:54');
INSERT INTO "STI"."USER"."desconhecido" (ID_DESC, ID_USUARIO, ID_DISCIPLINA, ID_CONVERSA, MENSAGEM, RESPOSTA, COMPLEMENTO, DATA) VALUES(107, 1, 3, 584, 'quais as dimensões da ia', 'dimensão', '', '2014-06-08 07:55:45');
INSERT INTO "STI"."USER"."desconhecido" (ID_DESC, ID_USUARIO, ID_DISCIPLINA, ID_CONVERSA, MENSAGEM, RESPOSTA, COMPLEMENTO, DATA) VALUES(108, 1, 3, 585, 'quais as dimensões da ia', 'dimensão', '', '2014-06-08 08:00:15');
INSERT INTO "STI"."USER"."desconhecido" (ID_DESC, ID_USUARIO, ID_DISCIPLINA, ID_CONVERSA, MENSAGEM, RESPOSTA, COMPLEMENTO, DATA) VALUES(109, 1, 3, 589, 'rede neural é o mesmo que algoritmo genético', 'Não consta nada em meus registros!', '', '2014-06-08 13:08:14');
INSERT INTO "STI"."USER"."desconhecido" (ID_DESC, ID_USUARIO, ID_DISCIPLINA, ID_CONVERSA, MENSAGEM, RESPOSTA, COMPLEMENTO, DATA) VALUES(110, 1, 3, 591, 'rede neural é o mesmo que algoritmo genético', 'Não tenho indícios suficientes para afirmar isto!', '', '2014-06-08 21:03:00');
INSERT INTO "STI"."USER"."desconhecido" (ID_DESC, ID_USUARIO, ID_DISCIPLINA, ID_CONVERSA, MENSAGEM, RESPOSTA, COMPLEMENTO, DATA) VALUES(111, 1, 3, 591, 'rede neural é o mesmo que algoritmo genético', 'Não consta nada em meus registros!', '', '2014-06-08 21:04:07');
INSERT INTO "STI"."USER"."desconhecido" (ID_DESC, ID_USUARIO, ID_DISCIPLINA, ID_CONVERSA, MENSAGEM, RESPOSTA, COMPLEMENTO, DATA) VALUES(112, 1, 3, 592, 'rede neural é o mesmo que algoritmo genético', 'Não consta nada em meus registros!', '', '2014-06-08 21:05:36');
INSERT INTO "STI"."USER"."desconhecido" (ID_DESC, ID_USUARIO, ID_DISCIPLINA, ID_CONVERSA, MENSAGEM, RESPOSTA, COMPLEMENTO, DATA) VALUES(113, 1, 3, 594, 'quais as aplicações de algoritmos genéticos', 'Não consta nada em meus registros!', '', '2014-06-08 21:25:30');
INSERT INTO "STI"."USER"."desconhecido" (ID_DESC, ID_USUARIO, ID_DISCIPLINA, ID_CONVERSA, MENSAGEM, RESPOSTA, COMPLEMENTO, DATA) VALUES(114, 1, 3, 601, 'há exemplo de inteligência artificial', 'Não posso afirmar nada sobre isso!', '', '2014-06-09 10:02:04');
INSERT INTO "STI"."USER"."desconhecido" (ID_DESC, ID_USUARIO, ID_DISCIPLINA, ID_CONVERSA, MENSAGEM, RESPOSTA, COMPLEMENTO, DATA) VALUES(115, 1, 3, 609, 'o que é motor de inferência', 'Não tenho indícios suficientes para afirmar isto!', '', '2014-06-09 10:56:06');
INSERT INTO "STI"."USER"."desconhecido" (ID_DESC, ID_USUARIO, ID_DISCIPLINA, ID_CONVERSA, MENSAGEM, RESPOSTA, COMPLEMENTO, DATA) VALUES(116, 1, 3, 612, 'o que é motor de inferência', 'Não consta nada em meus registros!', '', '2014-06-09 12:23:35');
INSERT INTO "STI"."USER"."desconhecido" (ID_DESC, ID_USUARIO, ID_DISCIPLINA, ID_CONVERSA, MENSAGEM, RESPOSTA, COMPLEMENTO, DATA) VALUES(117, 1, 3, 634, 'o que é motor de inferência', 'Não posso afirmar nada sobre isso!', '', '2014-06-09 16:07:49');
INSERT INTO "STI"."USER"."desconhecido" (ID_DESC, ID_USUARIO, ID_DISCIPLINA, ID_CONVERSA, MENSAGEM, RESPOSTA, COMPLEMENTO, DATA) VALUES(118, 1, 3, 636, 'dê um exemplo', 'Não tenho indícios suficientes para afirmar isto!', '', '2014-06-09 16:14:26');
INSERT INTO "STI"."USER"."desconhecido" (ID_DESC, ID_USUARIO, ID_DISCIPLINA, ID_CONVERSA, MENSAGEM, RESPOSTA, COMPLEMENTO, DATA) VALUES(119, 1, 3, 636, 'qual a relação entre  e ', 'Não consta nada em meus registros!', '', '2014-06-09 16:15:21');
INSERT INTO "STI"."USER"."desconhecido" (ID_DESC, ID_USUARIO, ID_DISCIPLINA, ID_CONVERSA, MENSAGEM, RESPOSTA, COMPLEMENTO, DATA) VALUES(120, 1, 3, 636, 'há relação entre os dois', 'Não consta nada em meus registros!', '', '2014-06-09 16:15:55');
INSERT INTO "STI"."USER"."desconhecido" (ID_DESC, ID_USUARIO, ID_DISCIPLINA, ID_CONVERSA, MENSAGEM, RESPOSTA, COMPLEMENTO, DATA) VALUES(121, 1, 3, 637, 'quais as propriedades de uma rede neural', 'Não consta nada em meus registros!', '', '2014-06-09 16:53:20');
INSERT INTO "STI"."USER"."desconhecido" (ID_DESC, ID_USUARIO, ID_DISCIPLINA, ID_CONVERSA, MENSAGEM, RESPOSTA, COMPLEMENTO, DATA) VALUES(122, 1, 3, 638, 'quais as propriedades de uma rede neural', 'Não tenho indícios suficientes para afirmar isto!', '', '2014-06-09 16:55:12');
INSERT INTO "STI"."USER"."desconhecido" (ID_DESC, ID_USUARIO, ID_DISCIPLINA, ID_CONVERSA, MENSAGEM, RESPOSTA, COMPLEMENTO, DATA) VALUES(123, 1, 3, 640, 'qual a definição de ', 'Não tenho indícios suficientes para afirmar isto!', '', '2014-06-09 19:19:44');
INSERT INTO "STI"."USER"."desconhecido" (ID_DESC, ID_USUARIO, ID_DISCIPLINA, ID_CONVERSA, MENSAGEM, RESPOSTA, COMPLEMENTO, DATA) VALUES(124, 1, 3, 643, 'dê-me a  em owl', 'Não consta nada em meus registros!', '', '2014-06-09 19:35:56');
INSERT INTO "STI"."USER"."desconhecido" (ID_DESC, ID_USUARIO, ID_DISCIPLINA, ID_CONVERSA, MENSAGEM, RESPOSTA, COMPLEMENTO, DATA) VALUES(125, 1, 3, 646, 'sinapse é a mesma coisa que peso', 'Não tenho indícios suficientes para afirmar isto!', '', '2014-06-09 20:10:15');
INSERT INTO "STI"."USER"."desconhecido" (ID_DESC, ID_USUARIO, ID_DISCIPLINA, ID_CONVERSA, MENSAGEM, RESPOSTA, COMPLEMENTO, DATA) VALUES(126, 1, 3, 708, 'quais as linhas de pesquisa', 'Não consta nada em meus registros!', '', '2014-06-11 01:19:43');
INSERT INTO "STI"."USER"."desconhecido" (ID_DESC, ID_USUARIO, ID_DISCIPLINA, ID_CONVERSA, MENSAGEM, RESPOSTA, COMPLEMENTO, DATA) VALUES(127, 1, 3, 708, 'quais são as linhas de pesquisa', 'Não posso afirmar nada sobre isso!', '', '2014-06-11 01:20:23');
INSERT INTO "STI"."USER"."desconhecido" (ID_DESC, ID_USUARIO, ID_DISCIPLINA, ID_CONVERSA, MENSAGEM, RESPOSTA, COMPLEMENTO, DATA) VALUES(128, 1, 3, 708, 'o que é linhas de pesquisa', 'Não posso afirmar nada sobre isso!', '', '2014-06-11 01:20:43');
INSERT INTO "STI"."USER"."desconhecido" (ID_DESC, ID_USUARIO, ID_DISCIPLINA, ID_CONVERSA, MENSAGEM, RESPOSTA, COMPLEMENTO, DATA) VALUES(129, 1, 3, 783, 'tem imagem sobre ', 'Não posso afirmar nada sobre isso!', '', '2014-06-14 19:18:48');
INSERT INTO "STI"."USER"."desconhecido" (ID_DESC, ID_USUARIO, ID_DISCIPLINA, ID_CONVERSA, MENSAGEM, RESPOSTA, COMPLEMENTO, DATA) VALUES(130, 1, 3, 784, 'tem imagem sobre ', 'Não tenho indícios suficientes para afirmar isto!', '', '2014-06-14 19:30:23');
INSERT INTO "STI"."USER"."desconhecido" (ID_DESC, ID_USUARIO, ID_DISCIPLINA, ID_CONVERSA, MENSAGEM, RESPOSTA, COMPLEMENTO, DATA) VALUES(131, 1, 3, 785, 'tem imagem sobre ', 'Não posso afirmar nada sobre isso!', '', '2014-06-14 19:33:24');
INSERT INTO "STI"."USER"."desconhecido" (ID_DESC, ID_USUARIO, ID_DISCIPLINA, ID_CONVERSA, MENSAGEM, RESPOSTA, COMPLEMENTO, DATA) VALUES(132, 1, 3, 786, 'tem imagem sobre ', 'Não tenho indícios suficientes para afirmar isto!', '', '2014-06-14 20:10:54');
INSERT INTO "STI"."USER"."desconhecido" (ID_DESC, ID_USUARIO, ID_DISCIPLINA, ID_CONVERSA, MENSAGEM, RESPOSTA, COMPLEMENTO, DATA) VALUES(133, 1, 3, 787, 'tem imagem sobre ', 'Não consta nada em meus registros!', '', '2014-06-14 20:18:51');
INSERT INTO "STI"."USER"."desconhecido" (ID_DESC, ID_USUARIO, ID_DISCIPLINA, ID_CONVERSA, MENSAGEM, RESPOSTA, COMPLEMENTO, DATA) VALUES(134, 1, 3, 788, 'tem imagem sobre ', 'Não consta nada em meus registros!', '', '2014-06-14 20:22:33');
INSERT INTO "STI"."USER"."desconhecido" (ID_DESC, ID_USUARIO, ID_DISCIPLINA, ID_CONVERSA, MENSAGEM, RESPOSTA, COMPLEMENTO, DATA) VALUES(135, 1, 3, 794, 'tem imagem sobre ', 'Não tenho indícios suficientes para afirmar isto!', '', '2014-06-15 19:32:06');
INSERT INTO "STI"."USER"."desconhecido" (ID_DESC, ID_USUARIO, ID_DISCIPLINA, ID_CONVERSA, MENSAGEM, RESPOSTA, COMPLEMENTO, DATA) VALUES(136, 1, 3, 795, 'tem imagem sobre ', 'Não consta nada em meus registros!', '', '2014-06-15 19:36:53');
INSERT INTO "STI"."USER"."desconhecido" (ID_DESC, ID_USUARIO, ID_DISCIPLINA, ID_CONVERSA, MENSAGEM, RESPOSTA, COMPLEMENTO, DATA) VALUES(137, 1, 3, 796, 'tem imagem sobre ', 'Não posso afirmar nada sobre isso!', '', '2014-06-15 19:47:34');
INSERT INTO "STI"."USER"."desconhecido" (ID_DESC, ID_USUARIO, ID_DISCIPLINA, ID_CONVERSA, MENSAGEM, RESPOSTA, COMPLEMENTO, DATA) VALUES(138, 1, 3, 797, 'tem imagem sobre ', 'Não consta nada em meus registros!', '', '2014-06-15 19:50:32');
INSERT INTO "STI"."USER"."desconhecido" (ID_DESC, ID_USUARIO, ID_DISCIPLINA, ID_CONVERSA, MENSAGEM, RESPOSTA, COMPLEMENTO, DATA) VALUES(139, 1, 3, 798, 'tem imagem sobre ', 'Não posso afirmar nada sobre isso!', '', '2014-06-15 19:53:56');
INSERT INTO "STI"."USER"."desconhecido" (ID_DESC, ID_USUARIO, ID_DISCIPLINA, ID_CONVERSA, MENSAGEM, RESPOSTA, COMPLEMENTO, DATA) VALUES(140, 1, 3, 800, 'tem imagem sobre ', 'Não posso afirmar nada sobre isso!', '', '2014-06-15 19:59:02');
INSERT INTO "STI"."USER"."desconhecido" (ID_DESC, ID_USUARIO, ID_DISCIPLINA, ID_CONVERSA, MENSAGEM, RESPOSTA, COMPLEMENTO, DATA) VALUES(141, 1, 3, 802, 'tem imagem sobre ', 'Não posso afirmar nada sobre isso!', '', '2014-06-15 20:02:34');
INSERT INTO "STI"."USER"."desconhecido" (ID_DESC, ID_USUARIO, ID_DISCIPLINA, ID_CONVERSA, MENSAGEM, RESPOSTA, COMPLEMENTO, DATA) VALUES(142, 1, 3, 803, 'tem imagem sobre ', 'Não tenho indícios suficientes para afirmar isto!', '', '2014-06-15 20:05:13');
INSERT INTO "STI"."USER"."desconhecido" (ID_DESC, ID_USUARIO, ID_DISCIPLINA, ID_CONVERSA, MENSAGEM, RESPOSTA, COMPLEMENTO, DATA) VALUES(143, 1, 3, 804, 'tem imagem sobre ', 'Não consta nada em meus registros!', '', '2014-06-15 20:12:23');
INSERT INTO "STI"."USER"."desconhecido" (ID_DESC, ID_USUARIO, ID_DISCIPLINA, ID_CONVERSA, MENSAGEM, RESPOSTA, COMPLEMENTO, DATA) VALUES(144, 1, 3, 805, 'tem imagem sobre ', 'Não consta nada em meus registros!', '', '2014-06-15 20:14:51');
INSERT INTO "STI"."USER"."desconhecido" (ID_DESC, ID_USUARIO, ID_DISCIPLINA, ID_CONVERSA, MENSAGEM, RESPOSTA, COMPLEMENTO, DATA) VALUES(145, 1, 3, 806, 'tem imagem sobre ', 'Não tenho indícios suficientes para afirmar isto!', '', '2014-06-15 20:17:21');
INSERT INTO "STI"."USER"."desconhecido" (ID_DESC, ID_USUARIO, ID_DISCIPLINA, ID_CONVERSA, MENSAGEM, RESPOSTA, COMPLEMENTO, DATA) VALUES(146, 1, 3, 807, 'tem imagem sobre ', 'Não tenho indícios suficientes para afirmar isto!', '', '2014-06-15 20:21:24');
INSERT INTO "STI"."USER"."desconhecido" (ID_DESC, ID_USUARIO, ID_DISCIPLINA, ID_CONVERSA, MENSAGEM, RESPOSTA, COMPLEMENTO, DATA) VALUES(147, 1, 3, 808, 'tem imagem sobre ', 'Não consta nada em meus registros!', '', '2014-06-15 20:31:32');
INSERT INTO "STI"."USER"."desconhecido" (ID_DESC, ID_USUARIO, ID_DISCIPLINA, ID_CONVERSA, MENSAGEM, RESPOSTA, COMPLEMENTO, DATA) VALUES(148, 1, 3, 809, 'tem imagem sobre ', 'Não posso afirmar nada sobre isso!', '', '2014-06-15 20:34:14');
INSERT INTO "STI"."USER"."desconhecido" (ID_DESC, ID_USUARIO, ID_DISCIPLINA, ID_CONVERSA, MENSAGEM, RESPOSTA, COMPLEMENTO, DATA) VALUES(149, 1, 3, 810, 'tem imagem sobre ', 'Não consta nada em meus registros!', '', '2014-06-15 20:37:58');
INSERT INTO "STI"."USER"."desconhecido" (ID_DESC, ID_USUARIO, ID_DISCIPLINA, ID_CONVERSA, MENSAGEM, RESPOSTA, COMPLEMENTO, DATA) VALUES(150, 1, 3, 811, 'tem imagem sobre ', 'Não consta nada em meus registros!', '', '2014-06-15 20:41:12');
INSERT INTO "STI"."USER"."desconhecido" (ID_DESC, ID_USUARIO, ID_DISCIPLINA, ID_CONVERSA, MENSAGEM, RESPOSTA, COMPLEMENTO, DATA) VALUES(151, 1, 3, 812, 'tem imagem sobre ', 'Não tenho indícios suficientes para afirmar isto!', '', '2014-06-15 20:45:24');
INSERT INTO "STI"."USER"."desconhecido" (ID_DESC, ID_USUARIO, ID_DISCIPLINA, ID_CONVERSA, MENSAGEM, RESPOSTA, COMPLEMENTO, DATA) VALUES(152, 1, 3, 813, 'tem imagem sobre ', 'Não tenho indícios suficientes para afirmar isto!', '', '2014-06-15 20:51:33');
INSERT INTO "STI"."USER"."desconhecido" (ID_DESC, ID_USUARIO, ID_DISCIPLINA, ID_CONVERSA, MENSAGEM, RESPOSTA, COMPLEMENTO, DATA) VALUES(153, 1, 3, 814, 'tem imagem sobre ', 'Não consta nada em meus registros!', '', '2014-06-15 20:58:33');
INSERT INTO "STI"."USER"."desconhecido" (ID_DESC, ID_USUARIO, ID_DISCIPLINA, ID_CONVERSA, MENSAGEM, RESPOSTA, COMPLEMENTO, DATA) VALUES(154, 1, 3, 815, 'tem imagem sobre ', 'Não consta nada em meus registros!', '', '2014-06-15 23:36:43');
INSERT INTO "STI"."USER"."desconhecido" (ID_DESC, ID_USUARIO, ID_DISCIPLINA, ID_CONVERSA, MENSAGEM, RESPOSTA, COMPLEMENTO, DATA) VALUES(155, 1, 3, 816, 'tem imagem sobre ', 'Não posso afirmar nada sobre isso!', '', '2014-06-15 23:40:00');
INSERT INTO "STI"."USER"."desconhecido" (ID_DESC, ID_USUARIO, ID_DISCIPLINA, ID_CONVERSA, MENSAGEM, RESPOSTA, COMPLEMENTO, DATA) VALUES(156, 1, 3, 816, 'tem imagem sobre ', 'Não consta nada em meus registros!', '', '2014-06-15 23:41:32');
INSERT INTO "STI"."USER"."desconhecido" (ID_DESC, ID_USUARIO, ID_DISCIPLINA, ID_CONVERSA, MENSAGEM, RESPOSTA, COMPLEMENTO, DATA) VALUES(157, 1, 3, 817, 'tem imagem sobre ', 'Não posso afirmar nada sobre isso!', '', '2014-06-15 23:47:57');
INSERT INTO "STI"."USER"."desconhecido" (ID_DESC, ID_USUARIO, ID_DISCIPLINA, ID_CONVERSA, MENSAGEM, RESPOSTA, COMPLEMENTO, DATA) VALUES(158, 1, 3, 818, 'tem imagem sobre ', 'Não consta nada em meus registros!', '', '2014-06-15 23:49:05');
INSERT INTO "STI"."USER"."desconhecido" (ID_DESC, ID_USUARIO, ID_DISCIPLINA, ID_CONVERSA, MENSAGEM, RESPOSTA, COMPLEMENTO, DATA) VALUES(159, 1, 3, 818, 'tem imagem sobre ', 'Não tenho indícios suficientes para afirmar isto!', '', '2014-06-15 23:49:38');
INSERT INTO "STI"."USER"."desconhecido" (ID_DESC, ID_USUARIO, ID_DISCIPLINA, ID_CONVERSA, MENSAGEM, RESPOSTA, COMPLEMENTO, DATA) VALUES(160, 1, 3, 819, 'tem imagem sobre ', 'Não posso afirmar nada sobre isso!', '', '2014-06-15 23:59:57');
INSERT INTO "STI"."USER"."desconhecido" (ID_DESC, ID_USUARIO, ID_DISCIPLINA, ID_CONVERSA, MENSAGEM, RESPOSTA, COMPLEMENTO, DATA) VALUES(161, 1, 3, 819, 'tem imagem sobre ', 'Não consta nada em meus registros!', '', '2014-06-16 00:01:08');
INSERT INTO "STI"."USER"."desconhecido" (ID_DESC, ID_USUARIO, ID_DISCIPLINA, ID_CONVERSA, MENSAGEM, RESPOSTA, COMPLEMENTO, DATA) VALUES(162, 1, 3, 821, 'tem diagrama sobre ', 'Não consta nada em meus registros!', '', '2014-06-16 09:29:10');
INSERT INTO "STI"."USER"."desconhecido" (ID_DESC, ID_USUARIO, ID_DISCIPLINA, ID_CONVERSA, MENSAGEM, RESPOSTA, COMPLEMENTO, DATA) VALUES(163, 1, 3, 864, 'o que é ciências da inteligência artificial', 'Não tenho indícios suficientes para afirmar isto!', '', '2014-06-19 19:43:06');
INSERT INTO "STI"."USER"."desconhecido" (ID_DESC, ID_USUARIO, ID_DISCIPLINA, ID_CONVERSA, MENSAGEM, RESPOSTA, COMPLEMENTO, DATA) VALUES(164, 1, 3, 864, 'o que é linhas de pesquisa', 'Não tenho indícios suficientes para afirmar isto!', '', '2014-06-19 19:43:15');
INSERT INTO "STI"."USER"."desconhecido" (ID_DESC, ID_USUARIO, ID_DISCIPLINA, ID_CONVERSA, MENSAGEM, RESPOSTA, COMPLEMENTO, DATA) VALUES(165, 1, 3, 889, 'tem diagrama sobre sistema espcialista', 'diagrama', '', '2014-06-20 17:18:37');
INSERT INTO "STI"."USER"."desconhecido" (ID_DESC, ID_USUARIO, ID_DISCIPLINA, ID_CONVERSA, MENSAGEM, RESPOSTA, COMPLEMENTO, DATA) VALUES(166, 1, 3, 893, 'qual o conceito de 2121-ontologia', 'conceito', '', '2014-06-20 19:13:04');
INSERT INTO "STI"."USER"."desconhecido" (ID_DESC, ID_USUARIO, ID_DISCIPLINA, ID_CONVERSA, MENSAGEM, RESPOSTA, COMPLEMENTO, DATA) VALUES(167, 1, 3, 898, 'há exemplo de 211-sistema especialista', 'exemplo', '', '2014-06-20 20:12:14');
INSERT INTO "STI"."USER"."desconhecido" (ID_DESC, ID_USUARIO, ID_DISCIPLINA, ID_CONVERSA, MENSAGEM, RESPOSTA, COMPLEMENTO, DATA) VALUES(168, 1, 3, 925, 'tem imagem sobre sistema especialsita', 'imagem', '', '2014-06-25 18:50:22');
INSERT INTO "STI"."USER"."desconhecido" (ID_DESC, ID_USUARIO, ID_DISCIPLINA, ID_CONVERSA, MENSAGEM, RESPOSTA, COMPLEMENTO, DATA) VALUES(169, 1, 3, 925, 'tem imagem sobre sistema especialsita', 'imagem', '', '2014-06-25 18:50:32');
INSERT INTO "STI"."USER"."desconhecido" (ID_DESC, ID_USUARIO, ID_DISCIPLINA, ID_CONVERSA, MENSAGEM, RESPOSTA, COMPLEMENTO, DATA) VALUES(170, 1, 3, 925, 'tem diagrama sobre sistema especialsita', '', '', '2014-06-25 18:51:25');
INSERT INTO "STI"."USER"."desconhecido" (ID_DESC, ID_USUARIO, ID_DISCIPLINA, ID_CONVERSA, MENSAGEM, RESPOSTA, COMPLEMENTO, DATA) VALUES(171, 1, 3, 955, 'dê exemplos de perceptron', 'Não tenho indícios suficientes para afirmar isto!', '', '2014-06-26 18:49:21');
INSERT INTO "STI"."USER"."desconhecido" (ID_DESC, ID_USUARIO, ID_DISCIPLINA, ID_CONVERSA, MENSAGEM, RESPOSTA, COMPLEMENTO, DATA) VALUES(172, 1, 3, 1029, 'o que é linhas de pesquisa', 'Não consta nada em meus registros!', '', '2014-06-29 02:23:45');
INSERT INTO "STI"."USER"."desconhecido" (ID_DESC, ID_USUARIO, ID_DISCIPLINA, ID_CONVERSA, MENSAGEM, RESPOSTA, COMPLEMENTO, DATA) VALUES(173, 1, 3, 1051, 'mostre um conceito por favor', 'conceito', '', '2014-06-30 21:00:43');
INSERT INTO "STI"."USER"."desconhecido" (ID_DESC, ID_USUARIO, ID_DISCIPLINA, ID_CONVERSA, MENSAGEM, RESPOSTA, COMPLEMENTO, DATA) VALUES(174, 1, 3, 1063, 'o que você sabe sobre 2111-mycin ', '', '', '2014-07-06 10:52:02');
INSERT INTO "STI"."USER"."desconhecido" (ID_DESC, ID_USUARIO, ID_DISCIPLINA, ID_CONVERSA, MENSAGEM, RESPOSTA, COMPLEMENTO, DATA) VALUES(175, 1, 3, 1079, 'há definição de ', 'Não consta nada em meus registros!', '', '2014-07-07 14:22:46');
INSERT INTO "STI"."USER"."desconhecido" (ID_DESC, ID_USUARIO, ID_DISCIPLINA, ID_CONVERSA, MENSAGEM, RESPOSTA, COMPLEMENTO, DATA) VALUES(176, 1, 3, 1079, 'há definição sobre ', 'Não posso afirmar nada sobre isso!', '', '2014-07-07 14:23:02');
INSERT INTO "STI"."USER"."desconhecido" (ID_DESC, ID_USUARIO, ID_DISCIPLINA, ID_CONVERSA, MENSAGEM, RESPOSTA, COMPLEMENTO, DATA) VALUES(177, 1, 3, 1079, 'qual a definição de ', 'Não consta nada em meus registros!', '', '2014-07-07 14:23:43');
INSERT INTO "STI"."USER"."desconhecido" (ID_DESC, ID_USUARIO, ID_DISCIPLINA, ID_CONVERSA, MENSAGEM, RESPOSTA, COMPLEMENTO, DATA) VALUES(178, 1, 3, 1079, 'qual a definição de ', 'Não consta nada em meus registros!', '', '2014-07-07 14:24:16');
INSERT INTO "STI"."USER"."desconhecido" (ID_DESC, ID_USUARIO, ID_DISCIPLINA, ID_CONVERSA, MENSAGEM, RESPOSTA, COMPLEMENTO, DATA) VALUES(179, 1, 3, 1079, 'há definição sobre ', 'Não tenho indícios suficientes para afirmar isto!', '', '2014-07-07 14:25:30');
INSERT INTO "STI"."USER"."desconhecido" (ID_DESC, ID_USUARIO, ID_DISCIPLINA, ID_CONVERSA, MENSAGEM, RESPOSTA, COMPLEMENTO, DATA) VALUES(180, 1, 3, 1079, 'há definição sobre ', 'Não tenho indícios suficientes para afirmar isto!', '', '2014-07-07 14:26:56');
INSERT INTO "STI"."USER"."desconhecido" (ID_DESC, ID_USUARIO, ID_DISCIPLINA, ID_CONVERSA, MENSAGEM, RESPOSTA, COMPLEMENTO, DATA) VALUES(181, 1, 3, 1079, 'qual a definição de ', 'Não consta nada em meus registros!', '', '2014-07-07 14:27:34');
INSERT INTO "STI"."USER"."desconhecido" (ID_DESC, ID_USUARIO, ID_DISCIPLINA, ID_CONVERSA, MENSAGEM, RESPOSTA, COMPLEMENTO, DATA) VALUES(182, 1, 3, 1084, 'há definição sobre ', 'Não posso afirmar nada sobre isso!', '', '2014-07-07 14:42:30');
INSERT INTO "STI"."USER"."desconhecido" (ID_DESC, ID_USUARIO, ID_DISCIPLINA, ID_CONVERSA, MENSAGEM, RESPOSTA, COMPLEMENTO, DATA) VALUES(183, 1, 3, 1089, 'qual a definição de ', 'Não consta nada em meus registros!', '', '2014-07-07 19:21:48');
INSERT INTO "STI"."USER"."desconhecido" (ID_DESC, ID_USUARIO, ID_DISCIPLINA, ID_CONVERSA, MENSAGEM, RESPOSTA, COMPLEMENTO, DATA) VALUES(184, 1, 3, 1089, 'qual a definição de ', 'Não consta nada em meus registros!', '', '2014-07-07 19:22:38');
INSERT INTO "STI"."USER"."desconhecido" (ID_DESC, ID_USUARIO, ID_DISCIPLINA, ID_CONVERSA, MENSAGEM, RESPOSTA, COMPLEMENTO, DATA) VALUES(185, 1, 3, 1090, 'qual a definição de ', 'Não posso afirmar nada sobre isso!', '', '2014-07-07 19:29:23');
INSERT INTO "STI"."USER"."desconhecido" (ID_DESC, ID_USUARIO, ID_DISCIPLINA, ID_CONVERSA, MENSAGEM, RESPOSTA, COMPLEMENTO, DATA) VALUES(186, 1, 3, 1090, 'qual a definição de ', 'Não tenho indícios suficientes para afirmar isto!', '', '2014-07-07 19:32:36');
INSERT INTO "STI"."USER"."desconhecido" (ID_DESC, ID_USUARIO, ID_DISCIPLINA, ID_CONVERSA, MENSAGEM, RESPOSTA, COMPLEMENTO, DATA) VALUES(187, 1, 3, 1090, 'qual a definição de ', 'Não consta nada em meus registros!', '', '2014-07-07 19:42:53');
INSERT INTO "STI"."USER"."desconhecido" (ID_DESC, ID_USUARIO, ID_DISCIPLINA, ID_CONVERSA, MENSAGEM, RESPOSTA, COMPLEMENTO, DATA) VALUES(188, 1, 3, 1101, 'qual a relação entre eles', 'relação', '', '2014-07-07 20:30:45');
INSERT INTO "STI"."USER"."desconhecido" (ID_DESC, ID_USUARIO, ID_DISCIPLINA, ID_CONVERSA, MENSAGEM, RESPOSTA, COMPLEMENTO, DATA) VALUES(189, 1, 3, 1101, 'qual a relação entre eles', 'relação', '', '2014-07-07 20:31:15');
INSERT INTO "STI"."USER"."desconhecido" (ID_DESC, ID_USUARIO, ID_DISCIPLINA, ID_CONVERSA, MENSAGEM, RESPOSTA, COMPLEMENTO, DATA) VALUES(190, 1, 3, 1101, 'existe relação entre eles', 'relação', '', '2014-07-07 20:31:31');
INSERT INTO "STI"."USER"."desconhecido" (ID_DESC, ID_USUARIO, ID_DISCIPLINA, ID_CONVERSA, MENSAGEM, RESPOSTA, COMPLEMENTO, DATA) VALUES(191, 1, 3, 1106, 'existe relação entre  e ', 'Não tenho indícios suficientes para afirmar isto!', '', '2014-07-09 08:34:52');
INSERT INTO "STI"."USER"."desconhecido" (ID_DESC, ID_USUARIO, ID_DISCIPLINA, ID_CONVERSA, MENSAGEM, RESPOSTA, COMPLEMENTO, DATA) VALUES(192, 1, 3, 1126, 'rede neural ã© a mesma coisa que algoritmo genã©tico', 'Não posso afirmar nada sobre isso!', '', '2014-07-09 12:21:14');
INSERT INTO "STI"."USER"."desconhecido" (ID_DESC, ID_USUARIO, ID_DISCIPLINA, ID_CONVERSA, MENSAGEM, RESPOSTA, COMPLEMENTO, DATA) VALUES(193, 1, 3, 1158, 'tem biografia de ', 'Não posso afirmar nada sobre isso!', '', '2014-07-13 13:20:51');
INSERT INTO "STI"."USER"."desconhecido" (ID_DESC, ID_USUARIO, ID_DISCIPLINA, ID_CONVERSA, MENSAGEM, RESPOSTA, COMPLEMENTO, DATA) VALUES(194, 1, 3, 1161, 'quem foi john mccarthy', 'Não consta nada em meus registros!', '', '2014-07-13 15:44:34');
INSERT INTO "STI"."USER"."desconhecido" (ID_DESC, ID_USUARIO, ID_DISCIPLINA, ID_CONVERSA, MENSAGEM, RESPOSTA, COMPLEMENTO, DATA) VALUES(195, 1, 3, 1180, 'mostre diagrama de ', 'Não posso afirmar nada sobre isso!', '', '2014-07-13 21:59:18');
INSERT INTO "STI"."USER"."desconhecido" (ID_DESC, ID_USUARIO, ID_DISCIPLINA, ID_CONVERSA, MENSAGEM, RESPOSTA, COMPLEMENTO, DATA) VALUES(196, 1, 3, 1263, 'mostre diagrama de ', 'Não posso afirmar nada sobre isso!', '', '2014-07-19 21:14:06');
INSERT INTO "STI"."USER"."desconhecido" (ID_DESC, ID_USUARIO, ID_DISCIPLINA, ID_CONVERSA, MENSAGEM, RESPOSTA, COMPLEMENTO, DATA) VALUES(197, 1, 3, 1264, 'mostre diagrama de ', 'Não consta nada em meus registros!', '', '2014-07-19 21:14:40');
INSERT INTO "STI"."USER"."desconhecido" (ID_DESC, ID_USUARIO, ID_DISCIPLINA, ID_CONVERSA, MENSAGEM, RESPOSTA, COMPLEMENTO, DATA) VALUES(198, 1, 3, 1265, 'mostre imagem de ', 'Não tenho indícios suficientes para afirmar isto!', '', '2014-07-19 21:15:35');
INSERT INTO "STI"."USER"."desconhecido" (ID_DESC, ID_USUARIO, ID_DISCIPLINA, ID_CONVERSA, MENSAGEM, RESPOSTA, COMPLEMENTO, DATA) VALUES(199, 1, 3, 1267, 'mostre imagem de ', 'Não consta nada em meus registros!', '', '2014-07-20 10:02:51');
INSERT INTO "STI"."USER"."desconhecido" (ID_DESC, ID_USUARIO, ID_DISCIPLINA, ID_CONVERSA, MENSAGEM, RESPOSTA, COMPLEMENTO, DATA) VALUES(200, 1, 3, 1310, 'gere a lista de exercícios', 'lista', '', '2014-07-22 10:49:36');
INSERT INTO "STI"."USER"."desconhecido" (ID_DESC, ID_USUARIO, ID_DISCIPLINA, ID_CONVERSA, MENSAGEM, RESPOSTA, COMPLEMENTO, DATA) VALUES(201, 1, 3, 1311, 'gere a lista de exercícios', 'lista', '', '2014-07-22 10:55:31');
INSERT INTO "STI"."USER"."desconhecido" (ID_DESC, ID_USUARIO, ID_DISCIPLINA, ID_CONVERSA, MENSAGEM, RESPOSTA, COMPLEMENTO, DATA) VALUES(202, 1, 3, 1311, 'gere a lista de exercícios', 'lista', '', '2014-07-22 10:59:30');
INSERT INTO "STI"."USER"."desconhecido" (ID_DESC, ID_USUARIO, ID_DISCIPLINA, ID_CONVERSA, MENSAGEM, RESPOSTA, COMPLEMENTO, DATA) VALUES(203, 1, 3, 1314, 'gere a lista de exercícios', 'Não tenho indícios suficientes para afirmar isto!', '', '2014-07-22 11:07:13');
INSERT INTO "STI"."USER"."desconhecido" (ID_DESC, ID_USUARIO, ID_DISCIPLINA, ID_CONVERSA, MENSAGEM, RESPOSTA, COMPLEMENTO, DATA) VALUES(204, 1, 3, 1331, 'qual o meu aproveitamento global', 'Não consta nada em meus registros!', '', '2014-07-24 09:58:00');
INSERT INTO "STI"."USER"."desconhecido" (ID_DESC, ID_USUARIO, ID_DISCIPLINA, ID_CONVERSA, MENSAGEM, RESPOSTA, COMPLEMENTO, DATA) VALUES(205, 1, 3, 1332, 'qual o meu aproveitamento geral', 'Não posso afirmar nada sobre isso!', '', '2014-07-24 09:59:39');
INSERT INTO "STI"."USER"."desconhecido" (ID_DESC, ID_USUARIO, ID_DISCIPLINA, ID_CONVERSA, MENSAGEM, RESPOSTA, COMPLEMENTO, DATA) VALUES(206, 1, 3, 1335, 'qual o meu aproveitamento geral', 'Não posso afirmar nada sobre isso!', '', '2014-07-24 10:06:16');
INSERT INTO "STI"."USER"."desconhecido" (ID_DESC, ID_USUARIO, ID_DISCIPLINA, ID_CONVERSA, MENSAGEM, RESPOSTA, COMPLEMENTO, DATA) VALUES(207, 1, 3, 1414, 'dê-me a lista de objetos', 'lista', '', '2014-07-28 22:09:08');
INSERT INTO "STI"."USER"."desconhecido" (ID_DESC, ID_USUARIO, ID_DISCIPLINA, ID_CONVERSA, MENSAGEM, RESPOSTA, COMPLEMENTO, DATA) VALUES(208, 1, 3, 1433, 'ext obrigado', '', '', '2014-07-31 15:14:19');

INSERT INTO "STI"."USER"."disciplina" (ID_DISCIPLINA, DISCIPLINA, SIGLA, HABILITADA, ITEM) VALUES(1, 'Sistemas de Informação Gerenciais', 'SIG', '1', '0');
INSERT INTO "STI"."USER"."disciplina" (ID_DISCIPLINA, DISCIPLINA, SIGLA, HABILITADA, ITEM) VALUES(2, 'Conhecimentos Gerais', 'CG', '1', '0');
INSERT INTO "STI"."USER"."disciplina" (ID_DISCIPLINA, DISCIPLINA, SIGLA, HABILITADA, ITEM) VALUES(3, 'Inteligência Artificial', 'IA', '1', '1');

INSERT INTO "STI"."USER"."disciplina_usuario" (ID, ID_DISCIPLINA, ID_USUARIO) VALUES(1, 3, 1);
INSERT INTO "STI"."USER"."disciplina_usuario" (ID, ID_DISCIPLINA, ID_USUARIO) VALUES(2, 3, 2);

INSERT INTO "STI"."USER"."evento" (ID_EVENTO, EVENTO, TIPO, DESCRICAO, DATA_CRIACAO, DATA_EVENTO, PRIORIDADE, HABILITADO, AGENDADO, ID_DISCIPLINA) VALUES(1, 'Revisão para Primeira Prova', 1, 'Revisão para a primeira prova', '2014-07-01 10:44:24', '2014-07-15 19:00:00', 1, '1', '1', 3);
INSERT INTO "STI"."USER"."evento" (ID_EVENTO, EVENTO, TIPO, DESCRICAO, DATA_CRIACAO, DATA_EVENTO, PRIORIDADE, HABILITADO, AGENDADO, ID_DISCIPLINA) VALUES(2, 'Data da Primeira Prova Bimestral', 2, 'Primeira prova bimestral', '2014-07-01 10:44:24', '2014-08-01 19:00:00', 2, '1', '1', 3);

INSERT INTO "STI"."USER"."evento_prioridade" (ID_PRIORIDADE, PRIORIDADE, DIAS) VALUES(1, 1, 5);
INSERT INTO "STI"."USER"."evento_prioridade" (ID_PRIORIDADE, PRIORIDADE, DIAS) VALUES(2, 1, 1);
INSERT INTO "STI"."USER"."evento_prioridade" (ID_PRIORIDADE, PRIORIDADE, DIAS) VALUES(3, 1, 0);
INSERT INTO "STI"."USER"."evento_prioridade" (ID_PRIORIDADE, PRIORIDADE, DIAS) VALUES(4, 2, 5);
INSERT INTO "STI"."USER"."evento_prioridade" (ID_PRIORIDADE, PRIORIDADE, DIAS) VALUES(5, 2, 4);
INSERT INTO "STI"."USER"."evento_prioridade" (ID_PRIORIDADE, PRIORIDADE, DIAS) VALUES(6, 2, 3);
INSERT INTO "STI"."USER"."evento_prioridade" (ID_PRIORIDADE, PRIORIDADE, DIAS) VALUES(7, 2, 2);
INSERT INTO "STI"."USER"."evento_prioridade" (ID_PRIORIDADE, PRIORIDADE, DIAS) VALUES(8, 2, 1);
INSERT INTO "STI"."USER"."evento_prioridade" (ID_PRIORIDADE, PRIORIDADE, DIAS) VALUES(9, 2, 0);

INSERT INTO "STI"."USER"."evento_tipo" (ID_TIPOEVENTO, TIPOEVENTO, MENSAGEM) VALUES(1, 'Revisão', 'Fique ligado! A revisão para a prova bimestral de __m está marcada para __d.');
INSERT INTO "STI"."USER"."evento_tipo" (ID_TIPOEVENTO, TIPOEVENTO, MENSAGEM) VALUES(2, 'Prova', 'Fique atento! Nossa prova de __m está marcada para __d. Sucesso!');
INSERT INTO "STI"."USER"."evento_tipo" (ID_TIPOEVENTO, TIPOEVENTO, MENSAGEM) VALUES(3, 'Exame', 'O exame final da disciplina de __m está marcado para __d.');
INSERT INTO "STI"."USER"."evento_tipo" (ID_TIPOEVENTO, TIPOEVENTO, MENSAGEM) VALUES(4, 'Teste', 'O teste da disciplina de __m está marcado para __d.');
INSERT INTO "STI"."USER"."evento_tipo" (ID_TIPOEVENTO, TIPOEVENTO, MENSAGEM) VALUES(5, 'Avaliação', 'Haverá avaliação da disciplina de __m para __d.');
INSERT INTO "STI"."USER"."evento_tipo" (ID_TIPOEVENTO, TIPOEVENTO, MENSAGEM) VALUES(6, 'Laboratório', 'Teremos laboratório de __m marcado para __d.');
INSERT INTO "STI"."USER"."evento_tipo" (ID_TIPOEVENTO, TIPOEVENTO, MENSAGEM) VALUES(7, 'Atividade Prática', 'Fique ligado! Teremos atividade prática de __m marcado para __d.');
INSERT INTO "STI"."USER"."evento_tipo" (ID_TIPOEVENTO, TIPOEVENTO, MENSAGEM) VALUES(8, 'Estudo de Caso', 'Teremos estudo de caso da disciplina de __m para __d.');

INSERT INTO "STI"."USER"."ex_alternativa" (ID_ALTERNATIVA, FRASE, CORRETA, FEEDBACK, ID_QUESTAO) VALUES(1, 'processos de pensamento e processos de raciocínio', 0, 'Incorreto.', 1);
INSERT INTO "STI"."USER"."ex_alternativa" (ID_ALTERNATIVA, FRASE, CORRETA, FEEDBACK, ID_QUESTAO) VALUES(2, 'processos de planejamento e processos de execução', 0, 'Incorreto.', 1);
INSERT INTO "STI"."USER"."ex_alternativa" (ID_ALTERNATIVA, FRASE, CORRETA, FEEDBACK, ID_QUESTAO) VALUES(3, 'processos de pensamento e processos de comportamento', 1, 'Correto.', 1);
INSERT INTO "STI"."USER"."ex_alternativa" (ID_ALTERNATIVA, FRASE, CORRETA, FEEDBACK, ID_QUESTAO) VALUES(4, 'processos de raciocínio e processos de imaginação', 0, 'Incorreto.', 1);
INSERT INTO "STI"."USER"."ex_alternativa" (ID_ALTERNATIVA, FRASE, CORRETA, FEEDBACK, ID_QUESTAO) VALUES(5, 'pensar como ser humano', 1, 'Correto.', 2);
INSERT INTO "STI"."USER"."ex_alternativa" (ID_ALTERNATIVA, FRASE, CORRETA, FEEDBACK, ID_QUESTAO) VALUES(6, 'pensar racionalmente', 0, 'Incorreto.', 2);
INSERT INTO "STI"."USER"."ex_alternativa" (ID_ALTERNATIVA, FRASE, CORRETA, FEEDBACK, ID_QUESTAO) VALUES(7, 'agir como ser humano', 0, 'Incorreto.', 2);
INSERT INTO "STI"."USER"."ex_alternativa" (ID_ALTERNATIVA, FRASE, CORRETA, FEEDBACK, ID_QUESTAO) VALUES(8, 'agir racionalmente', 0, 'Incorreto.', 2);
INSERT INTO "STI"."USER"."ex_alternativa" (ID_ALTERNATIVA, FRASE, CORRETA, FEEDBACK, ID_QUESTAO) VALUES(9, 'pensar como ser humano', 0, 'Incorreto.', 3);
INSERT INTO "STI"."USER"."ex_alternativa" (ID_ALTERNATIVA, FRASE, CORRETA, FEEDBACK, ID_QUESTAO) VALUES(10, 'pensar racionalmente', 1, 'Correto.', 3);
INSERT INTO "STI"."USER"."ex_alternativa" (ID_ALTERNATIVA, FRASE, CORRETA, FEEDBACK, ID_QUESTAO) VALUES(11, 'agir como ser humano', 0, 'Incorreto.', 3);
INSERT INTO "STI"."USER"."ex_alternativa" (ID_ALTERNATIVA, FRASE, CORRETA, FEEDBACK, ID_QUESTAO) VALUES(12, 'agir racionalmente', 0, 'Incorreto.', 3);
INSERT INTO "STI"."USER"."ex_alternativa" (ID_ALTERNATIVA, FRASE, CORRETA, FEEDBACK, ID_QUESTAO) VALUES(13, 'pensar como ser humano', 0, 'Incorreto.', 4);
INSERT INTO "STI"."USER"."ex_alternativa" (ID_ALTERNATIVA, FRASE, CORRETA, FEEDBACK, ID_QUESTAO) VALUES(14, 'pensar racionalmente', 0, 'Incorreto.', 4);
INSERT INTO "STI"."USER"."ex_alternativa" (ID_ALTERNATIVA, FRASE, CORRETA, FEEDBACK, ID_QUESTAO) VALUES(15, 'agir como ser humano', 1, 'Correto.', 4);
INSERT INTO "STI"."USER"."ex_alternativa" (ID_ALTERNATIVA, FRASE, CORRETA, FEEDBACK, ID_QUESTAO) VALUES(16, 'agir racionalmente', 0, 'Incorreto.', 4);
INSERT INTO "STI"."USER"."ex_alternativa" (ID_ALTERNATIVA, FRASE, CORRETA, FEEDBACK, ID_QUESTAO) VALUES(17, 'pensar como ser humano', 0, 'Incorreto.', 5);
INSERT INTO "STI"."USER"."ex_alternativa" (ID_ALTERNATIVA, FRASE, CORRETA, FEEDBACK, ID_QUESTAO) VALUES(18, 'pensar racionalmente', 0, 'Incorreto.', 5);
INSERT INTO "STI"."USER"."ex_alternativa" (ID_ALTERNATIVA, FRASE, CORRETA, FEEDBACK, ID_QUESTAO) VALUES(19, 'agir como ser humano', 0, 'Incorreto.', 5);
INSERT INTO "STI"."USER"."ex_alternativa" (ID_ALTERNATIVA, FRASE, CORRETA, FEEDBACK, ID_QUESTAO) VALUES(20, 'agir racionalmente', 1, 'Correto.', 5);
INSERT INTO "STI"."USER"."ex_alternativa" (ID_ALTERNATIVA, FRASE, CORRETA, FEEDBACK, ID_QUESTAO) VALUES(21, 'V-F-V-V', 0, 'Incorreto.', 6);
INSERT INTO "STI"."USER"."ex_alternativa" (ID_ALTERNATIVA, FRASE, CORRETA, FEEDBACK, ID_QUESTAO) VALUES(22, 'V-V-V-F', 0, 'Incorreto.', 6);
INSERT INTO "STI"."USER"."ex_alternativa" (ID_ALTERNATIVA, FRASE, CORRETA, FEEDBACK, ID_QUESTAO) VALUES(23, 'V-F-V-F', 1, 'Correto.', 6);
INSERT INTO "STI"."USER"."ex_alternativa" (ID_ALTERNATIVA, FRASE, CORRETA, FEEDBACK, ID_QUESTAO) VALUES(24, 'F-F-V-F', 0, 'Incorreto.', 6);
INSERT INTO "STI"."USER"."ex_alternativa" (ID_ALTERNATIVA, FRASE, CORRETA, FEEDBACK, ID_QUESTAO) VALUES(25, 'pensar como ser humano', 0, 'Incorreto.', 7);
INSERT INTO "STI"."USER"."ex_alternativa" (ID_ALTERNATIVA, FRASE, CORRETA, FEEDBACK, ID_QUESTAO) VALUES(26, 'agir racionalmente', 0, 'Incorreto.', 7);
INSERT INTO "STI"."USER"."ex_alternativa" (ID_ALTERNATIVA, FRASE, CORRETA, FEEDBACK, ID_QUESTAO) VALUES(27, 'linha simbólica', 0, 'Incorreto.', 7);
INSERT INTO "STI"."USER"."ex_alternativa" (ID_ALTERNATIVA, FRASE, CORRETA, FEEDBACK, ID_QUESTAO) VALUES(28, 'intratabilidade', 1, 'Correto.', 7);
INSERT INTO "STI"."USER"."ex_alternativa" (ID_ALTERNATIVA, FRASE, CORRETA, FEEDBACK, ID_QUESTAO) VALUES(29, 'agir como ser humano', 0, 'Incorreto.', 8);
INSERT INTO "STI"."USER"."ex_alternativa" (ID_ALTERNATIVA, FRASE, CORRETA, FEEDBACK, ID_QUESTAO) VALUES(30, 'explosão combinatória', 1, 'Correto.', 8);
INSERT INTO "STI"."USER"."ex_alternativa" (ID_ALTERNATIVA, FRASE, CORRETA, FEEDBACK, ID_QUESTAO) VALUES(31, 'lógica modal', 0, 'Incorreto.', 8);
INSERT INTO "STI"."USER"."ex_alternativa" (ID_ALTERNATIVA, FRASE, CORRETA, FEEDBACK, ID_QUESTAO) VALUES(32, 'neurociência cognitiva', 0, 'Incorreto.', 8);
INSERT INTO "STI"."USER"."ex_alternativa" (ID_ALTERNATIVA, FRASE, CORRETA, FEEDBACK, ID_QUESTAO) VALUES(33, 'V-V-F-V-V', 0, 'Incorreto.', 9);
INSERT INTO "STI"."USER"."ex_alternativa" (ID_ALTERNATIVA, FRASE, CORRETA, FEEDBACK, ID_QUESTAO) VALUES(34, 'F-V-V-V-F', 0, 'Incorreto.', 9);
INSERT INTO "STI"."USER"."ex_alternativa" (ID_ALTERNATIVA, FRASE, CORRETA, FEEDBACK, ID_QUESTAO) VALUES(35, 'V-V-F-V-F', 1, 'Correto.', 9);
INSERT INTO "STI"."USER"."ex_alternativa" (ID_ALTERNATIVA, FRASE, CORRETA, FEEDBACK, ID_QUESTAO) VALUES(36, 'V-V-V-V-F', 0, 'Incorreto.', 9);
INSERT INTO "STI"."USER"."ex_alternativa" (ID_ALTERNATIVA, FRASE, CORRETA, FEEDBACK, ID_QUESTAO) VALUES(37, 'simbólica', 1, 'Correto.', 10);
INSERT INTO "STI"."USER"."ex_alternativa" (ID_ALTERNATIVA, FRASE, CORRETA, FEEDBACK, ID_QUESTAO) VALUES(38, 'conexionista', 0, 'Incorreto.', 10);
INSERT INTO "STI"."USER"."ex_alternativa" (ID_ALTERNATIVA, FRASE, CORRETA, FEEDBACK, ID_QUESTAO) VALUES(39, 'evolucionária', 0, 'Incorreto.', 10);
INSERT INTO "STI"."USER"."ex_alternativa" (ID_ALTERNATIVA, FRASE, CORRETA, FEEDBACK, ID_QUESTAO) VALUES(40, 'racional', 0, 'Incorreto.', 10);
INSERT INTO "STI"."USER"."ex_alternativa" (ID_ALTERNATIVA, FRASE, CORRETA, FEEDBACK, ID_QUESTAO) VALUES(41, 'F-F-V-F', 0, 'Incorreto.', 11);
INSERT INTO "STI"."USER"."ex_alternativa" (ID_ALTERNATIVA, FRASE, CORRETA, FEEDBACK, ID_QUESTAO) VALUES(42, 'F-V-V-F', 0, 'Incorreto.', 11);
INSERT INTO "STI"."USER"."ex_alternativa" (ID_ALTERNATIVA, FRASE, CORRETA, FEEDBACK, ID_QUESTAO) VALUES(43, 'F-F-V-V', 1, 'Correto.', 11);
INSERT INTO "STI"."USER"."ex_alternativa" (ID_ALTERNATIVA, FRASE, CORRETA, FEEDBACK, ID_QUESTAO) VALUES(44, 'F-F-F-V', 0, 'Incorreto.', 11);
INSERT INTO "STI"."USER"."ex_alternativa" (ID_ALTERNATIVA, FRASE, CORRETA, FEEDBACK, ID_QUESTAO) VALUES(45, 'pensar como ser humano', 0, 'Incorreto.', 12);
INSERT INTO "STI"."USER"."ex_alternativa" (ID_ALTERNATIVA, FRASE, CORRETA, FEEDBACK, ID_QUESTAO) VALUES(46, 'pensar racionalmente', 0, 'Incorreto.', 12);
INSERT INTO "STI"."USER"."ex_alternativa" (ID_ALTERNATIVA, FRASE, CORRETA, FEEDBACK, ID_QUESTAO) VALUES(47, 'agir como ser humano', 1, 'Correto.', 12);
INSERT INTO "STI"."USER"."ex_alternativa" (ID_ALTERNATIVA, FRASE, CORRETA, FEEDBACK, ID_QUESTAO) VALUES(48, 'agir racionalmente', 0, 'Incorreto.', 12);
INSERT INTO "STI"."USER"."ex_alternativa" (ID_ALTERNATIVA, FRASE, CORRETA, FEEDBACK, ID_QUESTAO) VALUES(49, 'redes neurais', 0, 'Incorreto.', 13);
INSERT INTO "STI"."USER"."ex_alternativa" (ID_ALTERNATIVA, FRASE, CORRETA, FEEDBACK, ID_QUESTAO) VALUES(50, 'sistemas especialistas', 1, 'Correto.', 13);
INSERT INTO "STI"."USER"."ex_alternativa" (ID_ALTERNATIVA, FRASE, CORRETA, FEEDBACK, ID_QUESTAO) VALUES(51, 'algoritmos genéticos', 0, 'Incorreto.', 13);
INSERT INTO "STI"."USER"."ex_alternativa" (ID_ALTERNATIVA, FRASE, CORRETA, FEEDBACK, ID_QUESTAO) VALUES(52, 'programação genética', 0, 'Incorreto.', 13);
INSERT INTO "STI"."USER"."ex_alternativa" (ID_ALTERNATIVA, FRASE, CORRETA, FEEDBACK, ID_QUESTAO) VALUES(53, 'DENDRAL', 0, 'Incorreto.', 14);
INSERT INTO "STI"."USER"."ex_alternativa" (ID_ALTERNATIVA, FRASE, CORRETA, FEEDBACK, ID_QUESTAO) VALUES(54, 'SNARC', 0, 'Incorreto.', 14);
INSERT INTO "STI"."USER"."ex_alternativa" (ID_ALTERNATIVA, FRASE, CORRETA, FEEDBACK, ID_QUESTAO) VALUES(55, 'MYCIN', 1, 'Correto.', 14);
INSERT INTO "STI"."USER"."ex_alternativa" (ID_ALTERNATIVA, FRASE, CORRETA, FEEDBACK, ID_QUESTAO) VALUES(56, 'Perceptron', 0, 'Incorreto.', 14);
INSERT INTO "STI"."USER"."ex_alternativa" (ID_ALTERNATIVA, FRASE, CORRETA, FEEDBACK, ID_QUESTAO) VALUES(57, 'DENDRAL', 1, 'Correto.', 15);
INSERT INTO "STI"."USER"."ex_alternativa" (ID_ALTERNATIVA, FRASE, CORRETA, FEEDBACK, ID_QUESTAO) VALUES(58, 'SNARC', 0, 'Incorreto.', 15);
INSERT INTO "STI"."USER"."ex_alternativa" (ID_ALTERNATIVA, FRASE, CORRETA, FEEDBACK, ID_QUESTAO) VALUES(59, 'MYCIN', 0, 'Incorreto.', 15);
INSERT INTO "STI"."USER"."ex_alternativa" (ID_ALTERNATIVA, FRASE, CORRETA, FEEDBACK, ID_QUESTAO) VALUES(60, 'Perceptron', 0, 'Incorreto.', 15);
INSERT INTO "STI"."USER"."ex_alternativa" (ID_ALTERNATIVA, FRASE, CORRETA, FEEDBACK, ID_QUESTAO) VALUES(61, 'quadro negro, base de conhecimento e mecanismo de inferência', 1, 'Correto.', 16);
INSERT INTO "STI"."USER"."ex_alternativa" (ID_ALTERNATIVA, FRASE, CORRETA, FEEDBACK, ID_QUESTAO) VALUES(62, 'quadro negro, base de inferência e mecanismo de conhecimento', 0, 'Incorreto.', 16);
INSERT INTO "STI"."USER"."ex_alternativa" (ID_ALTERNATIVA, FRASE, CORRETA, FEEDBACK, ID_QUESTAO) VALUES(63, 'quadro negro, mecanismo de inferência e seleção', 0, 'Incorreto.', 16);
INSERT INTO "STI"."USER"."ex_alternativa" (ID_ALTERNATIVA, FRASE, CORRETA, FEEDBACK, ID_QUESTAO) VALUES(64, 'mecanismo de inferência, base de conhecimento e mutação aleatória', 0, 'Incorreto.', 16);
INSERT INTO "STI"."USER"."ex_alternativa" (ID_ALTERNATIVA, FRASE, CORRETA, FEEDBACK, ID_QUESTAO) VALUES(65, '1-4-3-2-5', 0, 'Incorreto.', 17);
INSERT INTO "STI"."USER"."ex_alternativa" (ID_ALTERNATIVA, FRASE, CORRETA, FEEDBACK, ID_QUESTAO) VALUES(66, '2-5-3-1-4', 0, 'Incorreto.', 17);
INSERT INTO "STI"."USER"."ex_alternativa" (ID_ALTERNATIVA, FRASE, CORRETA, FEEDBACK, ID_QUESTAO) VALUES(67, '1-5-3-2-4', 1, 'Correto.', 17);
INSERT INTO "STI"."USER"."ex_alternativa" (ID_ALTERNATIVA, FRASE, CORRETA, FEEDBACK, ID_QUESTAO) VALUES(68, '1-4-2-3-5', 0, 'Incorreto.', 17);
INSERT INTO "STI"."USER"."ex_alternativa" (ID_ALTERNATIVA, FRASE, CORRETA, FEEDBACK, ID_QUESTAO) VALUES(69, 'regra 1', 0, 'Incorreto.', 18);
INSERT INTO "STI"."USER"."ex_alternativa" (ID_ALTERNATIVA, FRASE, CORRETA, FEEDBACK, ID_QUESTAO) VALUES(70, 'regra 2', 0, 'Incorreto.', 18);
INSERT INTO "STI"."USER"."ex_alternativa" (ID_ALTERNATIVA, FRASE, CORRETA, FEEDBACK, ID_QUESTAO) VALUES(71, 'regra 3', 1, 'Correto.', 18);
INSERT INTO "STI"."USER"."ex_alternativa" (ID_ALTERNATIVA, FRASE, CORRETA, FEEDBACK, ID_QUESTAO) VALUES(72, 'regra 4', 0, 'Incorreto.', 18);
INSERT INTO "STI"."USER"."ex_alternativa" (ID_ALTERNATIVA, FRASE, CORRETA, FEEDBACK, ID_QUESTAO) VALUES(73, 'nada / aquecedor desligará / nada / aquecedor ligará', 1, 'Correto.', 19);
INSERT INTO "STI"."USER"."ex_alternativa" (ID_ALTERNATIVA, FRASE, CORRETA, FEEDBACK, ID_QUESTAO) VALUES(74, 'aquecedor desligará / aquecedor desligará / nada / aquecedor ligará', 0, 'Incorreto.', 19);
INSERT INTO "STI"."USER"."ex_alternativa" (ID_ALTERNATIVA, FRASE, CORRETA, FEEDBACK, ID_QUESTAO) VALUES(75, 'nada / aquecedor ligará / nada / aquecedor desligará', 0, 'Incorreto.', 19);
INSERT INTO "STI"."USER"."ex_alternativa" (ID_ALTERNATIVA, FRASE, CORRETA, FEEDBACK, ID_QUESTAO) VALUES(76, 'aquecedor desligará / nada / nada / aquecedor ligará', 0, 'Incorreto.', 19);
INSERT INTO "STI"."USER"."ex_alternativa" (ID_ALTERNATIVA, FRASE, CORRETA, FEEDBACK, ID_QUESTAO) VALUES(77, 'F-F-V-F', 0, 'Incorreto.', 20);
INSERT INTO "STI"."USER"."ex_alternativa" (ID_ALTERNATIVA, FRASE, CORRETA, FEEDBACK, ID_QUESTAO) VALUES(78, 'F-V-V-F', 0, 'Incorreto.', 20);
INSERT INTO "STI"."USER"."ex_alternativa" (ID_ALTERNATIVA, FRASE, CORRETA, FEEDBACK, ID_QUESTAO) VALUES(79, 'F-F-V-V', 1, 'Correto.', 20);
INSERT INTO "STI"."USER"."ex_alternativa" (ID_ALTERNATIVA, FRASE, CORRETA, FEEDBACK, ID_QUESTAO) VALUES(80, 'F-F-F-V', 0, 'Incorreto.', 20);

INSERT INTO "STI"."USER"."ex_desempenho" (ID, ID_USUARIO, ID_DISCIPLINA, ID_OBJETO, ACERTOS, TOTAL, PERCENTUAL) VALUES(443, 1, 3, 67, 11, 23, 47.8261);
INSERT INTO "STI"."USER"."ex_desempenho" (ID, ID_USUARIO, ID_DISCIPLINA, ID_OBJETO, ACERTOS, TOTAL, PERCENTUAL) VALUES(444, 1, 3, 38, 1, 2, 50);
INSERT INTO "STI"."USER"."ex_desempenho" (ID, ID_USUARIO, ID_DISCIPLINA, ID_OBJETO, ACERTOS, TOTAL, PERCENTUAL) VALUES(445, 1, 3, 40, 1, 2, 50);
INSERT INTO "STI"."USER"."ex_desempenho" (ID, ID_USUARIO, ID_DISCIPLINA, ID_OBJETO, ACERTOS, TOTAL, PERCENTUAL) VALUES(446, 1, 3, 27, 5, 10, 50);
INSERT INTO "STI"."USER"."ex_desempenho" (ID, ID_USUARIO, ID_DISCIPLINA, ID_OBJETO, ACERTOS, TOTAL, PERCENTUAL) VALUES(447, 1, 3, 39, 1, 2, 50);
INSERT INTO "STI"."USER"."ex_desempenho" (ID, ID_USUARIO, ID_DISCIPLINA, ID_OBJETO, ACERTOS, TOTAL, PERCENTUAL) VALUES(448, 1, 3, 65, 14, 27, 51.8519);
INSERT INTO "STI"."USER"."ex_desempenho" (ID, ID_USUARIO, ID_DISCIPLINA, ID_OBJETO, ACERTOS, TOTAL, PERCENTUAL) VALUES(449, 1, 3, 66, 12, 19, 63.1579);
INSERT INTO "STI"."USER"."ex_desempenho" (ID, ID_USUARIO, ID_DISCIPLINA, ID_OBJETO, ACERTOS, TOTAL, PERCENTUAL) VALUES(450, 1, 3, 77, 2, 3, 66.6667);
INSERT INTO "STI"."USER"."ex_desempenho" (ID, ID_USUARIO, ID_DISCIPLINA, ID_OBJETO, ACERTOS, TOTAL, PERCENTUAL) VALUES(451, 1, 3, 80, 2, 3, 66.6667);
INSERT INTO "STI"."USER"."ex_desempenho" (ID, ID_USUARIO, ID_DISCIPLINA, ID_OBJETO, ACERTOS, TOTAL, PERCENTUAL) VALUES(452, 1, 3, 57, 2, 3, 66.6667);
INSERT INTO "STI"."USER"."ex_desempenho" (ID, ID_USUARIO, ID_DISCIPLINA, ID_OBJETO, ACERTOS, TOTAL, PERCENTUAL) VALUES(453, 1, 3, 76, 2, 3, 66.6667);
INSERT INTO "STI"."USER"."ex_desempenho" (ID, ID_USUARIO, ID_DISCIPLINA, ID_OBJETO, ACERTOS, TOTAL, PERCENTUAL) VALUES(454, 1, 3, 79, 2, 3, 66.6667);
INSERT INTO "STI"."USER"."ex_desempenho" (ID, ID_USUARIO, ID_DISCIPLINA, ID_OBJETO, ACERTOS, TOTAL, PERCENTUAL) VALUES(455, 1, 3, 28, 18, 27, 66.6667);
INSERT INTO "STI"."USER"."ex_desempenho" (ID, ID_USUARIO, ID_DISCIPLINA, ID_OBJETO, ACERTOS, TOTAL, PERCENTUAL) VALUES(456, 1, 3, 78, 2, 3, 66.6667);
INSERT INTO "STI"."USER"."ex_desempenho" (ID, ID_USUARIO, ID_DISCIPLINA, ID_OBJETO, ACERTOS, TOTAL, PERCENTUAL) VALUES(457, 1, 3, 81, 2, 3, 66.6667);
INSERT INTO "STI"."USER"."ex_desempenho" (ID, ID_USUARIO, ID_DISCIPLINA, ID_OBJETO, ACERTOS, TOTAL, PERCENTUAL) VALUES(458, 1, 3, 58, 2, 3, 66.6667);
INSERT INTO "STI"."USER"."ex_desempenho" (ID, ID_USUARIO, ID_DISCIPLINA, ID_OBJETO, ACERTOS, TOTAL, PERCENTUAL) VALUES(459, 1, 3, 29, 21, 31, 67.7419);
INSERT INTO "STI"."USER"."ex_desempenho" (ID, ID_USUARIO, ID_DISCIPLINA, ID_OBJETO, ACERTOS, TOTAL, PERCENTUAL) VALUES(460, 1, 3, 64, 24, 35, 68.5714);
INSERT INTO "STI"."USER"."ex_desempenho" (ID, ID_USUARIO, ID_DISCIPLINA, ID_OBJETO, ACERTOS, TOTAL, PERCENTUAL) VALUES(461, 1, 3, 30, 12, 17, 70.5882);
INSERT INTO "STI"."USER"."ex_desempenho" (ID, ID_USUARIO, ID_DISCIPLINA, ID_OBJETO, ACERTOS, TOTAL, PERCENTUAL) VALUES(462, 1, 3, 21, 18, 23, 78.2609);
INSERT INTO "STI"."USER"."ex_desempenho" (ID, ID_USUARIO, ID_DISCIPLINA, ID_OBJETO, ACERTOS, TOTAL, PERCENTUAL) VALUES(463, 1, 3, 20, 8, 10, 80);
INSERT INTO "STI"."USER"."ex_desempenho" (ID, ID_USUARIO, ID_DISCIPLINA, ID_OBJETO, ACERTOS, TOTAL, PERCENTUAL) VALUES(464, 1, 3, 24, 13, 15, 86.6667);
INSERT INTO "STI"."USER"."ex_desempenho" (ID, ID_USUARIO, ID_DISCIPLINA, ID_OBJETO, ACERTOS, TOTAL, PERCENTUAL) VALUES(465, 1, 3, 36, 3, 3, 100);
INSERT INTO "STI"."USER"."ex_desempenho" (ID, ID_USUARIO, ID_DISCIPLINA, ID_OBJETO, ACERTOS, TOTAL, PERCENTUAL) VALUES(466, 1, 3, 37, 2, 2, 100);
INSERT INTO "STI"."USER"."ex_desempenho" (ID, ID_USUARIO, ID_DISCIPLINA, ID_OBJETO, ACERTOS, TOTAL, PERCENTUAL) VALUES(467, 1, 3, 0, 180, 272, 66.1765);

INSERT INTO "STI"."USER"."ex_objeto_questao" (ID, ID_QUESTAO, ID_OBJETO, RELEVANCIA) VALUES(1, 1, 20, 1);
INSERT INTO "STI"."USER"."ex_objeto_questao" (ID, ID_QUESTAO, ID_OBJETO, RELEVANCIA) VALUES(2, 2, 64, 1);
INSERT INTO "STI"."USER"."ex_objeto_questao" (ID, ID_QUESTAO, ID_OBJETO, RELEVANCIA) VALUES(3, 3, 65, 1);
INSERT INTO "STI"."USER"."ex_objeto_questao" (ID, ID_QUESTAO, ID_OBJETO, RELEVANCIA) VALUES(4, 4, 66, 1);
INSERT INTO "STI"."USER"."ex_objeto_questao" (ID, ID_QUESTAO, ID_OBJETO, RELEVANCIA) VALUES(5, 5, 67, 1);
INSERT INTO "STI"."USER"."ex_objeto_questao" (ID, ID_QUESTAO, ID_OBJETO, RELEVANCIA) VALUES(6, 6, 28, 1);
INSERT INTO "STI"."USER"."ex_objeto_questao" (ID, ID_QUESTAO, ID_OBJETO, RELEVANCIA) VALUES(7, 6, 64, 1);
INSERT INTO "STI"."USER"."ex_objeto_questao" (ID, ID_QUESTAO, ID_OBJETO, RELEVANCIA) VALUES(8, 7, 29, 1);
INSERT INTO "STI"."USER"."ex_objeto_questao" (ID, ID_QUESTAO, ID_OBJETO, RELEVANCIA) VALUES(9, 8, 30, 1);
INSERT INTO "STI"."USER"."ex_objeto_questao" (ID, ID_QUESTAO, ID_OBJETO, RELEVANCIA) VALUES(10, 9, 27, 1);
INSERT INTO "STI"."USER"."ex_objeto_questao" (ID, ID_QUESTAO, ID_OBJETO, RELEVANCIA) VALUES(11, 10, 21, 1);
INSERT INTO "STI"."USER"."ex_objeto_questao" (ID, ID_QUESTAO, ID_OBJETO, RELEVANCIA) VALUES(12, 10, 24, 1);
INSERT INTO "STI"."USER"."ex_objeto_questao" (ID, ID_QUESTAO, ID_OBJETO, RELEVANCIA) VALUES(13, 11, 28, 1);
INSERT INTO "STI"."USER"."ex_objeto_questao" (ID, ID_QUESTAO, ID_OBJETO, RELEVANCIA) VALUES(14, 11, 64, 1);
INSERT INTO "STI"."USER"."ex_objeto_questao" (ID, ID_QUESTAO, ID_OBJETO, RELEVANCIA) VALUES(15, 12, 21, 1);
INSERT INTO "STI"."USER"."ex_objeto_questao" (ID, ID_QUESTAO, ID_OBJETO, RELEVANCIA) VALUES(16, 12, 24, 1);
INSERT INTO "STI"."USER"."ex_objeto_questao" (ID, ID_QUESTAO, ID_OBJETO, RELEVANCIA) VALUES(17, 12, 66, 1);
INSERT INTO "STI"."USER"."ex_objeto_questao" (ID, ID_QUESTAO, ID_OBJETO, RELEVANCIA) VALUES(18, 13, 21, 1);
INSERT INTO "STI"."USER"."ex_objeto_questao" (ID, ID_QUESTAO, ID_OBJETO, RELEVANCIA) VALUES(19, 13, 24, 1);
INSERT INTO "STI"."USER"."ex_objeto_questao" (ID, ID_QUESTAO, ID_OBJETO, RELEVANCIA) VALUES(20, 14, 21, 1);
INSERT INTO "STI"."USER"."ex_objeto_questao" (ID, ID_QUESTAO, ID_OBJETO, RELEVANCIA) VALUES(21, 14, 24, 1);
INSERT INTO "STI"."USER"."ex_objeto_questao" (ID, ID_QUESTAO, ID_OBJETO, RELEVANCIA) VALUES(22, 14, 36, 1);
INSERT INTO "STI"."USER"."ex_objeto_questao" (ID, ID_QUESTAO, ID_OBJETO, RELEVANCIA) VALUES(23, 15, 21, 1);
INSERT INTO "STI"."USER"."ex_objeto_questao" (ID, ID_QUESTAO, ID_OBJETO, RELEVANCIA) VALUES(24, 15, 24, 1);
INSERT INTO "STI"."USER"."ex_objeto_questao" (ID, ID_QUESTAO, ID_OBJETO, RELEVANCIA) VALUES(25, 15, 37, 1);
INSERT INTO "STI"."USER"."ex_objeto_questao" (ID, ID_QUESTAO, ID_OBJETO, RELEVANCIA) VALUES(26, 16, 21, 1);
INSERT INTO "STI"."USER"."ex_objeto_questao" (ID, ID_QUESTAO, ID_OBJETO, RELEVANCIA) VALUES(27, 16, 38, 1);
INSERT INTO "STI"."USER"."ex_objeto_questao" (ID, ID_QUESTAO, ID_OBJETO, RELEVANCIA) VALUES(28, 16, 39, 1);
INSERT INTO "STI"."USER"."ex_objeto_questao" (ID, ID_QUESTAO, ID_OBJETO, RELEVANCIA) VALUES(29, 16, 40, 1);
INSERT INTO "STI"."USER"."ex_objeto_questao" (ID, ID_QUESTAO, ID_OBJETO, RELEVANCIA) VALUES(30, 17, 21, 1);
INSERT INTO "STI"."USER"."ex_objeto_questao" (ID, ID_QUESTAO, ID_OBJETO, RELEVANCIA) VALUES(31, 17, 76, 1);
INSERT INTO "STI"."USER"."ex_objeto_questao" (ID, ID_QUESTAO, ID_OBJETO, RELEVANCIA) VALUES(32, 17, 77, 1);
INSERT INTO "STI"."USER"."ex_objeto_questao" (ID, ID_QUESTAO, ID_OBJETO, RELEVANCIA) VALUES(33, 17, 78, 1);
INSERT INTO "STI"."USER"."ex_objeto_questao" (ID, ID_QUESTAO, ID_OBJETO, RELEVANCIA) VALUES(34, 17, 79, 1);
INSERT INTO "STI"."USER"."ex_objeto_questao" (ID, ID_QUESTAO, ID_OBJETO, RELEVANCIA) VALUES(35, 17, 80, 1);
INSERT INTO "STI"."USER"."ex_objeto_questao" (ID, ID_QUESTAO, ID_OBJETO, RELEVANCIA) VALUES(36, 17, 81, 1);
INSERT INTO "STI"."USER"."ex_objeto_questao" (ID, ID_QUESTAO, ID_OBJETO, RELEVANCIA) VALUES(37, 18, 57, 1);
INSERT INTO "STI"."USER"."ex_objeto_questao" (ID, ID_QUESTAO, ID_OBJETO, RELEVANCIA) VALUES(38, 19, 57, 1);
INSERT INTO "STI"."USER"."ex_objeto_questao" (ID, ID_QUESTAO, ID_OBJETO, RELEVANCIA) VALUES(39, 19, 58, 1);
INSERT INTO "STI"."USER"."ex_objeto_questao" (ID, ID_QUESTAO, ID_OBJETO, RELEVANCIA) VALUES(40, 18, 21, 1);
INSERT INTO "STI"."USER"."ex_objeto_questao" (ID, ID_QUESTAO, ID_OBJETO, RELEVANCIA) VALUES(41, 19, 21, 1);
INSERT INTO "STI"."USER"."ex_objeto_questao" (ID, ID_QUESTAO, ID_OBJETO, RELEVANCIA) VALUES(42, 20, 21, 1);
INSERT INTO "STI"."USER"."ex_objeto_questao" (ID, ID_QUESTAO, ID_OBJETO, RELEVANCIA) VALUES(43, 20, 57, 1);
INSERT INTO "STI"."USER"."ex_objeto_questao" (ID, ID_QUESTAO, ID_OBJETO, RELEVANCIA) VALUES(44, 20, 58, 1);

INSERT INTO "STI"."USER"."ex_questao" (ID_QUESTAO, ENUNCIADO, DIFICULDADE, DATA, ID_USUARIO) VALUES(1, 'Quais são as dimensões da IA?', 1, '2014-07-22 06:07:34', 1);
INSERT INTO "STI"."USER"."ex_questao" (ID_QUESTAO, ENUNCIADO, DIFICULDADE, DATA, ID_USUARIO) VALUES(2, 'A seguinte definição: "[Automatização de] atividades que associamos ao pensamento humano, atividades como a tomada de decisões, a resolução de problemas, o aprendizado"; refere-se a:', 2, '2014-07-22 06:15:50', 1);
INSERT INTO "STI"."USER"."ex_questao" (ID_QUESTAO, ENUNCIADO, DIFICULDADE, DATA, ID_USUARIO) VALUES(3, 'A definição:  "o estudo das faculdades mentais pelo uso de modelos computacionais", refere-se ao quadrante:', 2, '2014-07-22 06:18:16', 1);
INSERT INTO "STI"."USER"."ex_questao" (ID_QUESTAO, ENUNCIADO, DIFICULDADE, DATA, ID_USUARIO) VALUES(4, '"A arte de criar máquinas que executam funções que exigem inteligência quando executadas por pessoas" refere-se ao seguinte quadrante:', 2, '2014-07-22 06:19:49', 1);
INSERT INTO "STI"."USER"."ex_questao" (ID_QUESTAO, ENUNCIADO, DIFICULDADE, DATA, ID_USUARIO) VALUES(5, ' A definição de IA, "a Inteligência Computacional é o estudo do projeto de agentes inteligentes", refere-se a:', 2, '2014-07-22 06:22:08', 1);
INSERT INTO "STI"."USER"."ex_questao" (ID_QUESTAO, ENUNCIADO, DIFICULDADE, DATA, ID_USUARIO) VALUES(6, 'Assinale com V para verdadeiro e F para falso, e depois marque a alternativa correta:\r\n\r\n(    ) A Filosofia é uma das ciências da IA\r\n(    ) A Eletricidade é uma das ciências da IA\r\n(    ) Pensar como ser humano é um dos quadrantes das definições de IA\r\n(    ) Pensar como máquina é um dos quadrantes das definições da IA\r\n', 3, '2014-07-22 06:27:35', 1);
INSERT INTO "STI"."USER"."ex_questao" (ID_QUESTAO, ENUNCIADO, DIFICULDADE, DATA, ID_USUARIO) VALUES(7, 'Problemas que podem ser resolvidos na teoria, mas na prática levam muito tempo para que suas soluções sejam úteis. Estamos falando de:', 1, '2014-07-22 06:29:56', 1);
INSERT INTO "STI"."USER"."ex_questao" (ID_QUESTAO, ENUNCIADO, DIFICULDADE, DATA, ID_USUARIO) VALUES(8, 'Quando a complexidade do problema tende a crescer de forma exponencial com o aumento das instâncias do problema, estamos falando de:', 1, '2014-07-22 06:31:50', 1);
INSERT INTO "STI"."USER"."ex_questao" (ID_QUESTAO, ENUNCIADO, DIFICULDADE, DATA, ID_USUARIO) VALUES(9, 'Quais são as linhas de pesquisa da IA:\r\n\r\n(    ) linha simbólica\r\n(    ) linha conexionista\r\n(    ) linha racional\r\n(    ) linha evolucionária\r\n(    ) linha sintética', 3, '2014-07-22 06:36:31', 1);
INSERT INTO "STI"."USER"."ex_questao" (ID_QUESTAO, ENUNCIADO, DIFICULDADE, DATA, ID_USUARIO) VALUES(10, 'Sistemas especialistas são um exemplo da linha de pesquisa:', 1, '2014-07-22 06:38:29', 1);
INSERT INTO "STI"."USER"."ex_questao" (ID_QUESTAO, ENUNCIADO, DIFICULDADE, DATA, ID_USUARIO) VALUES(11, 'Assinale com V para verdadeiro e F para falso, e depois marque a alternativa correta:\r\n\r\n(    ) Pensar como máquina é um dos quadrantes das definições da IA\r\n(    ) A Eletricidade é uma das ciências da IA\r\n(    ) A Filosofia é uma das ciências da IA\r\n(    ) Pensar como ser humano é um dos quadrantes das definições de IA\r\n', 3, '2014-08-08 18:30:10', 1);
INSERT INTO "STI"."USER"."ex_questao" (ID_QUESTAO, ENUNCIADO, DIFICULDADE, DATA, ID_USUARIO) VALUES(12, 'Sistemas Especialistas" (SE) são programas de computadores que buscam imitar o comportamento de especialistas humanos, dentro de um domínio de conhecimento específico. Nas definições de IA, podemos enquadrar SE como:', 2, '2014-08-08 18:34:26', 1);
INSERT INTO "STI"."USER"."ex_questao" (ID_QUESTAO, ENUNCIADO, DIFICULDADE, DATA, ID_USUARIO) VALUES(13, 'Pode-se afirmar que ___________  uma técnica da IA desenvolvida para resolver problemas em um determinado domínio, cujo conhecimento utilizado é obtido de pessoas que são experts naquele domínio.', 2, '2014-08-08 18:37:02', 1);
INSERT INTO "STI"."USER"."ex_questao" (ID_QUESTAO, ENUNCIADO, DIFICULDADE, DATA, ID_USUARIO) VALUES(14, 'Foi desenvolvido para resolver o problema do diagnóstico e tratamento de doenças infecciosas do sangue através de um conjunto de 400 regras. Estamos falando de:', 1, '2014-08-08 18:44:01', 1);
INSERT INTO "STI"."USER"."ex_questao" (ID_QUESTAO, ENUNCIADO, DIFICULDADE, DATA, ID_USUARIO) VALUES(15, 'Sistema que buscava resolver o problema de se inferir as estruturas moleculares de uma substância a partir da informação espectrográfica de massa:', 1, '2014-08-08 18:45:01', 1);
INSERT INTO "STI"."USER"."ex_questao" (ID_QUESTAO, ENUNCIADO, DIFICULDADE, DATA, ID_USUARIO) VALUES(16, 'São componentes de um sistema especialista:', 2, '2014-08-08 18:49:41', 1);
INSERT INTO "STI"."USER"."ex_questao" (ID_QUESTAO, ENUNCIADO, DIFICULDADE, DATA, ID_USUARIO) VALUES(17, 'Relacione as proposições a seguir referentes às etapas para construção de um SE e depois marque a alternativa correta:\r\n1. Definição do domínio do problema\r\n2. Aquisição de conhecimento\r\n3. Organização e representação do conhecimento\r\n4. Implementação do SE\r\n5. Testes e validação\r\n\r\n(      ) O desenvolvimento de um SE se inicia com a especificação do domínio do problema que geralmente ocorre a partir da consulta à algumas fontes de conhecimento, tais como: livros, manuais, relatórios técnicos e principalmente da experiência e conhecimento dos especialistas\r\n(      ) Geralmente são realizados para verificar a validade das regras na base de conhecimento.\r\n(      ) Fase que consiste na coleta e análise de informações de um ou mais especialistas e qualquer outra fonte, possibilitando a produção de documentos.\r\n(      ) Uso de fatos e regras para estruturar o conhecimento coletado.\r\n(      ) Fase onde o analista escolhe uma linguagem de programação ou pacote" (shell) ', 3, '2014-08-08 19:02:34', 1);
INSERT INTO "STI"."USER"."ex_questao" (ID_QUESTAO, ENUNCIADO, DIFICULDADE, DATA, ID_USUARIO) VALUES(18, 'Em um sistema de análise de crédito, é necessário codificar uma regra na base de conhecimento de forma quando a premissa seja tempo de trabalho maior ou igual a 2 anos, a conclusão seja a de conceder 10000 de linha de crédito. Qual a regra abaixo que representa esta especificação?\r\n\r\n1. SE tempo de trabalho <= 2 ENTÃO limite de crédito = 10000\r\n2. SE tempo de trabalho >=2 ENTÃO limite de crédito > 10000\r\n3. SE tempo de trabalho >=2 ENTÃO limite de crédito = 10000\r\n4. SE tempo de trabalho = 2 ENTÃO limite de crédito >= 10000', 3, '2014-08-08 21:06:06', 1);
INSERT INTO "STI"."USER"."ex_questao" (ID_QUESTAO, ENUNCIADO, DIFICULDADE, DATA, ID_USUARIO) VALUES(19, 'Um SE possui as regras abaixo:\r\n\r\n1. SE temperatura > 30 graus E aquecedor = ligado ENTÃO ação = desligue aquecedor\r\n2. SE temperatura < 25 graus E aquecedor = desligado ENTÃO ação = ligue aquecedor\r\n\r\nO que acontecerá para os seguintes fatos:\r\n\r\n1. temperatura = 27 graus\r\n2. temperatura = 31 graus\r\n3. temperatura = 25 graus\r\n4. temperatura = 24 graus\r\n', 3, '2014-08-08 21:14:22', 1);
INSERT INTO "STI"."USER"."ex_questao" (ID_QUESTAO, ENUNCIADO, DIFICULDADE, DATA, ID_USUARIO) VALUES(20, 'Um robô equipado com rodas que se movimenta livremente possui três sensores ultrassom" (um direcionado para a esquerda, outro apontado para frente e o terceiro apontado para a direita) para comparar a distância de algum obstáculo. Suponha que um SE para controle do robô tenha as seguintes regras:\r\n\r\n1. SE sensor_esquerdo > 20 cm E sensor_central > 20 cm E sensor_direita > 20 cm ENTÃO ação = seguir em frente\r\n2. SE sensor_central < 20 cm ENTÃO ação = gire 180 graus\r\n3. SE sensor_esquerdo < 20 cm ENTÃO ação = gire 90 graus para a direita\r\n4. SE sensor_direito < 20 cm ENTÃO ação = gire 90 graus para a esquerda\r\n\r\nSe observarmos que o comportamento do robô é mover-se em frente e girar 180 graus continuamente:\r\n\r\n(      ) as distâncias dos sensores esquerdo e direito são menores do que 20 cm\r\n(      ) as regras 1 e 3 estão sendo executadas continuamente\r\n(      ) as regras 1 e 2 estão sendo executadas continuamente\r\n(      ) o robô está percorrendo continuamente uma trajetória entre obstáculos" (ou paredes) opostos \r\n', 3, '2014-08-08 21:41:04', 1);

INSERT INTO "STI"."USER"."ex_questionario" (ID_QUESTIONARIO, ID_DISCIPLINA, ID_USUARIO, NOTA) VALUES(5, 3, 1, NULL);
INSERT INTO "STI"."USER"."ex_questionario" (ID_QUESTIONARIO, ID_DISCIPLINA, ID_USUARIO, NOTA) VALUES(6, 3, 1, NULL);
INSERT INTO "STI"."USER"."ex_questionario" (ID_QUESTIONARIO, ID_DISCIPLINA, ID_USUARIO, NOTA) VALUES(7, 3, 1, NULL);
INSERT INTO "STI"."USER"."ex_questionario" (ID_QUESTIONARIO, ID_DISCIPLINA, ID_USUARIO, NOTA) VALUES(8, 3, 1, NULL);
INSERT INTO "STI"."USER"."ex_questionario" (ID_QUESTIONARIO, ID_DISCIPLINA, ID_USUARIO, NOTA) VALUES(9, 3, 1, NULL);
INSERT INTO "STI"."USER"."ex_questionario" (ID_QUESTIONARIO, ID_DISCIPLINA, ID_USUARIO, NOTA) VALUES(10, 3, 1, NULL);
INSERT INTO "STI"."USER"."ex_questionario" (ID_QUESTIONARIO, ID_DISCIPLINA, ID_USUARIO, NOTA) VALUES(11, 3, 1, NULL);
INSERT INTO "STI"."USER"."ex_questionario" (ID_QUESTIONARIO, ID_DISCIPLINA, ID_USUARIO, NOTA) VALUES(12, 3, 1, NULL);
INSERT INTO "STI"."USER"."ex_questionario" (ID_QUESTIONARIO, ID_DISCIPLINA, ID_USUARIO, NOTA) VALUES(13, 3, 1, NULL);
INSERT INTO "STI"."USER"."ex_questionario" (ID_QUESTIONARIO, ID_DISCIPLINA, ID_USUARIO, NOTA) VALUES(14, 3, 1, NULL);
INSERT INTO "STI"."USER"."ex_questionario" (ID_QUESTIONARIO, ID_DISCIPLINA, ID_USUARIO, NOTA) VALUES(15, 3, 1, NULL);
INSERT INTO "STI"."USER"."ex_questionario" (ID_QUESTIONARIO, ID_DISCIPLINA, ID_USUARIO, NOTA) VALUES(16, 3, 1, NULL);
INSERT INTO "STI"."USER"."ex_questionario" (ID_QUESTIONARIO, ID_DISCIPLINA, ID_USUARIO, NOTA) VALUES(17, 3, 1, NULL);
INSERT INTO "STI"."USER"."ex_questionario" (ID_QUESTIONARIO, ID_DISCIPLINA, ID_USUARIO, NOTA) VALUES(18, 3, 1, NULL);
INSERT INTO "STI"."USER"."ex_questionario" (ID_QUESTIONARIO, ID_DISCIPLINA, ID_USUARIO, NOTA) VALUES(19, 3, 1, NULL);
INSERT INTO "STI"."USER"."ex_questionario" (ID_QUESTIONARIO, ID_DISCIPLINA, ID_USUARIO, NOTA) VALUES(20, 3, 1, NULL);
INSERT INTO "STI"."USER"."ex_questionario" (ID_QUESTIONARIO, ID_DISCIPLINA, ID_USUARIO, NOTA) VALUES(21, 3, 1, NULL);
INSERT INTO "STI"."USER"."ex_questionario" (ID_QUESTIONARIO, ID_DISCIPLINA, ID_USUARIO, NOTA) VALUES(22, 3, 1, NULL);
INSERT INTO "STI"."USER"."ex_questionario" (ID_QUESTIONARIO, ID_DISCIPLINA, ID_USUARIO, NOTA) VALUES(23, 3, 1, NULL);
INSERT INTO "STI"."USER"."ex_questionario" (ID_QUESTIONARIO, ID_DISCIPLINA, ID_USUARIO, NOTA) VALUES(24, 3, 1, NULL);
INSERT INTO "STI"."USER"."ex_questionario" (ID_QUESTIONARIO, ID_DISCIPLINA, ID_USUARIO, NOTA) VALUES(25, 3, 1, NULL);
INSERT INTO "STI"."USER"."ex_questionario" (ID_QUESTIONARIO, ID_DISCIPLINA, ID_USUARIO, NOTA) VALUES(26, 3, 1, NULL);
INSERT INTO "STI"."USER"."ex_questionario" (ID_QUESTIONARIO, ID_DISCIPLINA, ID_USUARIO, NOTA) VALUES(27, 3, 1, NULL);
INSERT INTO "STI"."USER"."ex_questionario" (ID_QUESTIONARIO, ID_DISCIPLINA, ID_USUARIO, NOTA) VALUES(28, 3, 1, NULL);
INSERT INTO "STI"."USER"."ex_questionario" (ID_QUESTIONARIO, ID_DISCIPLINA, ID_USUARIO, NOTA) VALUES(29, 3, 1, NULL);
INSERT INTO "STI"."USER"."ex_questionario" (ID_QUESTIONARIO, ID_DISCIPLINA, ID_USUARIO, NOTA) VALUES(30, 3, 1, NULL);
INSERT INTO "STI"."USER"."ex_questionario" (ID_QUESTIONARIO, ID_DISCIPLINA, ID_USUARIO, NOTA) VALUES(31, 3, 1, NULL);
INSERT INTO "STI"."USER"."ex_questionario" (ID_QUESTIONARIO, ID_DISCIPLINA, ID_USUARIO, NOTA) VALUES(32, 3, 1, NULL);
INSERT INTO "STI"."USER"."ex_questionario" (ID_QUESTIONARIO, ID_DISCIPLINA, ID_USUARIO, NOTA) VALUES(33, 3, 1, NULL);
INSERT INTO "STI"."USER"."ex_questionario" (ID_QUESTIONARIO, ID_DISCIPLINA, ID_USUARIO, NOTA) VALUES(34, 3, 1, NULL);
INSERT INTO "STI"."USER"."ex_questionario" (ID_QUESTIONARIO, ID_DISCIPLINA, ID_USUARIO, NOTA) VALUES(35, 3, 1, NULL);
INSERT INTO "STI"."USER"."ex_questionario" (ID_QUESTIONARIO, ID_DISCIPLINA, ID_USUARIO, NOTA) VALUES(36, 3, 1, NULL);
INSERT INTO "STI"."USER"."ex_questionario" (ID_QUESTIONARIO, ID_DISCIPLINA, ID_USUARIO, NOTA) VALUES(37, 3, 1, NULL);
INSERT INTO "STI"."USER"."ex_questionario" (ID_QUESTIONARIO, ID_DISCIPLINA, ID_USUARIO, NOTA) VALUES(38, 3, 1, NULL);
INSERT INTO "STI"."USER"."ex_questionario" (ID_QUESTIONARIO, ID_DISCIPLINA, ID_USUARIO, NOTA) VALUES(39, 3, 1, NULL);
INSERT INTO "STI"."USER"."ex_questionario" (ID_QUESTIONARIO, ID_DISCIPLINA, ID_USUARIO, NOTA) VALUES(40, 3, 1, NULL);
INSERT INTO "STI"."USER"."ex_questionario" (ID_QUESTIONARIO, ID_DISCIPLINA, ID_USUARIO, NOTA) VALUES(41, 3, 1, NULL);
INSERT INTO "STI"."USER"."ex_questionario" (ID_QUESTIONARIO, ID_DISCIPLINA, ID_USUARIO, NOTA) VALUES(42, 3, 1, NULL);
INSERT INTO "STI"."USER"."ex_questionario" (ID_QUESTIONARIO, ID_DISCIPLINA, ID_USUARIO, NOTA) VALUES(43, 3, 1, NULL);
INSERT INTO "STI"."USER"."ex_questionario" (ID_QUESTIONARIO, ID_DISCIPLINA, ID_USUARIO, NOTA) VALUES(44, 3, 1, NULL);
INSERT INTO "STI"."USER"."ex_questionario" (ID_QUESTIONARIO, ID_DISCIPLINA, ID_USUARIO, NOTA) VALUES(45, 3, 1, NULL);
INSERT INTO "STI"."USER"."ex_questionario" (ID_QUESTIONARIO, ID_DISCIPLINA, ID_USUARIO, NOTA) VALUES(46, 3, 1, NULL);
INSERT INTO "STI"."USER"."ex_questionario" (ID_QUESTIONARIO, ID_DISCIPLINA, ID_USUARIO, NOTA) VALUES(47, 3, 1, NULL);
INSERT INTO "STI"."USER"."ex_questionario" (ID_QUESTIONARIO, ID_DISCIPLINA, ID_USUARIO, NOTA) VALUES(48, 3, 1, NULL);
INSERT INTO "STI"."USER"."ex_questionario" (ID_QUESTIONARIO, ID_DISCIPLINA, ID_USUARIO, NOTA) VALUES(49, 3, 1, NULL);
INSERT INTO "STI"."USER"."ex_questionario" (ID_QUESTIONARIO, ID_DISCIPLINA, ID_USUARIO, NOTA) VALUES(50, 3, 1, NULL);
INSERT INTO "STI"."USER"."ex_questionario" (ID_QUESTIONARIO, ID_DISCIPLINA, ID_USUARIO, NOTA) VALUES(51, 3, 1, NULL);
INSERT INTO "STI"."USER"."ex_questionario" (ID_QUESTIONARIO, ID_DISCIPLINA, ID_USUARIO, NOTA) VALUES(52, 3, 1, NULL);

INSERT INTO "STI"."USER"."ex_questionario_temp" (ID_QUESTIONARIO, ID_DISCIPLINA, ID_USUARIO, ID_QUESTAO, ENUNCIADO, ID_ALTERNATIVA, FRASE, CORRETA, FEEDBACK) VALUES(5, 3, 1, 5, ' A definição de IA, "a Inteligência Computacional é o estudo do projeto de agentes inteligentes", refere-se a:', 18, 'pensar racionalmente', 0, 'Incorreto.');
INSERT INTO "STI"."USER"."ex_questionario_temp" (ID_QUESTIONARIO, ID_DISCIPLINA, ID_USUARIO, ID_QUESTAO, ENUNCIADO, ID_ALTERNATIVA, FRASE, CORRETA, FEEDBACK) VALUES(5, 3, 1, 5, ' A definição de IA, "a Inteligência Computacional é o estudo do projeto de agentes inteligentes", refere-se a:', 20, 'agir racionalmente', 1, 'Correto.');
INSERT INTO "STI"."USER"."ex_questionario_temp" (ID_QUESTIONARIO, ID_DISCIPLINA, ID_USUARIO, ID_QUESTAO, ENUNCIADO, ID_ALTERNATIVA, FRASE, CORRETA, FEEDBACK) VALUES(5, 3, 1, 5, ' A definição de IA, "a Inteligência Computacional é o estudo do projeto de agentes inteligentes", refere-se a:', 19, 'agir como ser humano', 0, 'Incorreto.');
INSERT INTO "STI"."USER"."ex_questionario_temp" (ID_QUESTIONARIO, ID_DISCIPLINA, ID_USUARIO, ID_QUESTAO, ENUNCIADO, ID_ALTERNATIVA, FRASE, CORRETA, FEEDBACK) VALUES(5, 3, 1, 5, ' A definição de IA, "a Inteligência Computacional é o estudo do projeto de agentes inteligentes", refere-se a:', 17, 'pensar como ser humano', 0, 'Incorreto.');
INSERT INTO "STI"."USER"."ex_questionario_temp" (ID_QUESTIONARIO, ID_DISCIPLINA, ID_USUARIO, ID_QUESTAO, ENUNCIADO, ID_ALTERNATIVA, FRASE, CORRETA, FEEDBACK) VALUES(5, 3, 1, 3, 'A definição:  "o estudo das faculdades mentais pelo uso de modelos computacionais", refere-se ao quadrante:', 9, 'pensar como ser humano', 0, 'Incorreto.');
INSERT INTO "STI"."USER"."ex_questionario_temp" (ID_QUESTIONARIO, ID_DISCIPLINA, ID_USUARIO, ID_QUESTAO, ENUNCIADO, ID_ALTERNATIVA, FRASE, CORRETA, FEEDBACK) VALUES(5, 3, 1, 3, 'A definição:  "o estudo das faculdades mentais pelo uso de modelos computacionais", refere-se ao quadrante:', 10, 'pensar racionalmente', 1, 'Correto.');
INSERT INTO "STI"."USER"."ex_questionario_temp" (ID_QUESTIONARIO, ID_DISCIPLINA, ID_USUARIO, ID_QUESTAO, ENUNCIADO, ID_ALTERNATIVA, FRASE, CORRETA, FEEDBACK) VALUES(5, 3, 1, 3, 'A definição:  "o estudo das faculdades mentais pelo uso de modelos computacionais", refere-se ao quadrante:', 12, 'agir racionalmente', 0, 'Incorreto.');
INSERT INTO "STI"."USER"."ex_questionario_temp" (ID_QUESTIONARIO, ID_DISCIPLINA, ID_USUARIO, ID_QUESTAO, ENUNCIADO, ID_ALTERNATIVA, FRASE, CORRETA, FEEDBACK) VALUES(5, 3, 1, 3, 'A definição:  "o estudo das faculdades mentais pelo uso de modelos computacionais", refere-se ao quadrante:', 11, 'agir como ser humano', 0, 'Incorreto.');
INSERT INTO "STI"."USER"."ex_questionario_temp" (ID_QUESTIONARIO, ID_DISCIPLINA, ID_USUARIO, ID_QUESTAO, ENUNCIADO, ID_ALTERNATIVA, FRASE, CORRETA, FEEDBACK) VALUES(6, 3, 1, 7, 'Problemas que podem ser resolvidos na teoria, mas na prática levam muito tempo para que suas soluções sejam úteis. Estamos falando de:', 28, 'intratabilidade', 1, 'Correto.');
INSERT INTO "STI"."USER"."ex_questionario_temp" (ID_QUESTIONARIO, ID_DISCIPLINA, ID_USUARIO, ID_QUESTAO, ENUNCIADO, ID_ALTERNATIVA, FRASE, CORRETA, FEEDBACK) VALUES(6, 3, 1, 7, 'Problemas que podem ser resolvidos na teoria, mas na prática levam muito tempo para que suas soluções sejam úteis. Estamos falando de:', 25, 'pensar como ser humano', 0, 'Incorreto.');
INSERT INTO "STI"."USER"."ex_questionario_temp" (ID_QUESTIONARIO, ID_DISCIPLINA, ID_USUARIO, ID_QUESTAO, ENUNCIADO, ID_ALTERNATIVA, FRASE, CORRETA, FEEDBACK) VALUES(6, 3, 1, 7, 'Problemas que podem ser resolvidos na teoria, mas na prática levam muito tempo para que suas soluções sejam úteis. Estamos falando de:', 26, 'agir racionalmente', 0, 'Incorreto.');
INSERT INTO "STI"."USER"."ex_questionario_temp" (ID_QUESTIONARIO, ID_DISCIPLINA, ID_USUARIO, ID_QUESTAO, ENUNCIADO, ID_ALTERNATIVA, FRASE, CORRETA, FEEDBACK) VALUES(6, 3, 1, 7, 'Problemas que podem ser resolvidos na teoria, mas na prática levam muito tempo para que suas soluções sejam úteis. Estamos falando de:', 27, 'linha simbólica', 0, 'Incorreto.');
INSERT INTO "STI"."USER"."ex_questionario_temp" (ID_QUESTIONARIO, ID_DISCIPLINA, ID_USUARIO, ID_QUESTAO, ENUNCIADO, ID_ALTERNATIVA, FRASE, CORRETA, FEEDBACK) VALUES(6, 3, 1, 5, ' A definição de IA, "a Inteligência Computacional é o estudo do projeto de agentes inteligentes", refere-se a:', 19, 'agir como ser humano', 0, 'Incorreto.');
INSERT INTO "STI"."USER"."ex_questionario_temp" (ID_QUESTIONARIO, ID_DISCIPLINA, ID_USUARIO, ID_QUESTAO, ENUNCIADO, ID_ALTERNATIVA, FRASE, CORRETA, FEEDBACK) VALUES(6, 3, 1, 5, ' A definição de IA, "a Inteligência Computacional é o estudo do projeto de agentes inteligentes", refere-se a:', 17, 'pensar como ser humano', 0, 'Incorreto.');
INSERT INTO "STI"."USER"."ex_questionario_temp" (ID_QUESTIONARIO, ID_DISCIPLINA, ID_USUARIO, ID_QUESTAO, ENUNCIADO, ID_ALTERNATIVA, FRASE, CORRETA, FEEDBACK) VALUES(6, 3, 1, 5, ' A definição de IA, "a Inteligência Computacional é o estudo do projeto de agentes inteligentes", refere-se a:', 18, 'pensar racionalmente', 0, 'Incorreto.');
INSERT INTO "STI"."USER"."ex_questionario_temp" (ID_QUESTIONARIO, ID_DISCIPLINA, ID_USUARIO, ID_QUESTAO, ENUNCIADO, ID_ALTERNATIVA, FRASE, CORRETA, FEEDBACK) VALUES(6, 3, 1, 5, ' A definição de IA, "a Inteligência Computacional é o estudo do projeto de agentes inteligentes", refere-se a:', 20, 'agir racionalmente', 1, 'Correto.');
INSERT INTO "STI"."USER"."ex_questionario_temp" (ID_QUESTIONARIO, ID_DISCIPLINA, ID_USUARIO, ID_QUESTAO, ENUNCIADO, ID_ALTERNATIVA, FRASE, CORRETA, FEEDBACK) VALUES(7, 3, 1, 4, '"A arte de criar máquinas que executam funções que exigem inteligência quando executadas por pessoas" refere-se ao seguinte quadrante:', 13, 'pensar como ser humano', 0, 'Incorreto.');
INSERT INTO "STI"."USER"."ex_questionario_temp" (ID_QUESTIONARIO, ID_DISCIPLINA, ID_USUARIO, ID_QUESTAO, ENUNCIADO, ID_ALTERNATIVA, FRASE, CORRETA, FEEDBACK) VALUES(7, 3, 1, 4, '"A arte de criar máquinas que executam funções que exigem inteligência quando executadas por pessoas" refere-se ao seguinte quadrante:', 14, 'pensar racionalmente', 0, 'Incorreto.');
INSERT INTO "STI"."USER"."ex_questionario_temp" (ID_QUESTIONARIO, ID_DISCIPLINA, ID_USUARIO, ID_QUESTAO, ENUNCIADO, ID_ALTERNATIVA, FRASE, CORRETA, FEEDBACK) VALUES(7, 3, 1, 4, '"A arte de criar máquinas que executam funções que exigem inteligência quando executadas por pessoas" refere-se ao seguinte quadrante:', 16, 'agir racionalmente', 0, 'Incorreto.');
INSERT INTO "STI"."USER"."ex_questionario_temp" (ID_QUESTIONARIO, ID_DISCIPLINA, ID_USUARIO, ID_QUESTAO, ENUNCIADO, ID_ALTERNATIVA, FRASE, CORRETA, FEEDBACK) VALUES(7, 3, 1, 4, '"A arte de criar máquinas que executam funções que exigem inteligência quando executadas por pessoas" refere-se ao seguinte quadrante:', 15, 'agir como ser humano', 1, 'Correto.');
INSERT INTO "STI"."USER"."ex_questionario_temp" (ID_QUESTIONARIO, ID_DISCIPLINA, ID_USUARIO, ID_QUESTAO, ENUNCIADO, ID_ALTERNATIVA, FRASE, CORRETA, FEEDBACK) VALUES(7, 3, 1, 7, 'Problemas que podem ser resolvidos na teoria, mas na prática levam muito tempo para que suas soluções sejam úteis. Estamos falando de:', 27, 'linha simbólica', 0, 'Incorreto.');
INSERT INTO "STI"."USER"."ex_questionario_temp" (ID_QUESTIONARIO, ID_DISCIPLINA, ID_USUARIO, ID_QUESTAO, ENUNCIADO, ID_ALTERNATIVA, FRASE, CORRETA, FEEDBACK) VALUES(7, 3, 1, 7, 'Problemas que podem ser resolvidos na teoria, mas na prática levam muito tempo para que suas soluções sejam úteis. Estamos falando de:', 26, 'agir racionalmente', 0, 'Incorreto.');
INSERT INTO "STI"."USER"."ex_questionario_temp" (ID_QUESTIONARIO, ID_DISCIPLINA, ID_USUARIO, ID_QUESTAO, ENUNCIADO, ID_ALTERNATIVA, FRASE, CORRETA, FEEDBACK) VALUES(7, 3, 1, 7, 'Problemas que podem ser resolvidos na teoria, mas na prática levam muito tempo para que suas soluções sejam úteis. Estamos falando de:', 28, 'intratabilidade', 1, 'Correto.');
INSERT INTO "STI"."USER"."ex_questionario_temp" (ID_QUESTIONARIO, ID_DISCIPLINA, ID_USUARIO, ID_QUESTAO, ENUNCIADO, ID_ALTERNATIVA, FRASE, CORRETA, FEEDBACK) VALUES(7, 3, 1, 7, 'Problemas que podem ser resolvidos na teoria, mas na prática levam muito tempo para que suas soluções sejam úteis. Estamos falando de:', 25, 'pensar como ser humano', 0, 'Incorreto.');
INSERT INTO "STI"."USER"."ex_questionario_temp" (ID_QUESTIONARIO, ID_DISCIPLINA, ID_USUARIO, ID_QUESTAO, ENUNCIADO, ID_ALTERNATIVA, FRASE, CORRETA, FEEDBACK) VALUES(8, 3, 1, 8, 'Quando a complexidade do problema tende a crescer de forma exponencial com o aumento das instâncias do problema, estamos falando de:', 29, 'agir como ser humano', 0, 'Incorreto.');
INSERT INTO "STI"."USER"."ex_questionario_temp" (ID_QUESTIONARIO, ID_DISCIPLINA, ID_USUARIO, ID_QUESTAO, ENUNCIADO, ID_ALTERNATIVA, FRASE, CORRETA, FEEDBACK) VALUES(8, 3, 1, 8, 'Quando a complexidade do problema tende a crescer de forma exponencial com o aumento das instâncias do problema, estamos falando de:', 31, 'lógica modal', 0, 'Incorreto.');
INSERT INTO "STI"."USER"."ex_questionario_temp" (ID_QUESTIONARIO, ID_DISCIPLINA, ID_USUARIO, ID_QUESTAO, ENUNCIADO, ID_ALTERNATIVA, FRASE, CORRETA, FEEDBACK) VALUES(8, 3, 1, 8, 'Quando a complexidade do problema tende a crescer de forma exponencial com o aumento das instâncias do problema, estamos falando de:', 30, 'explosão combinatória', 1, 'Correto.');
INSERT INTO "STI"."USER"."ex_questionario_temp" (ID_QUESTIONARIO, ID_DISCIPLINA, ID_USUARIO, ID_QUESTAO, ENUNCIADO, ID_ALTERNATIVA, FRASE, CORRETA, FEEDBACK) VALUES(8, 3, 1, 8, 'Quando a complexidade do problema tende a crescer de forma exponencial com o aumento das instâncias do problema, estamos falando de:', 32, 'neurociência cognitiva', 0, 'Incorreto.');
INSERT INTO "STI"."USER"."ex_questionario_temp" (ID_QUESTIONARIO, ID_DISCIPLINA, ID_USUARIO, ID_QUESTAO, ENUNCIADO, ID_ALTERNATIVA, FRASE, CORRETA, FEEDBACK) VALUES(8, 3, 1, 6, 'Assinale com V para verdadeiro e F para falso, e depois marque a alternativa correta:\r\n\r\n(    ) A Filosofia é uma das ciências da IA\r\n(    ) A Eletricidade é uma das ciências da IA\r\n(    ) Pensar como ser humano é um dos quadrantes das definições de IA\r\n(    ) Pensar como máquina é um dos quadrantes das definições da IA\r\n', 23, 'V-F-V-F', 1, 'Correto.');
INSERT INTO "STI"."USER"."ex_questionario_temp" (ID_QUESTIONARIO, ID_DISCIPLINA, ID_USUARIO, ID_QUESTAO, ENUNCIADO, ID_ALTERNATIVA, FRASE, CORRETA, FEEDBACK) VALUES(8, 3, 1, 6, 'Assinale com V para verdadeiro e F para falso, e depois marque a alternativa correta:\r\n\r\n(    ) A Filosofia é uma das ciências da IA\r\n(    ) A Eletricidade é uma das ciências da IA\r\n(    ) Pensar como ser humano é um dos quadrantes das definições de IA\r\n(    ) Pensar como máquina é um dos quadrantes das definições da IA\r\n', 22, 'V-V-V-F', 0, 'Incorreto.');
INSERT INTO "STI"."USER"."ex_questionario_temp" (ID_QUESTIONARIO, ID_DISCIPLINA, ID_USUARIO, ID_QUESTAO, ENUNCIADO, ID_ALTERNATIVA, FRASE, CORRETA, FEEDBACK) VALUES(8, 3, 1, 6, 'Assinale com V para verdadeiro e F para falso, e depois marque a alternativa correta:\r\n\r\n(    ) A Filosofia é uma das ciências da IA\r\n(    ) A Eletricidade é uma das ciências da IA\r\n(    ) Pensar como ser humano é um dos quadrantes das definições de IA\r\n(    ) Pensar como máquina é um dos quadrantes das definições da IA\r\n', 21, 'V-F-V-V', 0, 'Incorreto.');
INSERT INTO "STI"."USER"."ex_questionario_temp" (ID_QUESTIONARIO, ID_DISCIPLINA, ID_USUARIO, ID_QUESTAO, ENUNCIADO, ID_ALTERNATIVA, FRASE, CORRETA, FEEDBACK) VALUES(8, 3, 1, 6, 'Assinale com V para verdadeiro e F para falso, e depois marque a alternativa correta:\r\n\r\n(    ) A Filosofia é uma das ciências da IA\r\n(    ) A Eletricidade é uma das ciências da IA\r\n(    ) Pensar como ser humano é um dos quadrantes das definições de IA\r\n(    ) Pensar como máquina é um dos quadrantes das definições da IA\r\n', 24, 'F-F-V-F', 0, 'Incorreto.');
INSERT INTO "STI"."USER"."ex_questionario_temp" (ID_QUESTIONARIO, ID_DISCIPLINA, ID_USUARIO, ID_QUESTAO, ENUNCIADO, ID_ALTERNATIVA, FRASE, CORRETA, FEEDBACK) VALUES(9, 3, 1, 7, 'Problemas que podem ser resolvidos na teoria, mas na prática levam muito tempo para que suas soluções sejam úteis. Estamos falando de:', 27, 'linha simbólica', 0, 'Incorreto.');
INSERT INTO "STI"."USER"."ex_questionario_temp" (ID_QUESTIONARIO, ID_DISCIPLINA, ID_USUARIO, ID_QUESTAO, ENUNCIADO, ID_ALTERNATIVA, FRASE, CORRETA, FEEDBACK) VALUES(9, 3, 1, 7, 'Problemas que podem ser resolvidos na teoria, mas na prática levam muito tempo para que suas soluções sejam úteis. Estamos falando de:', 25, 'pensar como ser humano', 0, 'Incorreto.');
INSERT INTO "STI"."USER"."ex_questionario_temp" (ID_QUESTIONARIO, ID_DISCIPLINA, ID_USUARIO, ID_QUESTAO, ENUNCIADO, ID_ALTERNATIVA, FRASE, CORRETA, FEEDBACK) VALUES(9, 3, 1, 7, 'Problemas que podem ser resolvidos na teoria, mas na prática levam muito tempo para que suas soluções sejam úteis. Estamos falando de:', 26, 'agir racionalmente', 0, 'Incorreto.');
INSERT INTO "STI"."USER"."ex_questionario_temp" (ID_QUESTIONARIO, ID_DISCIPLINA, ID_USUARIO, ID_QUESTAO, ENUNCIADO, ID_ALTERNATIVA, FRASE, CORRETA, FEEDBACK) VALUES(9, 3, 1, 7, 'Problemas que podem ser resolvidos na teoria, mas na prática levam muito tempo para que suas soluções sejam úteis. Estamos falando de:', 28, 'intratabilidade', 1, 'Correto.');
INSERT INTO "STI"."USER"."ex_questionario_temp" (ID_QUESTIONARIO, ID_DISCIPLINA, ID_USUARIO, ID_QUESTAO, ENUNCIADO, ID_ALTERNATIVA, FRASE, CORRETA, FEEDBACK) VALUES(9, 3, 1, 2, 'A seguinte definição: "[Automatização de] atividades que associamos ao pensamento humano, atividades como a tomada de decisões, a resolução de problemas, o aprendizado"; refere-se a:', 6, 'pensar racionalmente', 0, 'Incorreto.');
INSERT INTO "STI"."USER"."ex_questionario_temp" (ID_QUESTIONARIO, ID_DISCIPLINA, ID_USUARIO, ID_QUESTAO, ENUNCIADO, ID_ALTERNATIVA, FRASE, CORRETA, FEEDBACK) VALUES(9, 3, 1, 2, 'A seguinte definição: "[Automatização de] atividades que associamos ao pensamento humano, atividades como a tomada de decisões, a resolução de problemas, o aprendizado"; refere-se a:', 7, 'agir como ser humano', 0, 'Incorreto.');
INSERT INTO "STI"."USER"."ex_questionario_temp" (ID_QUESTIONARIO, ID_DISCIPLINA, ID_USUARIO, ID_QUESTAO, ENUNCIADO, ID_ALTERNATIVA, FRASE, CORRETA, FEEDBACK) VALUES(9, 3, 1, 2, 'A seguinte definição: "[Automatização de] atividades que associamos ao pensamento humano, atividades como a tomada de decisões, a resolução de problemas, o aprendizado"; refere-se a:', 5, 'pensar como ser humano', 1, 'Correto.');
INSERT INTO "STI"."USER"."ex_questionario_temp" (ID_QUESTIONARIO, ID_DISCIPLINA, ID_USUARIO, ID_QUESTAO, ENUNCIADO, ID_ALTERNATIVA, FRASE, CORRETA, FEEDBACK) VALUES(9, 3, 1, 2, 'A seguinte definição: "[Automatização de] atividades que associamos ao pensamento humano, atividades como a tomada de decisões, a resolução de problemas, o aprendizado"; refere-se a:', 8, 'agir racionalmente', 0, 'Incorreto.');
INSERT INTO "STI"."USER"."ex_questionario_temp" (ID_QUESTIONARIO, ID_DISCIPLINA, ID_USUARIO, ID_QUESTAO, ENUNCIADO, ID_ALTERNATIVA, FRASE, CORRETA, FEEDBACK) VALUES(10, 3, 1, 2, 'A seguinte definição: "[Automatização de] atividades que associamos ao pensamento humano, atividades como a tomada de decisões, a resolução de problemas, o aprendizado"; refere-se a:', 6, 'pensar racionalmente', 0, 'Incorreto.');
INSERT INTO "STI"."USER"."ex_questionario_temp" (ID_QUESTIONARIO, ID_DISCIPLINA, ID_USUARIO, ID_QUESTAO, ENUNCIADO, ID_ALTERNATIVA, FRASE, CORRETA, FEEDBACK) VALUES(10, 3, 1, 2, 'A seguinte definição: "[Automatização de] atividades que associamos ao pensamento humano, atividades como a tomada de decisões, a resolução de problemas, o aprendizado"; refere-se a:', 7, 'agir como ser humano', 0, 'Incorreto.');
INSERT INTO "STI"."USER"."ex_questionario_temp" (ID_QUESTIONARIO, ID_DISCIPLINA, ID_USUARIO, ID_QUESTAO, ENUNCIADO, ID_ALTERNATIVA, FRASE, CORRETA, FEEDBACK) VALUES(10, 3, 1, 2, 'A seguinte definição: "[Automatização de] atividades que associamos ao pensamento humano, atividades como a tomada de decisões, a resolução de problemas, o aprendizado"; refere-se a:', 8, 'agir racionalmente', 0, 'Incorreto.');
INSERT INTO "STI"."USER"."ex_questionario_temp" (ID_QUESTIONARIO, ID_DISCIPLINA, ID_USUARIO, ID_QUESTAO, ENUNCIADO, ID_ALTERNATIVA, FRASE, CORRETA, FEEDBACK) VALUES(10, 3, 1, 2, 'A seguinte definição: "[Automatização de] atividades que associamos ao pensamento humano, atividades como a tomada de decisões, a resolução de problemas, o aprendizado"; refere-se a:', 5, 'pensar como ser humano', 1, 'Correto.');
INSERT INTO "STI"."USER"."ex_questionario_temp" (ID_QUESTIONARIO, ID_DISCIPLINA, ID_USUARIO, ID_QUESTAO, ENUNCIADO, ID_ALTERNATIVA, FRASE, CORRETA, FEEDBACK) VALUES(10, 3, 1, 7, 'Problemas que podem ser resolvidos na teoria, mas na prática levam muito tempo para que suas soluções sejam úteis. Estamos falando de:', 27, 'linha simbólica', 0, 'Incorreto.');
INSERT INTO "STI"."USER"."ex_questionario_temp" (ID_QUESTIONARIO, ID_DISCIPLINA, ID_USUARIO, ID_QUESTAO, ENUNCIADO, ID_ALTERNATIVA, FRASE, CORRETA, FEEDBACK) VALUES(10, 3, 1, 7, 'Problemas que podem ser resolvidos na teoria, mas na prática levam muito tempo para que suas soluções sejam úteis. Estamos falando de:', 28, 'intratabilidade', 1, 'Correto.');
INSERT INTO "STI"."USER"."ex_questionario_temp" (ID_QUESTIONARIO, ID_DISCIPLINA, ID_USUARIO, ID_QUESTAO, ENUNCIADO, ID_ALTERNATIVA, FRASE, CORRETA, FEEDBACK) VALUES(10, 3, 1, 7, 'Problemas que podem ser resolvidos na teoria, mas na prática levam muito tempo para que suas soluções sejam úteis. Estamos falando de:', 25, 'pensar como ser humano', 0, 'Incorreto.');
INSERT INTO "STI"."USER"."ex_questionario_temp" (ID_QUESTIONARIO, ID_DISCIPLINA, ID_USUARIO, ID_QUESTAO, ENUNCIADO, ID_ALTERNATIVA, FRASE, CORRETA, FEEDBACK) VALUES(10, 3, 1, 7, 'Problemas que podem ser resolvidos na teoria, mas na prática levam muito tempo para que suas soluções sejam úteis. Estamos falando de:', 26, 'agir racionalmente', 0, 'Incorreto.');
INSERT INTO "STI"."USER"."ex_questionario_temp" (ID_QUESTIONARIO, ID_DISCIPLINA, ID_USUARIO, ID_QUESTAO, ENUNCIADO, ID_ALTERNATIVA, FRASE, CORRETA, FEEDBACK) VALUES(11, 3, 1, 10, 'Sistemas especialistas são um exemplo da linha de pesquisa:', 40, 'racional', 0, 'Incorreto.');
INSERT INTO "STI"."USER"."ex_questionario_temp" (ID_QUESTIONARIO, ID_DISCIPLINA, ID_USUARIO, ID_QUESTAO, ENUNCIADO, ID_ALTERNATIVA, FRASE, CORRETA, FEEDBACK) VALUES(11, 3, 1, 10, 'Sistemas especialistas são um exemplo da linha de pesquisa:', 38, 'conexionista', 0, 'Incorreto.');
INSERT INTO "STI"."USER"."ex_questionario_temp" (ID_QUESTIONARIO, ID_DISCIPLINA, ID_USUARIO, ID_QUESTAO, ENUNCIADO, ID_ALTERNATIVA, FRASE, CORRETA, FEEDBACK) VALUES(11, 3, 1, 10, 'Sistemas especialistas são um exemplo da linha de pesquisa:', 39, 'evolucionária', 0, 'Incorreto.');
INSERT INTO "STI"."USER"."ex_questionario_temp" (ID_QUESTIONARIO, ID_DISCIPLINA, ID_USUARIO, ID_QUESTAO, ENUNCIADO, ID_ALTERNATIVA, FRASE, CORRETA, FEEDBACK) VALUES(11, 3, 1, 10, 'Sistemas especialistas são um exemplo da linha de pesquisa:', 37, 'simbólica', 1, 'Correto.');
INSERT INTO "STI"."USER"."ex_questionario_temp" (ID_QUESTIONARIO, ID_DISCIPLINA, ID_USUARIO, ID_QUESTAO, ENUNCIADO, ID_ALTERNATIVA, FRASE, CORRETA, FEEDBACK) VALUES(11, 3, 1, 6, 'Assinale com V para verdadeiro e F para falso, e depois marque a alternativa correta:\r\n\r\n(    ) A Filosofia é uma das ciências da IA\r\n(    ) A Eletricidade é uma das ciências da IA\r\n(    ) Pensar como ser humano é um dos quadrantes das definições de IA\r\n(    ) Pensar como máquina é um dos quadrantes das definições da IA\r\n', 22, 'V-V-V-F', 0, 'Incorreto.');
INSERT INTO "STI"."USER"."ex_questionario_temp" (ID_QUESTIONARIO, ID_DISCIPLINA, ID_USUARIO, ID_QUESTAO, ENUNCIADO, ID_ALTERNATIVA, FRASE, CORRETA, FEEDBACK) VALUES(11, 3, 1, 6, 'Assinale com V para verdadeiro e F para falso, e depois marque a alternativa correta:\r\n\r\n(    ) A Filosofia é uma das ciências da IA\r\n(    ) A Eletricidade é uma das ciências da IA\r\n(    ) Pensar como ser humano é um dos quadrantes das definições de IA\r\n(    ) Pensar como máquina é um dos quadrantes das definições da IA\r\n', 23, 'V-F-V-F', 1, 'Correto.');
INSERT INTO "STI"."USER"."ex_questionario_temp" (ID_QUESTIONARIO, ID_DISCIPLINA, ID_USUARIO, ID_QUESTAO, ENUNCIADO, ID_ALTERNATIVA, FRASE, CORRETA, FEEDBACK) VALUES(11, 3, 1, 6, 'Assinale com V para verdadeiro e F para falso, e depois marque a alternativa correta:\r\n\r\n(    ) A Filosofia é uma das ciências da IA\r\n(    ) A Eletricidade é uma das ciências da IA\r\n(    ) Pensar como ser humano é um dos quadrantes das definições de IA\r\n(    ) Pensar como máquina é um dos quadrantes das definições da IA\r\n', 21, 'V-F-V-V', 0, 'Incorreto.');
INSERT INTO "STI"."USER"."ex_questionario_temp" (ID_QUESTIONARIO, ID_DISCIPLINA, ID_USUARIO, ID_QUESTAO, ENUNCIADO, ID_ALTERNATIVA, FRASE, CORRETA, FEEDBACK) VALUES(11, 3, 1, 6, 'Assinale com V para verdadeiro e F para falso, e depois marque a alternativa correta:\r\n\r\n(    ) A Filosofia é uma das ciências da IA\r\n(    ) A Eletricidade é uma das ciências da IA\r\n(    ) Pensar como ser humano é um dos quadrantes das definições de IA\r\n(    ) Pensar como máquina é um dos quadrantes das definições da IA\r\n', 24, 'F-F-V-F', 0, 'Incorreto.');
INSERT INTO "STI"."USER"."ex_questionario_temp" (ID_QUESTIONARIO, ID_DISCIPLINA, ID_USUARIO, ID_QUESTAO, ENUNCIADO, ID_ALTERNATIVA, FRASE, CORRETA, FEEDBACK) VALUES(12, 3, 1, 1, 'Quais são as dimensões da IA?', 3, 'processos de pensamento e processos de comportamento', 1, 'Correto.');
INSERT INTO "STI"."USER"."ex_questionario_temp" (ID_QUESTIONARIO, ID_DISCIPLINA, ID_USUARIO, ID_QUESTAO, ENUNCIADO, ID_ALTERNATIVA, FRASE, CORRETA, FEEDBACK) VALUES(12, 3, 1, 1, 'Quais são as dimensões da IA?', 4, 'processos de raciocínio e processos de imaginação', 0, 'Incorreto.');
INSERT INTO "STI"."USER"."ex_questionario_temp" (ID_QUESTIONARIO, ID_DISCIPLINA, ID_USUARIO, ID_QUESTAO, ENUNCIADO, ID_ALTERNATIVA, FRASE, CORRETA, FEEDBACK) VALUES(12, 3, 1, 1, 'Quais são as dimensões da IA?', 1, 'processos de pensamento e processos de raciocínio', 0, 'Incorreto.');
INSERT INTO "STI"."USER"."ex_questionario_temp" (ID_QUESTIONARIO, ID_DISCIPLINA, ID_USUARIO, ID_QUESTAO, ENUNCIADO, ID_ALTERNATIVA, FRASE, CORRETA, FEEDBACK) VALUES(12, 3, 1, 1, 'Quais são as dimensões da IA?', 2, 'processos de planejamento e processos de execução', 0, 'Incorreto.');
INSERT INTO "STI"."USER"."ex_questionario_temp" (ID_QUESTIONARIO, ID_DISCIPLINA, ID_USUARIO, ID_QUESTAO, ENUNCIADO, ID_ALTERNATIVA, FRASE, CORRETA, FEEDBACK) VALUES(12, 3, 1, 3, 'A definição:  "o estudo das faculdades mentais pelo uso de modelos computacionais", refere-se ao quadrante:', 10, 'pensar racionalmente', 1, 'Correto.');
INSERT INTO "STI"."USER"."ex_questionario_temp" (ID_QUESTIONARIO, ID_DISCIPLINA, ID_USUARIO, ID_QUESTAO, ENUNCIADO, ID_ALTERNATIVA, FRASE, CORRETA, FEEDBACK) VALUES(12, 3, 1, 3, 'A definição:  "o estudo das faculdades mentais pelo uso de modelos computacionais", refere-se ao quadrante:', 12, 'agir racionalmente', 0, 'Incorreto.');
INSERT INTO "STI"."USER"."ex_questionario_temp" (ID_QUESTIONARIO, ID_DISCIPLINA, ID_USUARIO, ID_QUESTAO, ENUNCIADO, ID_ALTERNATIVA, FRASE, CORRETA, FEEDBACK) VALUES(12, 3, 1, 3, 'A definição:  "o estudo das faculdades mentais pelo uso de modelos computacionais", refere-se ao quadrante:', 11, 'agir como ser humano', 0, 'Incorreto.');
INSERT INTO "STI"."USER"."ex_questionario_temp" (ID_QUESTIONARIO, ID_DISCIPLINA, ID_USUARIO, ID_QUESTAO, ENUNCIADO, ID_ALTERNATIVA, FRASE, CORRETA, FEEDBACK) VALUES(12, 3, 1, 3, 'A definição:  "o estudo das faculdades mentais pelo uso de modelos computacionais", refere-se ao quadrante:', 9, 'pensar como ser humano', 0, 'Incorreto.');
INSERT INTO "STI"."USER"."ex_questionario_temp" (ID_QUESTIONARIO, ID_DISCIPLINA, ID_USUARIO, ID_QUESTAO, ENUNCIADO, ID_ALTERNATIVA, FRASE, CORRETA, FEEDBACK) VALUES(13, 3, 1, 3, 'A definição:  "o estudo das faculdades mentais pelo uso de modelos computacionais", refere-se ao quadrante:', 9, 'pensar como ser humano', 0, 'Incorreto.');
INSERT INTO "STI"."USER"."ex_questionario_temp" (ID_QUESTIONARIO, ID_DISCIPLINA, ID_USUARIO, ID_QUESTAO, ENUNCIADO, ID_ALTERNATIVA, FRASE, CORRETA, FEEDBACK) VALUES(13, 3, 1, 3, 'A definição:  "o estudo das faculdades mentais pelo uso de modelos computacionais", refere-se ao quadrante:', 11, 'agir como ser humano', 0, 'Incorreto.');
INSERT INTO "STI"."USER"."ex_questionario_temp" (ID_QUESTIONARIO, ID_DISCIPLINA, ID_USUARIO, ID_QUESTAO, ENUNCIADO, ID_ALTERNATIVA, FRASE, CORRETA, FEEDBACK) VALUES(13, 3, 1, 3, 'A definição:  "o estudo das faculdades mentais pelo uso de modelos computacionais", refere-se ao quadrante:', 12, 'agir racionalmente', 0, 'Incorreto.');
INSERT INTO "STI"."USER"."ex_questionario_temp" (ID_QUESTIONARIO, ID_DISCIPLINA, ID_USUARIO, ID_QUESTAO, ENUNCIADO, ID_ALTERNATIVA, FRASE, CORRETA, FEEDBACK) VALUES(13, 3, 1, 3, 'A definição:  "o estudo das faculdades mentais pelo uso de modelos computacionais", refere-se ao quadrante:', 10, 'pensar racionalmente', 1, 'Correto.');
INSERT INTO "STI"."USER"."ex_questionario_temp" (ID_QUESTIONARIO, ID_DISCIPLINA, ID_USUARIO, ID_QUESTAO, ENUNCIADO, ID_ALTERNATIVA, FRASE, CORRETA, FEEDBACK) VALUES(13, 3, 1, 6, 'Assinale com V para verdadeiro e F para falso, e depois marque a alternativa correta:\r\n\r\n(    ) A Filosofia é uma das ciências da IA\r\n(    ) A Eletricidade é uma das ciências da IA\r\n(    ) Pensar como ser humano é um dos quadrantes das definições de IA\r\n(    ) Pensar como máquina é um dos quadrantes das definições da IA\r\n', 24, 'F-F-V-F', 0, 'Incorreto.');
INSERT INTO "STI"."USER"."ex_questionario_temp" (ID_QUESTIONARIO, ID_DISCIPLINA, ID_USUARIO, ID_QUESTAO, ENUNCIADO, ID_ALTERNATIVA, FRASE, CORRETA, FEEDBACK) VALUES(13, 3, 1, 6, 'Assinale com V para verdadeiro e F para falso, e depois marque a alternativa correta:\r\n\r\n(    ) A Filosofia é uma das ciências da IA\r\n(    ) A Eletricidade é uma das ciências da IA\r\n(    ) Pensar como ser humano é um dos quadrantes das definições de IA\r\n(    ) Pensar como máquina é um dos quadrantes das definições da IA\r\n', 21, 'V-F-V-V', 0, 'Incorreto.');
INSERT INTO "STI"."USER"."ex_questionario_temp" (ID_QUESTIONARIO, ID_DISCIPLINA, ID_USUARIO, ID_QUESTAO, ENUNCIADO, ID_ALTERNATIVA, FRASE, CORRETA, FEEDBACK) VALUES(13, 3, 1, 6, 'Assinale com V para verdadeiro e F para falso, e depois marque a alternativa correta:\r\n\r\n(    ) A Filosofia é uma das ciências da IA\r\n(    ) A Eletricidade é uma das ciências da IA\r\n(    ) Pensar como ser humano é um dos quadrantes das definições de IA\r\n(    ) Pensar como máquina é um dos quadrantes das definições da IA\r\n', 23, 'V-F-V-F', 1, 'Correto.');
INSERT INTO "STI"."USER"."ex_questionario_temp" (ID_QUESTIONARIO, ID_DISCIPLINA, ID_USUARIO, ID_QUESTAO, ENUNCIADO, ID_ALTERNATIVA, FRASE, CORRETA, FEEDBACK) VALUES(13, 3, 1, 6, 'Assinale com V para verdadeiro e F para falso, e depois marque a alternativa correta:\r\n\r\n(    ) A Filosofia é uma das ciências da IA\r\n(    ) A Eletricidade é uma das ciências da IA\r\n(    ) Pensar como ser humano é um dos quadrantes das definições de IA\r\n(    ) Pensar como máquina é um dos quadrantes das definições da IA\r\n', 22, 'V-V-V-F', 0, 'Incorreto.');
INSERT INTO "STI"."USER"."ex_questionario_temp" (ID_QUESTIONARIO, ID_DISCIPLINA, ID_USUARIO, ID_QUESTAO, ENUNCIADO, ID_ALTERNATIVA, FRASE, CORRETA, FEEDBACK) VALUES(14, 3, 1, 8, 'Quando a complexidade do problema tende a crescer de forma exponencial com o aumento das instâncias do problema, estamos falando de:', 31, 'lógica modal', 0, 'Incorreto.');
INSERT INTO "STI"."USER"."ex_questionario_temp" (ID_QUESTIONARIO, ID_DISCIPLINA, ID_USUARIO, ID_QUESTAO, ENUNCIADO, ID_ALTERNATIVA, FRASE, CORRETA, FEEDBACK) VALUES(14, 3, 1, 8, 'Quando a complexidade do problema tende a crescer de forma exponencial com o aumento das instâncias do problema, estamos falando de:', 30, 'explosão combinatória', 1, 'Correto.');
INSERT INTO "STI"."USER"."ex_questionario_temp" (ID_QUESTIONARIO, ID_DISCIPLINA, ID_USUARIO, ID_QUESTAO, ENUNCIADO, ID_ALTERNATIVA, FRASE, CORRETA, FEEDBACK) VALUES(14, 3, 1, 8, 'Quando a complexidade do problema tende a crescer de forma exponencial com o aumento das instâncias do problema, estamos falando de:', 32, 'neurociência cognitiva', 0, 'Incorreto.');
INSERT INTO "STI"."USER"."ex_questionario_temp" (ID_QUESTIONARIO, ID_DISCIPLINA, ID_USUARIO, ID_QUESTAO, ENUNCIADO, ID_ALTERNATIVA, FRASE, CORRETA, FEEDBACK) VALUES(14, 3, 1, 8, 'Quando a complexidade do problema tende a crescer de forma exponencial com o aumento das instâncias do problema, estamos falando de:', 29, 'agir como ser humano', 0, 'Incorreto.');
INSERT INTO "STI"."USER"."ex_questionario_temp" (ID_QUESTIONARIO, ID_DISCIPLINA, ID_USUARIO, ID_QUESTAO, ENUNCIADO, ID_ALTERNATIVA, FRASE, CORRETA, FEEDBACK) VALUES(14, 3, 1, 10, 'Sistemas especialistas são um exemplo da linha de pesquisa:', 37, 'simbólica', 1, 'Correto.');
INSERT INTO "STI"."USER"."ex_questionario_temp" (ID_QUESTIONARIO, ID_DISCIPLINA, ID_USUARIO, ID_QUESTAO, ENUNCIADO, ID_ALTERNATIVA, FRASE, CORRETA, FEEDBACK) VALUES(14, 3, 1, 10, 'Sistemas especialistas são um exemplo da linha de pesquisa:', 40, 'racional', 0, 'Incorreto.');
INSERT INTO "STI"."USER"."ex_questionario_temp" (ID_QUESTIONARIO, ID_DISCIPLINA, ID_USUARIO, ID_QUESTAO, ENUNCIADO, ID_ALTERNATIVA, FRASE, CORRETA, FEEDBACK) VALUES(14, 3, 1, 10, 'Sistemas especialistas são um exemplo da linha de pesquisa:', 39, 'evolucionária', 0, 'Incorreto.');
INSERT INTO "STI"."USER"."ex_questionario_temp" (ID_QUESTIONARIO, ID_DISCIPLINA, ID_USUARIO, ID_QUESTAO, ENUNCIADO, ID_ALTERNATIVA, FRASE, CORRETA, FEEDBACK) VALUES(14, 3, 1, 10, 'Sistemas especialistas são um exemplo da linha de pesquisa:', 38, 'conexionista', 0, 'Incorreto.');
INSERT INTO "STI"."USER"."ex_questionario_temp" (ID_QUESTIONARIO, ID_DISCIPLINA, ID_USUARIO, ID_QUESTAO, ENUNCIADO, ID_ALTERNATIVA, FRASE, CORRETA, FEEDBACK) VALUES(15, 3, 1, 8, 'Quando a complexidade do problema tende a crescer de forma exponencial com o aumento das instâncias do problema, estamos falando de:', 29, 'agir como ser humano', 0, 'Incorreto. Você precisa estudar mais sobre explosão combinatória');
INSERT INTO "STI"."USER"."ex_questionario_temp" (ID_QUESTIONARIO, ID_DISCIPLINA, ID_USUARIO, ID_QUESTAO, ENUNCIADO, ID_ALTERNATIVA, FRASE, CORRETA, FEEDBACK) VALUES(15, 3, 1, 8, 'Quando a complexidade do problema tende a crescer de forma exponencial com o aumento das instâncias do problema, estamos falando de:', 30, 'explosão combinatória', 1, 'Correto.');
INSERT INTO "STI"."USER"."ex_questionario_temp" (ID_QUESTIONARIO, ID_DISCIPLINA, ID_USUARIO, ID_QUESTAO, ENUNCIADO, ID_ALTERNATIVA, FRASE, CORRETA, FEEDBACK) VALUES(15, 3, 1, 8, 'Quando a complexidade do problema tende a crescer de forma exponencial com o aumento das instâncias do problema, estamos falando de:', 32, 'neurociência cognitiva', 0, 'Incorreto. Você precisa estudar mais sobre explosão combinatória');
INSERT INTO "STI"."USER"."ex_questionario_temp" (ID_QUESTIONARIO, ID_DISCIPLINA, ID_USUARIO, ID_QUESTAO, ENUNCIADO, ID_ALTERNATIVA, FRASE, CORRETA, FEEDBACK) VALUES(15, 3, 1, 8, 'Quando a complexidade do problema tende a crescer de forma exponencial com o aumento das instâncias do problema, estamos falando de:', 31, 'lógica modal', 0, 'Incorreto. Você precisa estudar mais sobre explosão combinatória');
INSERT INTO "STI"."USER"."ex_questionario_temp" (ID_QUESTIONARIO, ID_DISCIPLINA, ID_USUARIO, ID_QUESTAO, ENUNCIADO, ID_ALTERNATIVA, FRASE, CORRETA, FEEDBACK) VALUES(15, 3, 1, 3, 'A definição:  "o estudo das faculdades mentais pelo uso de modelos computacionais", refere-se ao quadrante:', 9, 'pensar como ser humano', 0, 'Incorreto. Você precisa estudar mais sobre pensar racionalmente');
INSERT INTO "STI"."USER"."ex_questionario_temp" (ID_QUESTIONARIO, ID_DISCIPLINA, ID_USUARIO, ID_QUESTAO, ENUNCIADO, ID_ALTERNATIVA, FRASE, CORRETA, FEEDBACK) VALUES(15, 3, 1, 3, 'A definição:  "o estudo das faculdades mentais pelo uso de modelos computacionais", refere-se ao quadrante:', 10, 'pensar racionalmente', 1, 'Correto.');
INSERT INTO "STI"."USER"."ex_questionario_temp" (ID_QUESTIONARIO, ID_DISCIPLINA, ID_USUARIO, ID_QUESTAO, ENUNCIADO, ID_ALTERNATIVA, FRASE, CORRETA, FEEDBACK) VALUES(15, 3, 1, 3, 'A definição:  "o estudo das faculdades mentais pelo uso de modelos computacionais", refere-se ao quadrante:', 11, 'agir como ser humano', 0, 'Incorreto. Você precisa estudar mais sobre pensar racionalmente');
INSERT INTO "STI"."USER"."ex_questionario_temp" (ID_QUESTIONARIO, ID_DISCIPLINA, ID_USUARIO, ID_QUESTAO, ENUNCIADO, ID_ALTERNATIVA, FRASE, CORRETA, FEEDBACK) VALUES(15, 3, 1, 3, 'A definição:  "o estudo das faculdades mentais pelo uso de modelos computacionais", refere-se ao quadrante:', 12, 'agir racionalmente', 0, 'Incorreto. Você precisa estudar mais sobre pensar racionalmente');
INSERT INTO "STI"."USER"."ex_questionario_temp" (ID_QUESTIONARIO, ID_DISCIPLINA, ID_USUARIO, ID_QUESTAO, ENUNCIADO, ID_ALTERNATIVA, FRASE, CORRETA, FEEDBACK) VALUES(16, 3, 1, 5, ' A definição de IA, "a Inteligência Computacional é o estudo do projeto de agentes inteligentes", refere-se a:', 18, 'pensar racionalmente', 0, 'Incorreto. Você precisa estudar mais sobre agir racionalmente');
INSERT INTO "STI"."USER"."ex_questionario_temp" (ID_QUESTIONARIO, ID_DISCIPLINA, ID_USUARIO, ID_QUESTAO, ENUNCIADO, ID_ALTERNATIVA, FRASE, CORRETA, FEEDBACK) VALUES(16, 3, 1, 5, ' A definição de IA, "a Inteligência Computacional é o estudo do projeto de agentes inteligentes", refere-se a:', 17, 'pensar como ser humano', 0, 'Incorreto. Você precisa estudar mais sobre agir racionalmente');
INSERT INTO "STI"."USER"."ex_questionario_temp" (ID_QUESTIONARIO, ID_DISCIPLINA, ID_USUARIO, ID_QUESTAO, ENUNCIADO, ID_ALTERNATIVA, FRASE, CORRETA, FEEDBACK) VALUES(16, 3, 1, 5, ' A definição de IA, "a Inteligência Computacional é o estudo do projeto de agentes inteligentes", refere-se a:', 20, 'agir racionalmente', 1, 'Correto.');
INSERT INTO "STI"."USER"."ex_questionario_temp" (ID_QUESTIONARIO, ID_DISCIPLINA, ID_USUARIO, ID_QUESTAO, ENUNCIADO, ID_ALTERNATIVA, FRASE, CORRETA, FEEDBACK) VALUES(16, 3, 1, 5, ' A definição de IA, "a Inteligência Computacional é o estudo do projeto de agentes inteligentes", refere-se a:', 19, 'agir como ser humano', 0, 'Incorreto. Você precisa estudar mais sobre agir racionalmente');
INSERT INTO "STI"."USER"."ex_questionario_temp" (ID_QUESTIONARIO, ID_DISCIPLINA, ID_USUARIO, ID_QUESTAO, ENUNCIADO, ID_ALTERNATIVA, FRASE, CORRETA, FEEDBACK) VALUES(16, 3, 1, 4, '"A arte de criar máquinas que executam funções que exigem inteligência quando executadas por pessoas" refere-se ao seguinte quadrante:', 16, 'agir racionalmente', 0, 'Incorreto. Você precisa estudar mais sobre agir como ser humano');
INSERT INTO "STI"."USER"."ex_questionario_temp" (ID_QUESTIONARIO, ID_DISCIPLINA, ID_USUARIO, ID_QUESTAO, ENUNCIADO, ID_ALTERNATIVA, FRASE, CORRETA, FEEDBACK) VALUES(16, 3, 1, 4, '"A arte de criar máquinas que executam funções que exigem inteligência quando executadas por pessoas" refere-se ao seguinte quadrante:', 14, 'pensar racionalmente', 0, 'Incorreto. Você precisa estudar mais sobre agir como ser humano');
INSERT INTO "STI"."USER"."ex_questionario_temp" (ID_QUESTIONARIO, ID_DISCIPLINA, ID_USUARIO, ID_QUESTAO, ENUNCIADO, ID_ALTERNATIVA, FRASE, CORRETA, FEEDBACK) VALUES(16, 3, 1, 4, '"A arte de criar máquinas que executam funções que exigem inteligência quando executadas por pessoas" refere-se ao seguinte quadrante:', 15, 'agir como ser humano', 1, 'Correto.');
INSERT INTO "STI"."USER"."ex_questionario_temp" (ID_QUESTIONARIO, ID_DISCIPLINA, ID_USUARIO, ID_QUESTAO, ENUNCIADO, ID_ALTERNATIVA, FRASE, CORRETA, FEEDBACK) VALUES(16, 3, 1, 4, '"A arte de criar máquinas que executam funções que exigem inteligência quando executadas por pessoas" refere-se ao seguinte quadrante:', 13, 'pensar como ser humano', 0, 'Incorreto. Você precisa estudar mais sobre agir como ser humano');
INSERT INTO "STI"."USER"."ex_questionario_temp" (ID_QUESTIONARIO, ID_DISCIPLINA, ID_USUARIO, ID_QUESTAO, ENUNCIADO, ID_ALTERNATIVA, FRASE, CORRETA, FEEDBACK) VALUES(17, 3, 1, 9, 'Quais são as linhas de pesquisa da IA:\r\n\r\n(    ) linha simbólica\r\n(    ) linha conexionista\r\n(    ) linha racional\r\n(    ) linha evolucionária\r\n(    ) linha sintética', 34, 'F-V-V-V-F', 0, 'Incorreto. Você precisa estudar mais sobre linhas de pesquisa');
INSERT INTO "STI"."USER"."ex_questionario_temp" (ID_QUESTIONARIO, ID_DISCIPLINA, ID_USUARIO, ID_QUESTAO, ENUNCIADO, ID_ALTERNATIVA, FRASE, CORRETA, FEEDBACK) VALUES(17, 3, 1, 9, 'Quais são as linhas de pesquisa da IA:\r\n\r\n(    ) linha simbólica\r\n(    ) linha conexionista\r\n(    ) linha racional\r\n(    ) linha evolucionária\r\n(    ) linha sintética', 35, 'V-V-F-V-F', 1, 'Correto.');
INSERT INTO "STI"."USER"."ex_questionario_temp" (ID_QUESTIONARIO, ID_DISCIPLINA, ID_USUARIO, ID_QUESTAO, ENUNCIADO, ID_ALTERNATIVA, FRASE, CORRETA, FEEDBACK) VALUES(17, 3, 1, 9, 'Quais são as linhas de pesquisa da IA:\r\n\r\n(    ) linha simbólica\r\n(    ) linha conexionista\r\n(    ) linha racional\r\n(    ) linha evolucionária\r\n(    ) linha sintética', 36, 'V-V-V-V-F', 0, 'Incorreto. Você precisa estudar mais sobre linhas de pesquisa');
INSERT INTO "STI"."USER"."ex_questionario_temp" (ID_QUESTIONARIO, ID_DISCIPLINA, ID_USUARIO, ID_QUESTAO, ENUNCIADO, ID_ALTERNATIVA, FRASE, CORRETA, FEEDBACK) VALUES(17, 3, 1, 9, 'Quais são as linhas de pesquisa da IA:\r\n\r\n(    ) linha simbólica\r\n(    ) linha conexionista\r\n(    ) linha racional\r\n(    ) linha evolucionária\r\n(    ) linha sintética', 33, 'V-V-F-V-V', 0, 'Incorreto. Você precisa estudar mais sobre linhas de pesquisa');
INSERT INTO "STI"."USER"."ex_questionario_temp" (ID_QUESTIONARIO, ID_DISCIPLINA, ID_USUARIO, ID_QUESTAO, ENUNCIADO, ID_ALTERNATIVA, FRASE, CORRETA, FEEDBACK) VALUES(17, 3, 1, 6, 'Assinale com V para verdadeiro e F para falso, e depois marque a alternativa correta:\r\n\r\n(    ) A Filosofia é uma das ciências da IA\r\n(    ) A Eletricidade é uma das ciências da IA\r\n(    ) Pensar como ser humano é um dos quadrantes das definições de IA\r\n(    ) Pensar como máquina é um dos quadrantes das definições da IA\r\n', 24, 'F-F-V-F', 0, 'Incorreto. Você precisa estudar mais sobre ciências da inteligência artificial e pensar como ser humano');
INSERT INTO "STI"."USER"."ex_questionario_temp" (ID_QUESTIONARIO, ID_DISCIPLINA, ID_USUARIO, ID_QUESTAO, ENUNCIADO, ID_ALTERNATIVA, FRASE, CORRETA, FEEDBACK) VALUES(17, 3, 1, 6, 'Assinale com V para verdadeiro e F para falso, e depois marque a alternativa correta:\r\n\r\n(    ) A Filosofia é uma das ciências da IA\r\n(    ) A Eletricidade é uma das ciências da IA\r\n(    ) Pensar como ser humano é um dos quadrantes das definições de IA\r\n(    ) Pensar como máquina é um dos quadrantes das definições da IA\r\n', 21, 'V-F-V-V', 0, 'Incorreto. Você precisa estudar mais sobre ciências da inteligência artificial e pensar como ser humano');
INSERT INTO "STI"."USER"."ex_questionario_temp" (ID_QUESTIONARIO, ID_DISCIPLINA, ID_USUARIO, ID_QUESTAO, ENUNCIADO, ID_ALTERNATIVA, FRASE, CORRETA, FEEDBACK) VALUES(17, 3, 1, 6, 'Assinale com V para verdadeiro e F para falso, e depois marque a alternativa correta:\r\n\r\n(    ) A Filosofia é uma das ciências da IA\r\n(    ) A Eletricidade é uma das ciências da IA\r\n(    ) Pensar como ser humano é um dos quadrantes das definições de IA\r\n(    ) Pensar como máquina é um dos quadrantes das definições da IA\r\n', 23, 'V-F-V-F', 1, 'Correto.');
INSERT INTO "STI"."USER"."ex_questionario_temp" (ID_QUESTIONARIO, ID_DISCIPLINA, ID_USUARIO, ID_QUESTAO, ENUNCIADO, ID_ALTERNATIVA, FRASE, CORRETA, FEEDBACK) VALUES(17, 3, 1, 6, 'Assinale com V para verdadeiro e F para falso, e depois marque a alternativa correta:\r\n\r\n(    ) A Filosofia é uma das ciências da IA\r\n(    ) A Eletricidade é uma das ciências da IA\r\n(    ) Pensar como ser humano é um dos quadrantes das definições de IA\r\n(    ) Pensar como máquina é um dos quadrantes das definições da IA\r\n', 22, 'V-V-V-F', 0, 'Incorreto. Você precisa estudar mais sobre ciências da inteligência artificial e pensar como ser humano');
INSERT INTO "STI"."USER"."ex_questionario_temp" (ID_QUESTIONARIO, ID_DISCIPLINA, ID_USUARIO, ID_QUESTAO, ENUNCIADO, ID_ALTERNATIVA, FRASE, CORRETA, FEEDBACK) VALUES(18, 3, 1, 2, 'A seguinte definição: "[Automatização de] atividades que associamos ao pensamento humano, atividades como a tomada de decisões, a resolução de problemas, o aprendizado"; refere-se a:', 7, 'agir como ser humano', 0, 'Incorreto. Você precisa estudar mais sobre pensar como ser humano');
INSERT INTO "STI"."USER"."ex_questionario_temp" (ID_QUESTIONARIO, ID_DISCIPLINA, ID_USUARIO, ID_QUESTAO, ENUNCIADO, ID_ALTERNATIVA, FRASE, CORRETA, FEEDBACK) VALUES(18, 3, 1, 2, 'A seguinte definição: "[Automatização de] atividades que associamos ao pensamento humano, atividades como a tomada de decisões, a resolução de problemas, o aprendizado"; refere-se a:', 6, 'pensar racionalmente', 0, 'Incorreto. Você precisa estudar mais sobre pensar como ser humano');
INSERT INTO "STI"."USER"."ex_questionario_temp" (ID_QUESTIONARIO, ID_DISCIPLINA, ID_USUARIO, ID_QUESTAO, ENUNCIADO, ID_ALTERNATIVA, FRASE, CORRETA, FEEDBACK) VALUES(18, 3, 1, 2, 'A seguinte definição: "[Automatização de] atividades que associamos ao pensamento humano, atividades como a tomada de decisões, a resolução de problemas, o aprendizado"; refere-se a:', 5, 'pensar como ser humano', 1, 'Correto.');
INSERT INTO "STI"."USER"."ex_questionario_temp" (ID_QUESTIONARIO, ID_DISCIPLINA, ID_USUARIO, ID_QUESTAO, ENUNCIADO, ID_ALTERNATIVA, FRASE, CORRETA, FEEDBACK) VALUES(18, 3, 1, 2, 'A seguinte definição: "[Automatização de] atividades que associamos ao pensamento humano, atividades como a tomada de decisões, a resolução de problemas, o aprendizado"; refere-se a:', 8, 'agir racionalmente', 0, 'Incorreto. Você precisa estudar mais sobre pensar como ser humano');
INSERT INTO "STI"."USER"."ex_questionario_temp" (ID_QUESTIONARIO, ID_DISCIPLINA, ID_USUARIO, ID_QUESTAO, ENUNCIADO, ID_ALTERNATIVA, FRASE, CORRETA, FEEDBACK) VALUES(18, 3, 1, 9, 'Quais são as linhas de pesquisa da IA:\r\n\r\n(    ) linha simbólica\r\n(    ) linha conexionista\r\n(    ) linha racional\r\n(    ) linha evolucionária\r\n(    ) linha sintética', 35, 'V-V-F-V-F', 1, 'Correto.');
INSERT INTO "STI"."USER"."ex_questionario_temp" (ID_QUESTIONARIO, ID_DISCIPLINA, ID_USUARIO, ID_QUESTAO, ENUNCIADO, ID_ALTERNATIVA, FRASE, CORRETA, FEEDBACK) VALUES(18, 3, 1, 9, 'Quais são as linhas de pesquisa da IA:\r\n\r\n(    ) linha simbólica\r\n(    ) linha conexionista\r\n(    ) linha racional\r\n(    ) linha evolucionária\r\n(    ) linha sintética', 34, 'F-V-V-V-F', 0, 'Incorreto. Você precisa estudar mais sobre linhas de pesquisa');
INSERT INTO "STI"."USER"."ex_questionario_temp" (ID_QUESTIONARIO, ID_DISCIPLINA, ID_USUARIO, ID_QUESTAO, ENUNCIADO, ID_ALTERNATIVA, FRASE, CORRETA, FEEDBACK) VALUES(18, 3, 1, 9, 'Quais são as linhas de pesquisa da IA:\r\n\r\n(    ) linha simbólica\r\n(    ) linha conexionista\r\n(    ) linha racional\r\n(    ) linha evolucionária\r\n(    ) linha sintética', 33, 'V-V-F-V-V', 0, 'Incorreto. Você precisa estudar mais sobre linhas de pesquisa');
INSERT INTO "STI"."USER"."ex_questionario_temp" (ID_QUESTIONARIO, ID_DISCIPLINA, ID_USUARIO, ID_QUESTAO, ENUNCIADO, ID_ALTERNATIVA, FRASE, CORRETA, FEEDBACK) VALUES(18, 3, 1, 9, 'Quais são as linhas de pesquisa da IA:\r\n\r\n(    ) linha simbólica\r\n(    ) linha conexionista\r\n(    ) linha racional\r\n(    ) linha evolucionária\r\n(    ) linha sintética', 36, 'V-V-V-V-F', 0, 'Incorreto. Você precisa estudar mais sobre linhas de pesquisa');
INSERT INTO "STI"."USER"."ex_questionario_temp" (ID_QUESTIONARIO, ID_DISCIPLINA, ID_USUARIO, ID_QUESTAO, ENUNCIADO, ID_ALTERNATIVA, FRASE, CORRETA, FEEDBACK) VALUES(19, 3, 1, 3, 'A definição:  "o estudo das faculdades mentais pelo uso de modelos computacionais", refere-se ao quadrante:', 11, 'agir como ser humano', 0, 'Incorreto. Você precisa estudar mais sobre pensar racionalmente');
INSERT INTO "STI"."USER"."ex_questionario_temp" (ID_QUESTIONARIO, ID_DISCIPLINA, ID_USUARIO, ID_QUESTAO, ENUNCIADO, ID_ALTERNATIVA, FRASE, CORRETA, FEEDBACK) VALUES(19, 3, 1, 3, 'A definição:  "o estudo das faculdades mentais pelo uso de modelos computacionais", refere-se ao quadrante:', 9, 'pensar como ser humano', 0, 'Incorreto. Você precisa estudar mais sobre pensar racionalmente');
INSERT INTO "STI"."USER"."ex_questionario_temp" (ID_QUESTIONARIO, ID_DISCIPLINA, ID_USUARIO, ID_QUESTAO, ENUNCIADO, ID_ALTERNATIVA, FRASE, CORRETA, FEEDBACK) VALUES(19, 3, 1, 3, 'A definição:  "o estudo das faculdades mentais pelo uso de modelos computacionais", refere-se ao quadrante:', 10, 'pensar racionalmente', 1, 'Correto.');
INSERT INTO "STI"."USER"."ex_questionario_temp" (ID_QUESTIONARIO, ID_DISCIPLINA, ID_USUARIO, ID_QUESTAO, ENUNCIADO, ID_ALTERNATIVA, FRASE, CORRETA, FEEDBACK) VALUES(19, 3, 1, 3, 'A definição:  "o estudo das faculdades mentais pelo uso de modelos computacionais", refere-se ao quadrante:', 12, 'agir racionalmente', 0, 'Incorreto. Você precisa estudar mais sobre pensar racionalmente');
INSERT INTO "STI"."USER"."ex_questionario_temp" (ID_QUESTIONARIO, ID_DISCIPLINA, ID_USUARIO, ID_QUESTAO, ENUNCIADO, ID_ALTERNATIVA, FRASE, CORRETA, FEEDBACK) VALUES(19, 3, 1, 4, '"A arte de criar máquinas que executam funções que exigem inteligência quando executadas por pessoas" refere-se ao seguinte quadrante:', 15, 'agir como ser humano', 1, 'Correto.');
INSERT INTO "STI"."USER"."ex_questionario_temp" (ID_QUESTIONARIO, ID_DISCIPLINA, ID_USUARIO, ID_QUESTAO, ENUNCIADO, ID_ALTERNATIVA, FRASE, CORRETA, FEEDBACK) VALUES(19, 3, 1, 4, '"A arte de criar máquinas que executam funções que exigem inteligência quando executadas por pessoas" refere-se ao seguinte quadrante:', 14, 'pensar racionalmente', 0, 'Incorreto. Você precisa estudar mais sobre agir como ser humano');
INSERT INTO "STI"."USER"."ex_questionario_temp" (ID_QUESTIONARIO, ID_DISCIPLINA, ID_USUARIO, ID_QUESTAO, ENUNCIADO, ID_ALTERNATIVA, FRASE, CORRETA, FEEDBACK) VALUES(19, 3, 1, 4, '"A arte de criar máquinas que executam funções que exigem inteligência quando executadas por pessoas" refere-se ao seguinte quadrante:', 13, 'pensar como ser humano', 0, 'Incorreto. Você precisa estudar mais sobre agir como ser humano');
INSERT INTO "STI"."USER"."ex_questionario_temp" (ID_QUESTIONARIO, ID_DISCIPLINA, ID_USUARIO, ID_QUESTAO, ENUNCIADO, ID_ALTERNATIVA, FRASE, CORRETA, FEEDBACK) VALUES(19, 3, 1, 4, '"A arte de criar máquinas que executam funções que exigem inteligência quando executadas por pessoas" refere-se ao seguinte quadrante:', 16, 'agir racionalmente', 0, 'Incorreto. Você precisa estudar mais sobre agir como ser humano');
INSERT INTO "STI"."USER"."ex_questionario_temp" (ID_QUESTIONARIO, ID_DISCIPLINA, ID_USUARIO, ID_QUESTAO, ENUNCIADO, ID_ALTERNATIVA, FRASE, CORRETA, FEEDBACK) VALUES(20, 3, 1, 4, '"A arte de criar máquinas que executam funções que exigem inteligência quando executadas por pessoas" refere-se ao seguinte quadrante:', 16, 'agir racionalmente', 0, 'Incorreto. Você precisa estudar mais sobre os objetos: 1.3-agir como ser humano');
INSERT INTO "STI"."USER"."ex_questionario_temp" (ID_QUESTIONARIO, ID_DISCIPLINA, ID_USUARIO, ID_QUESTAO, ENUNCIADO, ID_ALTERNATIVA, FRASE, CORRETA, FEEDBACK) VALUES(20, 3, 1, 4, '"A arte de criar máquinas que executam funções que exigem inteligência quando executadas por pessoas" refere-se ao seguinte quadrante:', 14, 'pensar racionalmente', 0, 'Incorreto. Você precisa estudar mais sobre os objetos: 1.3-agir como ser humano');
INSERT INTO "STI"."USER"."ex_questionario_temp" (ID_QUESTIONARIO, ID_DISCIPLINA, ID_USUARIO, ID_QUESTAO, ENUNCIADO, ID_ALTERNATIVA, FRASE, CORRETA, FEEDBACK) VALUES(20, 3, 1, 4, '"A arte de criar máquinas que executam funções que exigem inteligência quando executadas por pessoas" refere-se ao seguinte quadrante:', 15, 'agir como ser humano', 1, 'Correto.');
INSERT INTO "STI"."USER"."ex_questionario_temp" (ID_QUESTIONARIO, ID_DISCIPLINA, ID_USUARIO, ID_QUESTAO, ENUNCIADO, ID_ALTERNATIVA, FRASE, CORRETA, FEEDBACK) VALUES(20, 3, 1, 4, '"A arte de criar máquinas que executam funções que exigem inteligência quando executadas por pessoas" refere-se ao seguinte quadrante:', 13, 'pensar como ser humano', 0, 'Incorreto. Você precisa estudar mais sobre os objetos: 1.3-agir como ser humano');
INSERT INTO "STI"."USER"."ex_questionario_temp" (ID_QUESTIONARIO, ID_DISCIPLINA, ID_USUARIO, ID_QUESTAO, ENUNCIADO, ID_ALTERNATIVA, FRASE, CORRETA, FEEDBACK) VALUES(20, 3, 1, 5, ' A definição de IA, "a Inteligência Computacional é o estudo do projeto de agentes inteligentes", refere-se a:', 19, 'agir como ser humano', 0, 'Incorreto. Você precisa estudar mais sobre os objetos: 1.4-agir racionalmente');
INSERT INTO "STI"."USER"."ex_questionario_temp" (ID_QUESTIONARIO, ID_DISCIPLINA, ID_USUARIO, ID_QUESTAO, ENUNCIADO, ID_ALTERNATIVA, FRASE, CORRETA, FEEDBACK) VALUES(20, 3, 1, 5, ' A definição de IA, "a Inteligência Computacional é o estudo do projeto de agentes inteligentes", refere-se a:', 17, 'pensar como ser humano', 0, 'Incorreto. Você precisa estudar mais sobre os objetos: 1.4-agir racionalmente');
INSERT INTO "STI"."USER"."ex_questionario_temp" (ID_QUESTIONARIO, ID_DISCIPLINA, ID_USUARIO, ID_QUESTAO, ENUNCIADO, ID_ALTERNATIVA, FRASE, CORRETA, FEEDBACK) VALUES(20, 3, 1, 5, ' A definição de IA, "a Inteligência Computacional é o estudo do projeto de agentes inteligentes", refere-se a:', 20, 'agir racionalmente', 1, 'Correto.');
INSERT INTO "STI"."USER"."ex_questionario_temp" (ID_QUESTIONARIO, ID_DISCIPLINA, ID_USUARIO, ID_QUESTAO, ENUNCIADO, ID_ALTERNATIVA, FRASE, CORRETA, FEEDBACK) VALUES(20, 3, 1, 5, ' A definição de IA, "a Inteligência Computacional é o estudo do projeto de agentes inteligentes", refere-se a:', 18, 'pensar racionalmente', 0, 'Incorreto. Você precisa estudar mais sobre os objetos: 1.4-agir racionalmente');
INSERT INTO "STI"."USER"."ex_questionario_temp" (ID_QUESTIONARIO, ID_DISCIPLINA, ID_USUARIO, ID_QUESTAO, ENUNCIADO, ID_ALTERNATIVA, FRASE, CORRETA, FEEDBACK) VALUES(21, 3, 1, 2, 'A seguinte definição: "[Automatização de] atividades que associamos ao pensamento humano, atividades como a tomada de decisões, a resolução de problemas, o aprendizado"; refere-se a:', 7, 'agir como ser humano', 0, 'Incorreto. Você precisa estudar mais sobre os objetos: 1.1-pensar como ser humano');
INSERT INTO "STI"."USER"."ex_questionario_temp" (ID_QUESTIONARIO, ID_DISCIPLINA, ID_USUARIO, ID_QUESTAO, ENUNCIADO, ID_ALTERNATIVA, FRASE, CORRETA, FEEDBACK) VALUES(21, 3, 1, 2, 'A seguinte definição: "[Automatização de] atividades que associamos ao pensamento humano, atividades como a tomada de decisões, a resolução de problemas, o aprendizado"; refere-se a:', 5, 'pensar como ser humano', 1, 'Correto.');
INSERT INTO "STI"."USER"."ex_questionario_temp" (ID_QUESTIONARIO, ID_DISCIPLINA, ID_USUARIO, ID_QUESTAO, ENUNCIADO, ID_ALTERNATIVA, FRASE, CORRETA, FEEDBACK) VALUES(21, 3, 1, 2, 'A seguinte definição: "[Automatização de] atividades que associamos ao pensamento humano, atividades como a tomada de decisões, a resolução de problemas, o aprendizado"; refere-se a:', 6, 'pensar racionalmente', 0, 'Incorreto. Você precisa estudar mais sobre os objetos: 1.1-pensar como ser humano');
INSERT INTO "STI"."USER"."ex_questionario_temp" (ID_QUESTIONARIO, ID_DISCIPLINA, ID_USUARIO, ID_QUESTAO, ENUNCIADO, ID_ALTERNATIVA, FRASE, CORRETA, FEEDBACK) VALUES(21, 3, 1, 2, 'A seguinte definição: "[Automatização de] atividades que associamos ao pensamento humano, atividades como a tomada de decisões, a resolução de problemas, o aprendizado"; refere-se a:', 8, 'agir racionalmente', 0, 'Incorreto. Você precisa estudar mais sobre os objetos: 1.1-pensar como ser humano');
INSERT INTO "STI"."USER"."ex_questionario_temp" (ID_QUESTIONARIO, ID_DISCIPLINA, ID_USUARIO, ID_QUESTAO, ENUNCIADO, ID_ALTERNATIVA, FRASE, CORRETA, FEEDBACK) VALUES(21, 3, 1, 3, 'A definição:  "o estudo das faculdades mentais pelo uso de modelos computacionais", refere-se ao quadrante:', 10, 'pensar racionalmente', 1, 'Correto.');
INSERT INTO "STI"."USER"."ex_questionario_temp" (ID_QUESTIONARIO, ID_DISCIPLINA, ID_USUARIO, ID_QUESTAO, ENUNCIADO, ID_ALTERNATIVA, FRASE, CORRETA, FEEDBACK) VALUES(21, 3, 1, 3, 'A definição:  "o estudo das faculdades mentais pelo uso de modelos computacionais", refere-se ao quadrante:', 12, 'agir racionalmente', 0, 'Incorreto. Você precisa estudar mais sobre os objetos: 1.2-pensar racionalmente');
INSERT INTO "STI"."USER"."ex_questionario_temp" (ID_QUESTIONARIO, ID_DISCIPLINA, ID_USUARIO, ID_QUESTAO, ENUNCIADO, ID_ALTERNATIVA, FRASE, CORRETA, FEEDBACK) VALUES(21, 3, 1, 3, 'A definição:  "o estudo das faculdades mentais pelo uso de modelos computacionais", refere-se ao quadrante:', 9, 'pensar como ser humano', 0, 'Incorreto. Você precisa estudar mais sobre os objetos: 1.2-pensar racionalmente');
INSERT INTO "STI"."USER"."ex_questionario_temp" (ID_QUESTIONARIO, ID_DISCIPLINA, ID_USUARIO, ID_QUESTAO, ENUNCIADO, ID_ALTERNATIVA, FRASE, CORRETA, FEEDBACK) VALUES(21, 3, 1, 3, 'A definição:  "o estudo das faculdades mentais pelo uso de modelos computacionais", refere-se ao quadrante:', 11, 'agir como ser humano', 0, 'Incorreto. Você precisa estudar mais sobre os objetos: 1.2-pensar racionalmente');
INSERT INTO "STI"."USER"."ex_questionario_temp" (ID_QUESTIONARIO, ID_DISCIPLINA, ID_USUARIO, ID_QUESTAO, ENUNCIADO, ID_ALTERNATIVA, FRASE, CORRETA, FEEDBACK) VALUES(22, 3, 1, 5, ' A definição de IA, "a Inteligência Computacional é o estudo do projeto de agentes inteligentes", refere-se a:', 19, 'agir como ser humano', 0, 'Incorreto. Você precisa estudar mais sobre os objetos: 1.4-agir racionalmente');
INSERT INTO "STI"."USER"."ex_questionario_temp" (ID_QUESTIONARIO, ID_DISCIPLINA, ID_USUARIO, ID_QUESTAO, ENUNCIADO, ID_ALTERNATIVA, FRASE, CORRETA, FEEDBACK) VALUES(22, 3, 1, 5, ' A definição de IA, "a Inteligência Computacional é o estudo do projeto de agentes inteligentes", refere-se a:', 20, 'agir racionalmente', 1, 'Correto.');
INSERT INTO "STI"."USER"."ex_questionario_temp" (ID_QUESTIONARIO, ID_DISCIPLINA, ID_USUARIO, ID_QUESTAO, ENUNCIADO, ID_ALTERNATIVA, FRASE, CORRETA, FEEDBACK) VALUES(22, 3, 1, 5, ' A definição de IA, "a Inteligência Computacional é o estudo do projeto de agentes inteligentes", refere-se a:', 18, 'pensar racionalmente', 0, 'Incorreto. Você precisa estudar mais sobre os objetos: 1.4-agir racionalmente');
INSERT INTO "STI"."USER"."ex_questionario_temp" (ID_QUESTIONARIO, ID_DISCIPLINA, ID_USUARIO, ID_QUESTAO, ENUNCIADO, ID_ALTERNATIVA, FRASE, CORRETA, FEEDBACK) VALUES(22, 3, 1, 5, ' A definição de IA, "a Inteligência Computacional é o estudo do projeto de agentes inteligentes", refere-se a:', 17, 'pensar como ser humano', 0, 'Incorreto. Você precisa estudar mais sobre os objetos: 1.4-agir racionalmente');
INSERT INTO "STI"."USER"."ex_questionario_temp" (ID_QUESTIONARIO, ID_DISCIPLINA, ID_USUARIO, ID_QUESTAO, ENUNCIADO, ID_ALTERNATIVA, FRASE, CORRETA, FEEDBACK) VALUES(22, 3, 1, 1, 'Quais são as dimensões da IA?', 3, 'processos de pensamento e processos de comportamento', 1, 'Correto.');
INSERT INTO "STI"."USER"."ex_questionario_temp" (ID_QUESTIONARIO, ID_DISCIPLINA, ID_USUARIO, ID_QUESTAO, ENUNCIADO, ID_ALTERNATIVA, FRASE, CORRETA, FEEDBACK) VALUES(22, 3, 1, 1, 'Quais são as dimensões da IA?', 2, 'processos de planejamento e processos de execução', 0, 'Incorreto. Você precisa estudar mais sobre os objetos: 1-inteligência artificial');
INSERT INTO "STI"."USER"."ex_questionario_temp" (ID_QUESTIONARIO, ID_DISCIPLINA, ID_USUARIO, ID_QUESTAO, ENUNCIADO, ID_ALTERNATIVA, FRASE, CORRETA, FEEDBACK) VALUES(22, 3, 1, 1, 'Quais são as dimensões da IA?', 1, 'processos de pensamento e processos de raciocínio', 0, 'Incorreto. Você precisa estudar mais sobre os objetos: 1-inteligência artificial');
INSERT INTO "STI"."USER"."ex_questionario_temp" (ID_QUESTIONARIO, ID_DISCIPLINA, ID_USUARIO, ID_QUESTAO, ENUNCIADO, ID_ALTERNATIVA, FRASE, CORRETA, FEEDBACK) VALUES(22, 3, 1, 1, 'Quais são as dimensões da IA?', 4, 'processos de raciocínio e processos de imaginação', 0, 'Incorreto. Você precisa estudar mais sobre os objetos: 1-inteligência artificial');
INSERT INTO "STI"."USER"."ex_questionario_temp" (ID_QUESTIONARIO, ID_DISCIPLINA, ID_USUARIO, ID_QUESTAO, ENUNCIADO, ID_ALTERNATIVA, FRASE, CORRETA, FEEDBACK) VALUES(23, 3, 1, 6, 'Assinale com V para verdadeiro e F para falso, e depois marque a alternativa correta:\r\n\r\n(    ) A Filosofia é uma das ciências da IA\r\n(    ) A Eletricidade é uma das ciências da IA\r\n(    ) Pensar como ser humano é um dos quadrantes das definições de IA\r\n(    ) Pensar como máquina é um dos quadrantes das definições da IA\r\n', 22, 'V-V-V-F', 0, 'Incorreto. Você precisa estudar mais sobre o(s) objeto(s): 1.5-ciências da inteligência artificial e 1.1-pensar como ser humano');
INSERT INTO "STI"."USER"."ex_questionario_temp" (ID_QUESTIONARIO, ID_DISCIPLINA, ID_USUARIO, ID_QUESTAO, ENUNCIADO, ID_ALTERNATIVA, FRASE, CORRETA, FEEDBACK) VALUES(23, 3, 1, 6, 'Assinale com V para verdadeiro e F para falso, e depois marque a alternativa correta:\r\n\r\n(    ) A Filosofia é uma das ciências da IA\r\n(    ) A Eletricidade é uma das ciências da IA\r\n(    ) Pensar como ser humano é um dos quadrantes das definições de IA\r\n(    ) Pensar como máquina é um dos quadrantes das definições da IA\r\n', 23, 'V-F-V-F', 1, 'Correto.');
INSERT INTO "STI"."USER"."ex_questionario_temp" (ID_QUESTIONARIO, ID_DISCIPLINA, ID_USUARIO, ID_QUESTAO, ENUNCIADO, ID_ALTERNATIVA, FRASE, CORRETA, FEEDBACK) VALUES(23, 3, 1, 6, 'Assinale com V para verdadeiro e F para falso, e depois marque a alternativa correta:\r\n\r\n(    ) A Filosofia é uma das ciências da IA\r\n(    ) A Eletricidade é uma das ciências da IA\r\n(    ) Pensar como ser humano é um dos quadrantes das definições de IA\r\n(    ) Pensar como máquina é um dos quadrantes das definições da IA\r\n', 24, 'F-F-V-F', 0, 'Incorreto. Você precisa estudar mais sobre o(s) objeto(s): 1.5-ciências da inteligência artificial e 1.1-pensar como ser humano');
INSERT INTO "STI"."USER"."ex_questionario_temp" (ID_QUESTIONARIO, ID_DISCIPLINA, ID_USUARIO, ID_QUESTAO, ENUNCIADO, ID_ALTERNATIVA, FRASE, CORRETA, FEEDBACK) VALUES(23, 3, 1, 6, 'Assinale com V para verdadeiro e F para falso, e depois marque a alternativa correta:\r\n\r\n(    ) A Filosofia é uma das ciências da IA\r\n(    ) A Eletricidade é uma das ciências da IA\r\n(    ) Pensar como ser humano é um dos quadrantes das definições de IA\r\n(    ) Pensar como máquina é um dos quadrantes das definições da IA\r\n', 21, 'V-F-V-V', 0, 'Incorreto. Você precisa estudar mais sobre o(s) objeto(s): 1.5-ciências da inteligência artificial e 1.1-pensar como ser humano');
INSERT INTO "STI"."USER"."ex_questionario_temp" (ID_QUESTIONARIO, ID_DISCIPLINA, ID_USUARIO, ID_QUESTAO, ENUNCIADO, ID_ALTERNATIVA, FRASE, CORRETA, FEEDBACK) VALUES(23, 3, 1, 7, 'Problemas que podem ser resolvidos na teoria, mas na prática levam muito tempo para que suas soluções sejam úteis. Estamos falando de:', 27, 'linha simbólica', 0, 'Incorreto. Você precisa estudar mais sobre o(s) objeto(s): 1.6-intratabilidade');
INSERT INTO "STI"."USER"."ex_questionario_temp" (ID_QUESTIONARIO, ID_DISCIPLINA, ID_USUARIO, ID_QUESTAO, ENUNCIADO, ID_ALTERNATIVA, FRASE, CORRETA, FEEDBACK) VALUES(23, 3, 1, 7, 'Problemas que podem ser resolvidos na teoria, mas na prática levam muito tempo para que suas soluções sejam úteis. Estamos falando de:', 28, 'intratabilidade', 1, 'Correto.');
INSERT INTO "STI"."USER"."ex_questionario_temp" (ID_QUESTIONARIO, ID_DISCIPLINA, ID_USUARIO, ID_QUESTAO, ENUNCIADO, ID_ALTERNATIVA, FRASE, CORRETA, FEEDBACK) VALUES(23, 3, 1, 7, 'Problemas que podem ser resolvidos na teoria, mas na prática levam muito tempo para que suas soluções sejam úteis. Estamos falando de:', 25, 'pensar como ser humano', 0, 'Incorreto. Você precisa estudar mais sobre o(s) objeto(s): 1.6-intratabilidade');
INSERT INTO "STI"."USER"."ex_questionario_temp" (ID_QUESTIONARIO, ID_DISCIPLINA, ID_USUARIO, ID_QUESTAO, ENUNCIADO, ID_ALTERNATIVA, FRASE, CORRETA, FEEDBACK) VALUES(23, 3, 1, 7, 'Problemas que podem ser resolvidos na teoria, mas na prática levam muito tempo para que suas soluções sejam úteis. Estamos falando de:', 26, 'agir racionalmente', 0, 'Incorreto. Você precisa estudar mais sobre o(s) objeto(s): 1.6-intratabilidade');
INSERT INTO "STI"."USER"."ex_questionario_temp" (ID_QUESTIONARIO, ID_DISCIPLINA, ID_USUARIO, ID_QUESTAO, ENUNCIADO, ID_ALTERNATIVA, FRASE, CORRETA, FEEDBACK) VALUES(24, 3, 1, 8, 'Quando a complexidade do problema tende a crescer de forma exponencial com o aumento das instâncias do problema, estamos falando de:', 29, 'agir como ser humano', 0, 'Incorreto. Você precisa estudar mais sobre o(s) objeto(s): 1.7-explosão combinatória');
INSERT INTO "STI"."USER"."ex_questionario_temp" (ID_QUESTIONARIO, ID_DISCIPLINA, ID_USUARIO, ID_QUESTAO, ENUNCIADO, ID_ALTERNATIVA, FRASE, CORRETA, FEEDBACK) VALUES(24, 3, 1, 8, 'Quando a complexidade do problema tende a crescer de forma exponencial com o aumento das instâncias do problema, estamos falando de:', 30, 'explosão combinatória', 1, 'Correto.');
INSERT INTO "STI"."USER"."ex_questionario_temp" (ID_QUESTIONARIO, ID_DISCIPLINA, ID_USUARIO, ID_QUESTAO, ENUNCIADO, ID_ALTERNATIVA, FRASE, CORRETA, FEEDBACK) VALUES(24, 3, 1, 8, 'Quando a complexidade do problema tende a crescer de forma exponencial com o aumento das instâncias do problema, estamos falando de:', 32, 'neurociência cognitiva', 0, 'Incorreto. Você precisa estudar mais sobre o(s) objeto(s): 1.7-explosão combinatória');
INSERT INTO "STI"."USER"."ex_questionario_temp" (ID_QUESTIONARIO, ID_DISCIPLINA, ID_USUARIO, ID_QUESTAO, ENUNCIADO, ID_ALTERNATIVA, FRASE, CORRETA, FEEDBACK) VALUES(24, 3, 1, 8, 'Quando a complexidade do problema tende a crescer de forma exponencial com o aumento das instâncias do problema, estamos falando de:', 31, 'lógica modal', 0, 'Incorreto. Você precisa estudar mais sobre o(s) objeto(s): 1.7-explosão combinatória');
INSERT INTO "STI"."USER"."ex_questionario_temp" (ID_QUESTIONARIO, ID_DISCIPLINA, ID_USUARIO, ID_QUESTAO, ENUNCIADO, ID_ALTERNATIVA, FRASE, CORRETA, FEEDBACK) VALUES(24, 3, 1, 4, '"A arte de criar máquinas que executam funções que exigem inteligência quando executadas por pessoas" refere-se ao seguinte quadrante:', 13, 'pensar como ser humano', 0, 'Incorreto. Você precisa estudar mais sobre o(s) objeto(s): 1.3-agir como ser humano');
INSERT INTO "STI"."USER"."ex_questionario_temp" (ID_QUESTIONARIO, ID_DISCIPLINA, ID_USUARIO, ID_QUESTAO, ENUNCIADO, ID_ALTERNATIVA, FRASE, CORRETA, FEEDBACK) VALUES(24, 3, 1, 4, '"A arte de criar máquinas que executam funções que exigem inteligência quando executadas por pessoas" refere-se ao seguinte quadrante:', 15, 'agir como ser humano', 1, 'Correto.');
INSERT INTO "STI"."USER"."ex_questionario_temp" (ID_QUESTIONARIO, ID_DISCIPLINA, ID_USUARIO, ID_QUESTAO, ENUNCIADO, ID_ALTERNATIVA, FRASE, CORRETA, FEEDBACK) VALUES(24, 3, 1, 4, '"A arte de criar máquinas que executam funções que exigem inteligência quando executadas por pessoas" refere-se ao seguinte quadrante:', 16, 'agir racionalmente', 0, 'Incorreto. Você precisa estudar mais sobre o(s) objeto(s): 1.3-agir como ser humano');
INSERT INTO "STI"."USER"."ex_questionario_temp" (ID_QUESTIONARIO, ID_DISCIPLINA, ID_USUARIO, ID_QUESTAO, ENUNCIADO, ID_ALTERNATIVA, FRASE, CORRETA, FEEDBACK) VALUES(24, 3, 1, 4, '"A arte de criar máquinas que executam funções que exigem inteligência quando executadas por pessoas" refere-se ao seguinte quadrante:', 14, 'pensar racionalmente', 0, 'Incorreto. Você precisa estudar mais sobre o(s) objeto(s): 1.3-agir como ser humano');
INSERT INTO "STI"."USER"."ex_questionario_temp" (ID_QUESTIONARIO, ID_DISCIPLINA, ID_USUARIO, ID_QUESTAO, ENUNCIADO, ID_ALTERNATIVA, FRASE, CORRETA, FEEDBACK) VALUES(25, 3, 1, 6, 'Assinale com V para verdadeiro e F para falso, e depois marque a alternativa correta:\r\n\r\n(    ) A Filosofia é uma das ciências da IA\r\n(    ) A Eletricidade é uma das ciências da IA\r\n(    ) Pensar como ser humano é um dos quadrantes das definições de IA\r\n(    ) Pensar como máquina é um dos quadrantes das definições da IA\r\n', 21, 'V-F-V-V', 0, 'Incorreto. Você precisa estudar mais sobre o(s) objeto(s): 1.1-pensar como ser humano e 1.5-ciências da inteligência artificial');
INSERT INTO "STI"."USER"."ex_questionario_temp" (ID_QUESTIONARIO, ID_DISCIPLINA, ID_USUARIO, ID_QUESTAO, ENUNCIADO, ID_ALTERNATIVA, FRASE, CORRETA, FEEDBACK) VALUES(25, 3, 1, 6, 'Assinale com V para verdadeiro e F para falso, e depois marque a alternativa correta:\r\n\r\n(    ) A Filosofia é uma das ciências da IA\r\n(    ) A Eletricidade é uma das ciências da IA\r\n(    ) Pensar como ser humano é um dos quadrantes das definições de IA\r\n(    ) Pensar como máquina é um dos quadrantes das definições da IA\r\n', 23, 'V-F-V-F', 1, 'Correto.');
INSERT INTO "STI"."USER"."ex_questionario_temp" (ID_QUESTIONARIO, ID_DISCIPLINA, ID_USUARIO, ID_QUESTAO, ENUNCIADO, ID_ALTERNATIVA, FRASE, CORRETA, FEEDBACK) VALUES(25, 3, 1, 6, 'Assinale com V para verdadeiro e F para falso, e depois marque a alternativa correta:\r\n\r\n(    ) A Filosofia é uma das ciências da IA\r\n(    ) A Eletricidade é uma das ciências da IA\r\n(    ) Pensar como ser humano é um dos quadrantes das definições de IA\r\n(    ) Pensar como máquina é um dos quadrantes das definições da IA\r\n', 24, 'F-F-V-F', 0, 'Incorreto. Você precisa estudar mais sobre o(s) objeto(s): 1.1-pensar como ser humano e 1.5-ciências da inteligência artificial');
INSERT INTO "STI"."USER"."ex_questionario_temp" (ID_QUESTIONARIO, ID_DISCIPLINA, ID_USUARIO, ID_QUESTAO, ENUNCIADO, ID_ALTERNATIVA, FRASE, CORRETA, FEEDBACK) VALUES(25, 3, 1, 6, 'Assinale com V para verdadeiro e F para falso, e depois marque a alternativa correta:\r\n\r\n(    ) A Filosofia é uma das ciências da IA\r\n(    ) A Eletricidade é uma das ciências da IA\r\n(    ) Pensar como ser humano é um dos quadrantes das definições de IA\r\n(    ) Pensar como máquina é um dos quadrantes das definições da IA\r\n', 22, 'V-V-V-F', 0, 'Incorreto. Você precisa estudar mais sobre o(s) objeto(s): 1.1-pensar como ser humano e 1.5-ciências da inteligência artificial');
INSERT INTO "STI"."USER"."ex_questionario_temp" (ID_QUESTIONARIO, ID_DISCIPLINA, ID_USUARIO, ID_QUESTAO, ENUNCIADO, ID_ALTERNATIVA, FRASE, CORRETA, FEEDBACK) VALUES(25, 3, 1, 3, 'A definição:  "o estudo das faculdades mentais pelo uso de modelos computacionais", refere-se ao quadrante:', 10, 'pensar racionalmente', 1, 'Correto.');
INSERT INTO "STI"."USER"."ex_questionario_temp" (ID_QUESTIONARIO, ID_DISCIPLINA, ID_USUARIO, ID_QUESTAO, ENUNCIADO, ID_ALTERNATIVA, FRASE, CORRETA, FEEDBACK) VALUES(25, 3, 1, 3, 'A definição:  "o estudo das faculdades mentais pelo uso de modelos computacionais", refere-se ao quadrante:', 9, 'pensar como ser humano', 0, 'Incorreto. Você precisa estudar mais sobre o(s) objeto(s): 1.2-pensar racionalmente');
INSERT INTO "STI"."USER"."ex_questionario_temp" (ID_QUESTIONARIO, ID_DISCIPLINA, ID_USUARIO, ID_QUESTAO, ENUNCIADO, ID_ALTERNATIVA, FRASE, CORRETA, FEEDBACK) VALUES(25, 3, 1, 3, 'A definição:  "o estudo das faculdades mentais pelo uso de modelos computacionais", refere-se ao quadrante:', 12, 'agir racionalmente', 0, 'Incorreto. Você precisa estudar mais sobre o(s) objeto(s): 1.2-pensar racionalmente');
INSERT INTO "STI"."USER"."ex_questionario_temp" (ID_QUESTIONARIO, ID_DISCIPLINA, ID_USUARIO, ID_QUESTAO, ENUNCIADO, ID_ALTERNATIVA, FRASE, CORRETA, FEEDBACK) VALUES(25, 3, 1, 3, 'A definição:  "o estudo das faculdades mentais pelo uso de modelos computacionais", refere-se ao quadrante:', 11, 'agir como ser humano', 0, 'Incorreto. Você precisa estudar mais sobre o(s) objeto(s): 1.2-pensar racionalmente');
INSERT INTO "STI"."USER"."ex_questionario_temp" (ID_QUESTIONARIO, ID_DISCIPLINA, ID_USUARIO, ID_QUESTAO, ENUNCIADO, ID_ALTERNATIVA, FRASE, CORRETA, FEEDBACK) VALUES(26, 3, 1, 1, 'Quais são as dimensões da IA?', 3, 'processos de pensamento e processos de comportamento', 1, 'Correto.');
INSERT INTO "STI"."USER"."ex_questionario_temp" (ID_QUESTIONARIO, ID_DISCIPLINA, ID_USUARIO, ID_QUESTAO, ENUNCIADO, ID_ALTERNATIVA, FRASE, CORRETA, FEEDBACK) VALUES(26, 3, 1, 1, 'Quais são as dimensões da IA?', 2, 'processos de planejamento e processos de execução', 0, 'Incorreto. Você precisa estudar mais sobre o(s) objeto(s): 1-inteligência artificial');
INSERT INTO "STI"."USER"."ex_questionario_temp" (ID_QUESTIONARIO, ID_DISCIPLINA, ID_USUARIO, ID_QUESTAO, ENUNCIADO, ID_ALTERNATIVA, FRASE, CORRETA, FEEDBACK) VALUES(26, 3, 1, 1, 'Quais são as dimensões da IA?', 4, 'processos de raciocínio e processos de imaginação', 0, 'Incorreto. Você precisa estudar mais sobre o(s) objeto(s): 1-inteligência artificial');
INSERT INTO "STI"."USER"."ex_questionario_temp" (ID_QUESTIONARIO, ID_DISCIPLINA, ID_USUARIO, ID_QUESTAO, ENUNCIADO, ID_ALTERNATIVA, FRASE, CORRETA, FEEDBACK) VALUES(26, 3, 1, 1, 'Quais são as dimensões da IA?', 1, 'processos de pensamento e processos de raciocínio', 0, 'Incorreto. Você precisa estudar mais sobre o(s) objeto(s): 1-inteligência artificial');
INSERT INTO "STI"."USER"."ex_questionario_temp" (ID_QUESTIONARIO, ID_DISCIPLINA, ID_USUARIO, ID_QUESTAO, ENUNCIADO, ID_ALTERNATIVA, FRASE, CORRETA, FEEDBACK) VALUES(26, 3, 1, 7, 'Problemas que podem ser resolvidos na teoria, mas na prática levam muito tempo para que suas soluções sejam úteis. Estamos falando de:', 26, 'agir racionalmente', 0, 'Incorreto. Você precisa estudar mais sobre o(s) objeto(s): 1.6-intratabilidade');
INSERT INTO "STI"."USER"."ex_questionario_temp" (ID_QUESTIONARIO, ID_DISCIPLINA, ID_USUARIO, ID_QUESTAO, ENUNCIADO, ID_ALTERNATIVA, FRASE, CORRETA, FEEDBACK) VALUES(26, 3, 1, 7, 'Problemas que podem ser resolvidos na teoria, mas na prática levam muito tempo para que suas soluções sejam úteis. Estamos falando de:', 25, 'pensar como ser humano', 0, 'Incorreto. Você precisa estudar mais sobre o(s) objeto(s): 1.6-intratabilidade');
INSERT INTO "STI"."USER"."ex_questionario_temp" (ID_QUESTIONARIO, ID_DISCIPLINA, ID_USUARIO, ID_QUESTAO, ENUNCIADO, ID_ALTERNATIVA, FRASE, CORRETA, FEEDBACK) VALUES(26, 3, 1, 7, 'Problemas que podem ser resolvidos na teoria, mas na prática levam muito tempo para que suas soluções sejam úteis. Estamos falando de:', 27, 'linha simbólica', 0, 'Incorreto. Você precisa estudar mais sobre o(s) objeto(s): 1.6-intratabilidade');
INSERT INTO "STI"."USER"."ex_questionario_temp" (ID_QUESTIONARIO, ID_DISCIPLINA, ID_USUARIO, ID_QUESTAO, ENUNCIADO, ID_ALTERNATIVA, FRASE, CORRETA, FEEDBACK) VALUES(26, 3, 1, 7, 'Problemas que podem ser resolvidos na teoria, mas na prática levam muito tempo para que suas soluções sejam úteis. Estamos falando de:', 28, 'intratabilidade', 1, 'Correto.');
INSERT INTO "STI"."USER"."ex_questionario_temp" (ID_QUESTIONARIO, ID_DISCIPLINA, ID_USUARIO, ID_QUESTAO, ENUNCIADO, ID_ALTERNATIVA, FRASE, CORRETA, FEEDBACK) VALUES(27, 3, 1, 8, 'Quando a complexidade do problema tende a crescer de forma exponencial com o aumento das instâncias do problema, estamos falando de:', 29, 'agir como ser humano', 0, 'Incorreto. Você precisa estudar mais sobre o(s) objeto(s): 1.7-explosão combinatória');
INSERT INTO "STI"."USER"."ex_questionario_temp" (ID_QUESTIONARIO, ID_DISCIPLINA, ID_USUARIO, ID_QUESTAO, ENUNCIADO, ID_ALTERNATIVA, FRASE, CORRETA, FEEDBACK) VALUES(27, 3, 1, 8, 'Quando a complexidade do problema tende a crescer de forma exponencial com o aumento das instâncias do problema, estamos falando de:', 31, 'lógica modal', 0, 'Incorreto. Você precisa estudar mais sobre o(s) objeto(s): 1.7-explosão combinatória');
INSERT INTO "STI"."USER"."ex_questionario_temp" (ID_QUESTIONARIO, ID_DISCIPLINA, ID_USUARIO, ID_QUESTAO, ENUNCIADO, ID_ALTERNATIVA, FRASE, CORRETA, FEEDBACK) VALUES(27, 3, 1, 8, 'Quando a complexidade do problema tende a crescer de forma exponencial com o aumento das instâncias do problema, estamos falando de:', 30, 'explosão combinatória', 1, 'Correto.');
INSERT INTO "STI"."USER"."ex_questionario_temp" (ID_QUESTIONARIO, ID_DISCIPLINA, ID_USUARIO, ID_QUESTAO, ENUNCIADO, ID_ALTERNATIVA, FRASE, CORRETA, FEEDBACK) VALUES(27, 3, 1, 8, 'Quando a complexidade do problema tende a crescer de forma exponencial com o aumento das instâncias do problema, estamos falando de:', 32, 'neurociência cognitiva', 0, 'Incorreto. Você precisa estudar mais sobre o(s) objeto(s): 1.7-explosão combinatória');
INSERT INTO "STI"."USER"."ex_questionario_temp" (ID_QUESTIONARIO, ID_DISCIPLINA, ID_USUARIO, ID_QUESTAO, ENUNCIADO, ID_ALTERNATIVA, FRASE, CORRETA, FEEDBACK) VALUES(27, 3, 1, 4, '"A arte de criar máquinas que executam funções que exigem inteligência quando executadas por pessoas" refere-se ao seguinte quadrante:', 14, 'pensar racionalmente', 0, 'Incorreto. Você precisa estudar mais sobre o(s) objeto(s): 1.3-agir como ser humano');
INSERT INTO "STI"."USER"."ex_questionario_temp" (ID_QUESTIONARIO, ID_DISCIPLINA, ID_USUARIO, ID_QUESTAO, ENUNCIADO, ID_ALTERNATIVA, FRASE, CORRETA, FEEDBACK) VALUES(27, 3, 1, 4, '"A arte de criar máquinas que executam funções que exigem inteligência quando executadas por pessoas" refere-se ao seguinte quadrante:', 16, 'agir racionalmente', 0, 'Incorreto. Você precisa estudar mais sobre o(s) objeto(s): 1.3-agir como ser humano');
INSERT INTO "STI"."USER"."ex_questionario_temp" (ID_QUESTIONARIO, ID_DISCIPLINA, ID_USUARIO, ID_QUESTAO, ENUNCIADO, ID_ALTERNATIVA, FRASE, CORRETA, FEEDBACK) VALUES(27, 3, 1, 4, '"A arte de criar máquinas que executam funções que exigem inteligência quando executadas por pessoas" refere-se ao seguinte quadrante:', 13, 'pensar como ser humano', 0, 'Incorreto. Você precisa estudar mais sobre o(s) objeto(s): 1.3-agir como ser humano');
INSERT INTO "STI"."USER"."ex_questionario_temp" (ID_QUESTIONARIO, ID_DISCIPLINA, ID_USUARIO, ID_QUESTAO, ENUNCIADO, ID_ALTERNATIVA, FRASE, CORRETA, FEEDBACK) VALUES(27, 3, 1, 4, '"A arte de criar máquinas que executam funções que exigem inteligência quando executadas por pessoas" refere-se ao seguinte quadrante:', 15, 'agir como ser humano', 1, 'Correto.');
INSERT INTO "STI"."USER"."ex_questionario_temp" (ID_QUESTIONARIO, ID_DISCIPLINA, ID_USUARIO, ID_QUESTAO, ENUNCIADO, ID_ALTERNATIVA, FRASE, CORRETA, FEEDBACK) VALUES(28, 3, 1, 10, 'Sistemas especialistas são um exemplo da linha de pesquisa:', 39, 'evolucionária', 0, 'Incorreto. Você precisa estudar mais sobre o(s) objeto(s): 2.1-linha simbólica e 2.1.1-sistema especialista');
INSERT INTO "STI"."USER"."ex_questionario_temp" (ID_QUESTIONARIO, ID_DISCIPLINA, ID_USUARIO, ID_QUESTAO, ENUNCIADO, ID_ALTERNATIVA, FRASE, CORRETA, FEEDBACK) VALUES(28, 3, 1, 10, 'Sistemas especialistas são um exemplo da linha de pesquisa:', 38, 'conexionista', 0, 'Incorreto. Você precisa estudar mais sobre o(s) objeto(s): 2.1-linha simbólica e 2.1.1-sistema especialista');
INSERT INTO "STI"."USER"."ex_questionario_temp" (ID_QUESTIONARIO, ID_DISCIPLINA, ID_USUARIO, ID_QUESTAO, ENUNCIADO, ID_ALTERNATIVA, FRASE, CORRETA, FEEDBACK) VALUES(28, 3, 1, 10, 'Sistemas especialistas são um exemplo da linha de pesquisa:', 37, 'simbólica', 1, 'Correto.');
INSERT INTO "STI"."USER"."ex_questionario_temp" (ID_QUESTIONARIO, ID_DISCIPLINA, ID_USUARIO, ID_QUESTAO, ENUNCIADO, ID_ALTERNATIVA, FRASE, CORRETA, FEEDBACK) VALUES(28, 3, 1, 10, 'Sistemas especialistas são um exemplo da linha de pesquisa:', 40, 'racional', 0, 'Incorreto. Você precisa estudar mais sobre o(s) objeto(s): 2.1-linha simbólica e 2.1.1-sistema especialista');
INSERT INTO "STI"."USER"."ex_questionario_temp" (ID_QUESTIONARIO, ID_DISCIPLINA, ID_USUARIO, ID_QUESTAO, ENUNCIADO, ID_ALTERNATIVA, FRASE, CORRETA, FEEDBACK) VALUES(28, 3, 1, 6, 'Assinale com V para verdadeiro e F para falso, e depois marque a alternativa correta:\r\n\r\n(    ) A Filosofia é uma das ciências da IA\r\n(    ) A Eletricidade é uma das ciências da IA\r\n(    ) Pensar como ser humano é um dos quadrantes das definições de IA\r\n(    ) Pensar como máquina é um dos quadrantes das definições da IA\r\n', 22, 'V-V-V-F', 0, 'Incorreto. Você precisa estudar mais sobre o(s) objeto(s): 1.1-pensar como ser humano e 1.5-ciências da inteligência artificial');
INSERT INTO "STI"."USER"."ex_questionario_temp" (ID_QUESTIONARIO, ID_DISCIPLINA, ID_USUARIO, ID_QUESTAO, ENUNCIADO, ID_ALTERNATIVA, FRASE, CORRETA, FEEDBACK) VALUES(28, 3, 1, 6, 'Assinale com V para verdadeiro e F para falso, e depois marque a alternativa correta:\r\n\r\n(    ) A Filosofia é uma das ciências da IA\r\n(    ) A Eletricidade é uma das ciências da IA\r\n(    ) Pensar como ser humano é um dos quadrantes das definições de IA\r\n(    ) Pensar como máquina é um dos quadrantes das definições da IA\r\n', 23, 'V-F-V-F', 1, 'Correto.');
INSERT INTO "STI"."USER"."ex_questionario_temp" (ID_QUESTIONARIO, ID_DISCIPLINA, ID_USUARIO, ID_QUESTAO, ENUNCIADO, ID_ALTERNATIVA, FRASE, CORRETA, FEEDBACK) VALUES(28, 3, 1, 6, 'Assinale com V para verdadeiro e F para falso, e depois marque a alternativa correta:\r\n\r\n(    ) A Filosofia é uma das ciências da IA\r\n(    ) A Eletricidade é uma das ciências da IA\r\n(    ) Pensar como ser humano é um dos quadrantes das definições de IA\r\n(    ) Pensar como máquina é um dos quadrantes das definições da IA\r\n', 24, 'F-F-V-F', 0, 'Incorreto. Você precisa estudar mais sobre o(s) objeto(s): 1.1-pensar como ser humano e 1.5-ciências da inteligência artificial');
INSERT INTO "STI"."USER"."ex_questionario_temp" (ID_QUESTIONARIO, ID_DISCIPLINA, ID_USUARIO, ID_QUESTAO, ENUNCIADO, ID_ALTERNATIVA, FRASE, CORRETA, FEEDBACK) VALUES(28, 3, 1, 6, 'Assinale com V para verdadeiro e F para falso, e depois marque a alternativa correta:\r\n\r\n(    ) A Filosofia é uma das ciências da IA\r\n(    ) A Eletricidade é uma das ciências da IA\r\n(    ) Pensar como ser humano é um dos quadrantes das definições de IA\r\n(    ) Pensar como máquina é um dos quadrantes das definições da IA\r\n', 21, 'V-F-V-V', 0, 'Incorreto. Você precisa estudar mais sobre o(s) objeto(s): 1.1-pensar como ser humano e 1.5-ciências da inteligência artificial');
INSERT INTO "STI"."USER"."ex_questionario_temp" (ID_QUESTIONARIO, ID_DISCIPLINA, ID_USUARIO, ID_QUESTAO, ENUNCIADO, ID_ALTERNATIVA, FRASE, CORRETA, FEEDBACK) VALUES(29, 3, 1, 1, 'Quais são as dimensões da IA?', 1, 'processos de pensamento e processos de raciocínio', 0, 'Incorreto. Você precisa estudar mais sobre o(s) objeto(s): 1-inteligência artificial');
INSERT INTO "STI"."USER"."ex_questionario_temp" (ID_QUESTIONARIO, ID_DISCIPLINA, ID_USUARIO, ID_QUESTAO, ENUNCIADO, ID_ALTERNATIVA, FRASE, CORRETA, FEEDBACK) VALUES(29, 3, 1, 1, 'Quais são as dimensões da IA?', 3, 'processos de pensamento e processos de comportamento', 1, 'Correto.');
INSERT INTO "STI"."USER"."ex_questionario_temp" (ID_QUESTIONARIO, ID_DISCIPLINA, ID_USUARIO, ID_QUESTAO, ENUNCIADO, ID_ALTERNATIVA, FRASE, CORRETA, FEEDBACK) VALUES(29, 3, 1, 1, 'Quais são as dimensões da IA?', 4, 'processos de raciocínio e processos de imaginação', 0, 'Incorreto. Você precisa estudar mais sobre o(s) objeto(s): 1-inteligência artificial');
INSERT INTO "STI"."USER"."ex_questionario_temp" (ID_QUESTIONARIO, ID_DISCIPLINA, ID_USUARIO, ID_QUESTAO, ENUNCIADO, ID_ALTERNATIVA, FRASE, CORRETA, FEEDBACK) VALUES(29, 3, 1, 1, 'Quais são as dimensões da IA?', 2, 'processos de planejamento e processos de execução', 0, 'Incorreto. Você precisa estudar mais sobre o(s) objeto(s): 1-inteligência artificial');
INSERT INTO "STI"."USER"."ex_questionario_temp" (ID_QUESTIONARIO, ID_DISCIPLINA, ID_USUARIO, ID_QUESTAO, ENUNCIADO, ID_ALTERNATIVA, FRASE, CORRETA, FEEDBACK) VALUES(29, 3, 1, 4, '"A arte de criar máquinas que executam funções que exigem inteligência quando executadas por pessoas" refere-se ao seguinte quadrante:', 15, 'agir como ser humano', 1, 'Correto.');
INSERT INTO "STI"."USER"."ex_questionario_temp" (ID_QUESTIONARIO, ID_DISCIPLINA, ID_USUARIO, ID_QUESTAO, ENUNCIADO, ID_ALTERNATIVA, FRASE, CORRETA, FEEDBACK) VALUES(29, 3, 1, 4, '"A arte de criar máquinas que executam funções que exigem inteligência quando executadas por pessoas" refere-se ao seguinte quadrante:', 14, 'pensar racionalmente', 0, 'Incorreto. Você precisa estudar mais sobre o(s) objeto(s): 1.3-agir como ser humano');
INSERT INTO "STI"."USER"."ex_questionario_temp" (ID_QUESTIONARIO, ID_DISCIPLINA, ID_USUARIO, ID_QUESTAO, ENUNCIADO, ID_ALTERNATIVA, FRASE, CORRETA, FEEDBACK) VALUES(29, 3, 1, 4, '"A arte de criar máquinas que executam funções que exigem inteligência quando executadas por pessoas" refere-se ao seguinte quadrante:', 16, 'agir racionalmente', 0, 'Incorreto. Você precisa estudar mais sobre o(s) objeto(s): 1.3-agir como ser humano');
INSERT INTO "STI"."USER"."ex_questionario_temp" (ID_QUESTIONARIO, ID_DISCIPLINA, ID_USUARIO, ID_QUESTAO, ENUNCIADO, ID_ALTERNATIVA, FRASE, CORRETA, FEEDBACK) VALUES(29, 3, 1, 4, '"A arte de criar máquinas que executam funções que exigem inteligência quando executadas por pessoas" refere-se ao seguinte quadrante:', 13, 'pensar como ser humano', 0, 'Incorreto. Você precisa estudar mais sobre o(s) objeto(s): 1.3-agir como ser humano');
INSERT INTO "STI"."USER"."ex_questionario_temp" (ID_QUESTIONARIO, ID_DISCIPLINA, ID_USUARIO, ID_QUESTAO, ENUNCIADO, ID_ALTERNATIVA, FRASE, CORRETA, FEEDBACK) VALUES(30, 3, 1, 7, 'Problemas que podem ser resolvidos na teoria, mas na prática levam muito tempo para que suas soluções sejam úteis. Estamos falando de:', 28, 'intratabilidade', 1, 'Correto.');
INSERT INTO "STI"."USER"."ex_questionario_temp" (ID_QUESTIONARIO, ID_DISCIPLINA, ID_USUARIO, ID_QUESTAO, ENUNCIADO, ID_ALTERNATIVA, FRASE, CORRETA, FEEDBACK) VALUES(30, 3, 1, 7, 'Problemas que podem ser resolvidos na teoria, mas na prática levam muito tempo para que suas soluções sejam úteis. Estamos falando de:', 26, 'agir racionalmente', 0, 'Incorreto. Você precisa estudar mais sobre o(s) objeto(s): 1.6-intratabilidade');
INSERT INTO "STI"."USER"."ex_questionario_temp" (ID_QUESTIONARIO, ID_DISCIPLINA, ID_USUARIO, ID_QUESTAO, ENUNCIADO, ID_ALTERNATIVA, FRASE, CORRETA, FEEDBACK) VALUES(30, 3, 1, 7, 'Problemas que podem ser resolvidos na teoria, mas na prática levam muito tempo para que suas soluções sejam úteis. Estamos falando de:', 25, 'pensar como ser humano', 0, 'Incorreto. Você precisa estudar mais sobre o(s) objeto(s): 1.6-intratabilidade');
INSERT INTO "STI"."USER"."ex_questionario_temp" (ID_QUESTIONARIO, ID_DISCIPLINA, ID_USUARIO, ID_QUESTAO, ENUNCIADO, ID_ALTERNATIVA, FRASE, CORRETA, FEEDBACK) VALUES(30, 3, 1, 7, 'Problemas que podem ser resolvidos na teoria, mas na prática levam muito tempo para que suas soluções sejam úteis. Estamos falando de:', 27, 'linha simbólica', 0, 'Incorreto. Você precisa estudar mais sobre o(s) objeto(s): 1.6-intratabilidade');
INSERT INTO "STI"."USER"."ex_questionario_temp" (ID_QUESTIONARIO, ID_DISCIPLINA, ID_USUARIO, ID_QUESTAO, ENUNCIADO, ID_ALTERNATIVA, FRASE, CORRETA, FEEDBACK) VALUES(30, 3, 1, 8, 'Quando a complexidade do problema tende a crescer de forma exponencial com o aumento das instâncias do problema, estamos falando de:', 29, 'agir como ser humano', 0, 'Incorreto. Você precisa estudar mais sobre o(s) objeto(s): 1.7-explosão combinatória');
INSERT INTO "STI"."USER"."ex_questionario_temp" (ID_QUESTIONARIO, ID_DISCIPLINA, ID_USUARIO, ID_QUESTAO, ENUNCIADO, ID_ALTERNATIVA, FRASE, CORRETA, FEEDBACK) VALUES(30, 3, 1, 8, 'Quando a complexidade do problema tende a crescer de forma exponencial com o aumento das instâncias do problema, estamos falando de:', 32, 'neurociência cognitiva', 0, 'Incorreto. Você precisa estudar mais sobre o(s) objeto(s): 1.7-explosão combinatória');
INSERT INTO "STI"."USER"."ex_questionario_temp" (ID_QUESTIONARIO, ID_DISCIPLINA, ID_USUARIO, ID_QUESTAO, ENUNCIADO, ID_ALTERNATIVA, FRASE, CORRETA, FEEDBACK) VALUES(30, 3, 1, 8, 'Quando a complexidade do problema tende a crescer de forma exponencial com o aumento das instâncias do problema, estamos falando de:', 30, 'explosão combinatória', 1, 'Correto.');
INSERT INTO "STI"."USER"."ex_questionario_temp" (ID_QUESTIONARIO, ID_DISCIPLINA, ID_USUARIO, ID_QUESTAO, ENUNCIADO, ID_ALTERNATIVA, FRASE, CORRETA, FEEDBACK) VALUES(30, 3, 1, 8, 'Quando a complexidade do problema tende a crescer de forma exponencial com o aumento das instâncias do problema, estamos falando de:', 31, 'lógica modal', 0, 'Incorreto. Você precisa estudar mais sobre o(s) objeto(s): 1.7-explosão combinatória');
INSERT INTO "STI"."USER"."ex_questionario_temp" (ID_QUESTIONARIO, ID_DISCIPLINA, ID_USUARIO, ID_QUESTAO, ENUNCIADO, ID_ALTERNATIVA, FRASE, CORRETA, FEEDBACK) VALUES(31, 3, 1, 7, 'Problemas que podem ser resolvidos na teoria, mas na prática levam muito tempo para que suas soluções sejam úteis. Estamos falando de:', 28, 'intratabilidade', 1, 'Correto.');
INSERT INTO "STI"."USER"."ex_questionario_temp" (ID_QUESTIONARIO, ID_DISCIPLINA, ID_USUARIO, ID_QUESTAO, ENUNCIADO, ID_ALTERNATIVA, FRASE, CORRETA, FEEDBACK) VALUES(31, 3, 1, 7, 'Problemas que podem ser resolvidos na teoria, mas na prática levam muito tempo para que suas soluções sejam úteis. Estamos falando de:', 25, 'pensar como ser humano', 0, 'Incorreto. Você precisa estudar mais sobre o(s) objeto(s): 1.6-intratabilidade');
INSERT INTO "STI"."USER"."ex_questionario_temp" (ID_QUESTIONARIO, ID_DISCIPLINA, ID_USUARIO, ID_QUESTAO, ENUNCIADO, ID_ALTERNATIVA, FRASE, CORRETA, FEEDBACK) VALUES(31, 3, 1, 7, 'Problemas que podem ser resolvidos na teoria, mas na prática levam muito tempo para que suas soluções sejam úteis. Estamos falando de:', 27, 'linha simbólica', 0, 'Incorreto. Você precisa estudar mais sobre o(s) objeto(s): 1.6-intratabilidade');
INSERT INTO "STI"."USER"."ex_questionario_temp" (ID_QUESTIONARIO, ID_DISCIPLINA, ID_USUARIO, ID_QUESTAO, ENUNCIADO, ID_ALTERNATIVA, FRASE, CORRETA, FEEDBACK) VALUES(31, 3, 1, 7, 'Problemas que podem ser resolvidos na teoria, mas na prática levam muito tempo para que suas soluções sejam úteis. Estamos falando de:', 26, 'agir racionalmente', 0, 'Incorreto. Você precisa estudar mais sobre o(s) objeto(s): 1.6-intratabilidade');
INSERT INTO "STI"."USER"."ex_questionario_temp" (ID_QUESTIONARIO, ID_DISCIPLINA, ID_USUARIO, ID_QUESTAO, ENUNCIADO, ID_ALTERNATIVA, FRASE, CORRETA, FEEDBACK) VALUES(31, 3, 1, 9, 'Quais são as linhas de pesquisa da IA:\r\n\r\n(    ) linha simbólica\r\n(    ) linha conexionista\r\n(    ) linha racional\r\n(    ) linha evolucionária\r\n(    ) linha sintética', 35, 'V-V-F-V-F', 1, 'Correto.');
INSERT INTO "STI"."USER"."ex_questionario_temp" (ID_QUESTIONARIO, ID_DISCIPLINA, ID_USUARIO, ID_QUESTAO, ENUNCIADO, ID_ALTERNATIVA, FRASE, CORRETA, FEEDBACK) VALUES(31, 3, 1, 9, 'Quais são as linhas de pesquisa da IA:\r\n\r\n(    ) linha simbólica\r\n(    ) linha conexionista\r\n(    ) linha racional\r\n(    ) linha evolucionária\r\n(    ) linha sintética', 33, 'V-V-F-V-V', 0, 'Incorreto. Você precisa estudar mais sobre o(s) objeto(s): 2-linhas de pesquisa');
INSERT INTO "STI"."USER"."ex_questionario_temp" (ID_QUESTIONARIO, ID_DISCIPLINA, ID_USUARIO, ID_QUESTAO, ENUNCIADO, ID_ALTERNATIVA, FRASE, CORRETA, FEEDBACK) VALUES(31, 3, 1, 9, 'Quais são as linhas de pesquisa da IA:\r\n\r\n(    ) linha simbólica\r\n(    ) linha conexionista\r\n(    ) linha racional\r\n(    ) linha evolucionária\r\n(    ) linha sintética', 36, 'V-V-V-V-F', 0, 'Incorreto. Você precisa estudar mais sobre o(s) objeto(s): 2-linhas de pesquisa');
INSERT INTO "STI"."USER"."ex_questionario_temp" (ID_QUESTIONARIO, ID_DISCIPLINA, ID_USUARIO, ID_QUESTAO, ENUNCIADO, ID_ALTERNATIVA, FRASE, CORRETA, FEEDBACK) VALUES(31, 3, 1, 9, 'Quais são as linhas de pesquisa da IA:\r\n\r\n(    ) linha simbólica\r\n(    ) linha conexionista\r\n(    ) linha racional\r\n(    ) linha evolucionária\r\n(    ) linha sintética', 34, 'F-V-V-V-F', 0, 'Incorreto. Você precisa estudar mais sobre o(s) objeto(s): 2-linhas de pesquisa');
INSERT INTO "STI"."USER"."ex_questionario_temp" (ID_QUESTIONARIO, ID_DISCIPLINA, ID_USUARIO, ID_QUESTAO, ENUNCIADO, ID_ALTERNATIVA, FRASE, CORRETA, FEEDBACK) VALUES(32, 3, 1, 3, 'A definição:  "o estudo das faculdades mentais pelo uso de modelos computacionais", refere-se ao quadrante:', 11, 'agir como ser humano', 0, 'Incorreto. Você precisa estudar mais sobre o(s) objeto(s): 1.2-pensar racionalmente');
INSERT INTO "STI"."USER"."ex_questionario_temp" (ID_QUESTIONARIO, ID_DISCIPLINA, ID_USUARIO, ID_QUESTAO, ENUNCIADO, ID_ALTERNATIVA, FRASE, CORRETA, FEEDBACK) VALUES(32, 3, 1, 3, 'A definição:  "o estudo das faculdades mentais pelo uso de modelos computacionais", refere-se ao quadrante:', 9, 'pensar como ser humano', 0, 'Incorreto. Você precisa estudar mais sobre o(s) objeto(s): 1.2-pensar racionalmente');
INSERT INTO "STI"."USER"."ex_questionario_temp" (ID_QUESTIONARIO, ID_DISCIPLINA, ID_USUARIO, ID_QUESTAO, ENUNCIADO, ID_ALTERNATIVA, FRASE, CORRETA, FEEDBACK) VALUES(32, 3, 1, 3, 'A definição:  "o estudo das faculdades mentais pelo uso de modelos computacionais", refere-se ao quadrante:', 12, 'agir racionalmente', 0, 'Incorreto. Você precisa estudar mais sobre o(s) objeto(s): 1.2-pensar racionalmente');
INSERT INTO "STI"."USER"."ex_questionario_temp" (ID_QUESTIONARIO, ID_DISCIPLINA, ID_USUARIO, ID_QUESTAO, ENUNCIADO, ID_ALTERNATIVA, FRASE, CORRETA, FEEDBACK) VALUES(32, 3, 1, 3, 'A definição:  "o estudo das faculdades mentais pelo uso de modelos computacionais", refere-se ao quadrante:', 10, 'pensar racionalmente', 1, 'Correto.');
INSERT INTO "STI"."USER"."ex_questionario_temp" (ID_QUESTIONARIO, ID_DISCIPLINA, ID_USUARIO, ID_QUESTAO, ENUNCIADO, ID_ALTERNATIVA, FRASE, CORRETA, FEEDBACK) VALUES(32, 3, 1, 6, 'Assinale com V para verdadeiro e F para falso, e depois marque a alternativa correta:\r\n\r\n(    ) A Filosofia é uma das ciências da IA\r\n(    ) A Eletricidade é uma das ciências da IA\r\n(    ) Pensar como ser humano é um dos quadrantes das definições de IA\r\n(    ) Pensar como máquina é um dos quadrantes das definições da IA\r\n', 22, 'V-V-V-F', 0, 'Incorreto. Você precisa estudar mais sobre o(s) objeto(s): 1.1-pensar como ser humano e 1.5-ciências da inteligência artificial');
INSERT INTO "STI"."USER"."ex_questionario_temp" (ID_QUESTIONARIO, ID_DISCIPLINA, ID_USUARIO, ID_QUESTAO, ENUNCIADO, ID_ALTERNATIVA, FRASE, CORRETA, FEEDBACK) VALUES(32, 3, 1, 6, 'Assinale com V para verdadeiro e F para falso, e depois marque a alternativa correta:\r\n\r\n(    ) A Filosofia é uma das ciências da IA\r\n(    ) A Eletricidade é uma das ciências da IA\r\n(    ) Pensar como ser humano é um dos quadrantes das definições de IA\r\n(    ) Pensar como máquina é um dos quadrantes das definições da IA\r\n', 23, 'V-F-V-F', 1, 'Correto.');
INSERT INTO "STI"."USER"."ex_questionario_temp" (ID_QUESTIONARIO, ID_DISCIPLINA, ID_USUARIO, ID_QUESTAO, ENUNCIADO, ID_ALTERNATIVA, FRASE, CORRETA, FEEDBACK) VALUES(32, 3, 1, 6, 'Assinale com V para verdadeiro e F para falso, e depois marque a alternativa correta:\r\n\r\n(    ) A Filosofia é uma das ciências da IA\r\n(    ) A Eletricidade é uma das ciências da IA\r\n(    ) Pensar como ser humano é um dos quadrantes das definições de IA\r\n(    ) Pensar como máquina é um dos quadrantes das definições da IA\r\n', 21, 'V-F-V-V', 0, 'Incorreto. Você precisa estudar mais sobre o(s) objeto(s): 1.1-pensar como ser humano e 1.5-ciências da inteligência artificial');
INSERT INTO "STI"."USER"."ex_questionario_temp" (ID_QUESTIONARIO, ID_DISCIPLINA, ID_USUARIO, ID_QUESTAO, ENUNCIADO, ID_ALTERNATIVA, FRASE, CORRETA, FEEDBACK) VALUES(32, 3, 1, 6, 'Assinale com V para verdadeiro e F para falso, e depois marque a alternativa correta:\r\n\r\n(    ) A Filosofia é uma das ciências da IA\r\n(    ) A Eletricidade é uma das ciências da IA\r\n(    ) Pensar como ser humano é um dos quadrantes das definições de IA\r\n(    ) Pensar como máquina é um dos quadrantes das definições da IA\r\n', 24, 'F-F-V-F', 0, 'Incorreto. Você precisa estudar mais sobre o(s) objeto(s): 1.1-pensar como ser humano e 1.5-ciências da inteligência artificial');
INSERT INTO "STI"."USER"."ex_questionario_temp" (ID_QUESTIONARIO, ID_DISCIPLINA, ID_USUARIO, ID_QUESTAO, ENUNCIADO, ID_ALTERNATIVA, FRASE, CORRETA, FEEDBACK) VALUES(33, 3, 1, 1, 'Quais são as dimensões da IA?', 2, 'processos de planejamento e processos de execução', 0, 'Incorreto. Você precisa estudar mais sobre o(s) objeto(s): 1-inteligência artificial');
INSERT INTO "STI"."USER"."ex_questionario_temp" (ID_QUESTIONARIO, ID_DISCIPLINA, ID_USUARIO, ID_QUESTAO, ENUNCIADO, ID_ALTERNATIVA, FRASE, CORRETA, FEEDBACK) VALUES(33, 3, 1, 1, 'Quais são as dimensões da IA?', 1, 'processos de pensamento e processos de raciocínio', 0, 'Incorreto. Você precisa estudar mais sobre o(s) objeto(s): 1-inteligência artificial');
INSERT INTO "STI"."USER"."ex_questionario_temp" (ID_QUESTIONARIO, ID_DISCIPLINA, ID_USUARIO, ID_QUESTAO, ENUNCIADO, ID_ALTERNATIVA, FRASE, CORRETA, FEEDBACK) VALUES(33, 3, 1, 1, 'Quais são as dimensões da IA?', 3, 'processos de pensamento e processos de comportamento', 1, 'Correto.');
INSERT INTO "STI"."USER"."ex_questionario_temp" (ID_QUESTIONARIO, ID_DISCIPLINA, ID_USUARIO, ID_QUESTAO, ENUNCIADO, ID_ALTERNATIVA, FRASE, CORRETA, FEEDBACK) VALUES(33, 3, 1, 1, 'Quais são as dimensões da IA?', 4, 'processos de raciocínio e processos de imaginação', 0, 'Incorreto. Você precisa estudar mais sobre o(s) objeto(s): 1-inteligência artificial');
INSERT INTO "STI"."USER"."ex_questionario_temp" (ID_QUESTIONARIO, ID_DISCIPLINA, ID_USUARIO, ID_QUESTAO, ENUNCIADO, ID_ALTERNATIVA, FRASE, CORRETA, FEEDBACK) VALUES(33, 3, 1, 6, 'Assinale com V para verdadeiro e F para falso, e depois marque a alternativa correta:\r\n\r\n(    ) A Filosofia é uma das ciências da IA\r\n(    ) A Eletricidade é uma das ciências da IA\r\n(    ) Pensar como ser humano é um dos quadrantes das definições de IA\r\n(    ) Pensar como máquina é um dos quadrantes das definições da IA\r\n', 22, 'V-V-V-F', 0, 'Incorreto. Você precisa estudar mais sobre o(s) objeto(s): 1.1-pensar como ser humano e 1.5-ciências da inteligência artificial');
INSERT INTO "STI"."USER"."ex_questionario_temp" (ID_QUESTIONARIO, ID_DISCIPLINA, ID_USUARIO, ID_QUESTAO, ENUNCIADO, ID_ALTERNATIVA, FRASE, CORRETA, FEEDBACK) VALUES(33, 3, 1, 6, 'Assinale com V para verdadeiro e F para falso, e depois marque a alternativa correta:\r\n\r\n(    ) A Filosofia é uma das ciências da IA\r\n(    ) A Eletricidade é uma das ciências da IA\r\n(    ) Pensar como ser humano é um dos quadrantes das definições de IA\r\n(    ) Pensar como máquina é um dos quadrantes das definições da IA\r\n', 24, 'F-F-V-F', 0, 'Incorreto. Você precisa estudar mais sobre o(s) objeto(s): 1.1-pensar como ser humano e 1.5-ciências da inteligência artificial');
INSERT INTO "STI"."USER"."ex_questionario_temp" (ID_QUESTIONARIO, ID_DISCIPLINA, ID_USUARIO, ID_QUESTAO, ENUNCIADO, ID_ALTERNATIVA, FRASE, CORRETA, FEEDBACK) VALUES(33, 3, 1, 6, 'Assinale com V para verdadeiro e F para falso, e depois marque a alternativa correta:\r\n\r\n(    ) A Filosofia é uma das ciências da IA\r\n(    ) A Eletricidade é uma das ciências da IA\r\n(    ) Pensar como ser humano é um dos quadrantes das definições de IA\r\n(    ) Pensar como máquina é um dos quadrantes das definições da IA\r\n', 23, 'V-F-V-F', 1, 'Correto.');
INSERT INTO "STI"."USER"."ex_questionario_temp" (ID_QUESTIONARIO, ID_DISCIPLINA, ID_USUARIO, ID_QUESTAO, ENUNCIADO, ID_ALTERNATIVA, FRASE, CORRETA, FEEDBACK) VALUES(33, 3, 1, 6, 'Assinale com V para verdadeiro e F para falso, e depois marque a alternativa correta:\r\n\r\n(    ) A Filosofia é uma das ciências da IA\r\n(    ) A Eletricidade é uma das ciências da IA\r\n(    ) Pensar como ser humano é um dos quadrantes das definições de IA\r\n(    ) Pensar como máquina é um dos quadrantes das definições da IA\r\n', 21, 'V-F-V-V', 0, 'Incorreto. Você precisa estudar mais sobre o(s) objeto(s): 1.1-pensar como ser humano e 1.5-ciências da inteligência artificial');
INSERT INTO "STI"."USER"."ex_questionario_temp" (ID_QUESTIONARIO, ID_DISCIPLINA, ID_USUARIO, ID_QUESTAO, ENUNCIADO, ID_ALTERNATIVA, FRASE, CORRETA, FEEDBACK) VALUES(34, 3, 1, 6, 'Assinale com V para verdadeiro e F para falso, e depois marque a alternativa correta:\r\n\r\n(    ) A Filosofia é uma das ciências da IA\r\n(    ) A Eletricidade é uma das ciências da IA\r\n(    ) Pensar como ser humano é um dos quadrantes das definições de IA\r\n(    ) Pensar como máquina é um dos quadrantes das definições da IA\r\n', 23, 'V-F-V-F', 1, 'Correto.');
INSERT INTO "STI"."USER"."ex_questionario_temp" (ID_QUESTIONARIO, ID_DISCIPLINA, ID_USUARIO, ID_QUESTAO, ENUNCIADO, ID_ALTERNATIVA, FRASE, CORRETA, FEEDBACK) VALUES(34, 3, 1, 6, 'Assinale com V para verdadeiro e F para falso, e depois marque a alternativa correta:\r\n\r\n(    ) A Filosofia é uma das ciências da IA\r\n(    ) A Eletricidade é uma das ciências da IA\r\n(    ) Pensar como ser humano é um dos quadrantes das definições de IA\r\n(    ) Pensar como máquina é um dos quadrantes das definições da IA\r\n', 22, 'V-V-V-F', 0, 'Incorreto. Você precisa estudar mais sobre o(s) objeto(s): 1.1-pensar como ser humano e 1.5-ciências da inteligência artificial');
INSERT INTO "STI"."USER"."ex_questionario_temp" (ID_QUESTIONARIO, ID_DISCIPLINA, ID_USUARIO, ID_QUESTAO, ENUNCIADO, ID_ALTERNATIVA, FRASE, CORRETA, FEEDBACK) VALUES(34, 3, 1, 6, 'Assinale com V para verdadeiro e F para falso, e depois marque a alternativa correta:\r\n\r\n(    ) A Filosofia é uma das ciências da IA\r\n(    ) A Eletricidade é uma das ciências da IA\r\n(    ) Pensar como ser humano é um dos quadrantes das definições de IA\r\n(    ) Pensar como máquina é um dos quadrantes das definições da IA\r\n', 24, 'F-F-V-F', 0, 'Incorreto. Você precisa estudar mais sobre o(s) objeto(s): 1.1-pensar como ser humano e 1.5-ciências da inteligência artificial');
INSERT INTO "STI"."USER"."ex_questionario_temp" (ID_QUESTIONARIO, ID_DISCIPLINA, ID_USUARIO, ID_QUESTAO, ENUNCIADO, ID_ALTERNATIVA, FRASE, CORRETA, FEEDBACK) VALUES(34, 3, 1, 6, 'Assinale com V para verdadeiro e F para falso, e depois marque a alternativa correta:\r\n\r\n(    ) A Filosofia é uma das ciências da IA\r\n(    ) A Eletricidade é uma das ciências da IA\r\n(    ) Pensar como ser humano é um dos quadrantes das definições de IA\r\n(    ) Pensar como máquina é um dos quadrantes das definições da IA\r\n', 21, 'V-F-V-V', 0, 'Incorreto. Você precisa estudar mais sobre o(s) objeto(s): 1.1-pensar como ser humano e 1.5-ciências da inteligência artificial');
INSERT INTO "STI"."USER"."ex_questionario_temp" (ID_QUESTIONARIO, ID_DISCIPLINA, ID_USUARIO, ID_QUESTAO, ENUNCIADO, ID_ALTERNATIVA, FRASE, CORRETA, FEEDBACK) VALUES(34, 3, 1, 6, 'Assinale com V para verdadeiro e F para falso, e depois marque a alternativa correta:\r\n\r\n(    ) A Filosofia é uma das ciências da IA\r\n(    ) A Eletricidade é uma das ciências da IA\r\n(    ) Pensar como ser humano é um dos quadrantes das definições de IA\r\n(    ) Pensar como máquina é um dos quadrantes das definições da IA\r\n', 22, 'V-V-V-F', 0, 'Incorreto. Você precisa estudar mais sobre o(s) objeto(s): 1.1-pensar como ser humano e 1.5-ciências da inteligência artificial');
INSERT INTO "STI"."USER"."ex_questionario_temp" (ID_QUESTIONARIO, ID_DISCIPLINA, ID_USUARIO, ID_QUESTAO, ENUNCIADO, ID_ALTERNATIVA, FRASE, CORRETA, FEEDBACK) VALUES(34, 3, 1, 6, 'Assinale com V para verdadeiro e F para falso, e depois marque a alternativa correta:\r\n\r\n(    ) A Filosofia é uma das ciências da IA\r\n(    ) A Eletricidade é uma das ciências da IA\r\n(    ) Pensar como ser humano é um dos quadrantes das definições de IA\r\n(    ) Pensar como máquina é um dos quadrantes das definições da IA\r\n', 23, 'V-F-V-F', 1, 'Correto.');
INSERT INTO "STI"."USER"."ex_questionario_temp" (ID_QUESTIONARIO, ID_DISCIPLINA, ID_USUARIO, ID_QUESTAO, ENUNCIADO, ID_ALTERNATIVA, FRASE, CORRETA, FEEDBACK) VALUES(34, 3, 1, 6, 'Assinale com V para verdadeiro e F para falso, e depois marque a alternativa correta:\r\n\r\n(    ) A Filosofia é uma das ciências da IA\r\n(    ) A Eletricidade é uma das ciências da IA\r\n(    ) Pensar como ser humano é um dos quadrantes das definições de IA\r\n(    ) Pensar como máquina é um dos quadrantes das definições da IA\r\n', 21, 'V-F-V-V', 0, 'Incorreto. Você precisa estudar mais sobre o(s) objeto(s): 1.1-pensar como ser humano e 1.5-ciências da inteligência artificial');
INSERT INTO "STI"."USER"."ex_questionario_temp" (ID_QUESTIONARIO, ID_DISCIPLINA, ID_USUARIO, ID_QUESTAO, ENUNCIADO, ID_ALTERNATIVA, FRASE, CORRETA, FEEDBACK) VALUES(34, 3, 1, 6, 'Assinale com V para verdadeiro e F para falso, e depois marque a alternativa correta:\r\n\r\n(    ) A Filosofia é uma das ciências da IA\r\n(    ) A Eletricidade é uma das ciências da IA\r\n(    ) Pensar como ser humano é um dos quadrantes das definições de IA\r\n(    ) Pensar como máquina é um dos quadrantes das definições da IA\r\n', 24, 'F-F-V-F', 0, 'Incorreto. Você precisa estudar mais sobre o(s) objeto(s): 1.1-pensar como ser humano e 1.5-ciências da inteligência artificial');
INSERT INTO "STI"."USER"."ex_questionario_temp" (ID_QUESTIONARIO, ID_DISCIPLINA, ID_USUARIO, ID_QUESTAO, ENUNCIADO, ID_ALTERNATIVA, FRASE, CORRETA, FEEDBACK) VALUES(35, 3, 1, 6, 'Assinale com V para verdadeiro e F para falso, e depois marque a alternativa correta:\r\n\r\n(    ) A Filosofia é uma das ciências da IA\r\n(    ) A Eletricidade é uma das ciências da IA\r\n(    ) Pensar como ser humano é um dos quadrantes das definições de IA\r\n(    ) Pensar como máquina é um dos quadrantes das definições da IA\r\n', 21, 'V-F-V-V', 0, 'Incorreto. Você precisa estudar mais sobre o(s) objeto(s): 1.1-pensar como ser humano e 1.5-ciências da inteligência artificial');
INSERT INTO "STI"."USER"."ex_questionario_temp" (ID_QUESTIONARIO, ID_DISCIPLINA, ID_USUARIO, ID_QUESTAO, ENUNCIADO, ID_ALTERNATIVA, FRASE, CORRETA, FEEDBACK) VALUES(35, 3, 1, 6, 'Assinale com V para verdadeiro e F para falso, e depois marque a alternativa correta:\r\n\r\n(    ) A Filosofia é uma das ciências da IA\r\n(    ) A Eletricidade é uma das ciências da IA\r\n(    ) Pensar como ser humano é um dos quadrantes das definições de IA\r\n(    ) Pensar como máquina é um dos quadrantes das definições da IA\r\n', 22, 'V-V-V-F', 0, 'Incorreto. Você precisa estudar mais sobre o(s) objeto(s): 1.1-pensar como ser humano e 1.5-ciências da inteligência artificial');
INSERT INTO "STI"."USER"."ex_questionario_temp" (ID_QUESTIONARIO, ID_DISCIPLINA, ID_USUARIO, ID_QUESTAO, ENUNCIADO, ID_ALTERNATIVA, FRASE, CORRETA, FEEDBACK) VALUES(35, 3, 1, 6, 'Assinale com V para verdadeiro e F para falso, e depois marque a alternativa correta:\r\n\r\n(    ) A Filosofia é uma das ciências da IA\r\n(    ) A Eletricidade é uma das ciências da IA\r\n(    ) Pensar como ser humano é um dos quadrantes das definições de IA\r\n(    ) Pensar como máquina é um dos quadrantes das definições da IA\r\n', 23, 'V-F-V-F', 1, 'Correto.');
INSERT INTO "STI"."USER"."ex_questionario_temp" (ID_QUESTIONARIO, ID_DISCIPLINA, ID_USUARIO, ID_QUESTAO, ENUNCIADO, ID_ALTERNATIVA, FRASE, CORRETA, FEEDBACK) VALUES(35, 3, 1, 6, 'Assinale com V para verdadeiro e F para falso, e depois marque a alternativa correta:\r\n\r\n(    ) A Filosofia é uma das ciências da IA\r\n(    ) A Eletricidade é uma das ciências da IA\r\n(    ) Pensar como ser humano é um dos quadrantes das definições de IA\r\n(    ) Pensar como máquina é um dos quadrantes das definições da IA\r\n', 24, 'F-F-V-F', 0, 'Incorreto. Você precisa estudar mais sobre o(s) objeto(s): 1.1-pensar como ser humano e 1.5-ciências da inteligência artificial');
INSERT INTO "STI"."USER"."ex_questionario_temp" (ID_QUESTIONARIO, ID_DISCIPLINA, ID_USUARIO, ID_QUESTAO, ENUNCIADO, ID_ALTERNATIVA, FRASE, CORRETA, FEEDBACK) VALUES(35, 3, 1, 9, 'Quais são as linhas de pesquisa da IA:\r\n\r\n(    ) linha simbólica\r\n(    ) linha conexionista\r\n(    ) linha racional\r\n(    ) linha evolucionária\r\n(    ) linha sintética', 36, 'V-V-V-V-F', 0, 'Incorreto. Você precisa estudar mais sobre o(s) objeto(s): 2-linhas de pesquisa');
INSERT INTO "STI"."USER"."ex_questionario_temp" (ID_QUESTIONARIO, ID_DISCIPLINA, ID_USUARIO, ID_QUESTAO, ENUNCIADO, ID_ALTERNATIVA, FRASE, CORRETA, FEEDBACK) VALUES(35, 3, 1, 9, 'Quais são as linhas de pesquisa da IA:\r\n\r\n(    ) linha simbólica\r\n(    ) linha conexionista\r\n(    ) linha racional\r\n(    ) linha evolucionária\r\n(    ) linha sintética', 35, 'V-V-F-V-F', 1, 'Correto.');
INSERT INTO "STI"."USER"."ex_questionario_temp" (ID_QUESTIONARIO, ID_DISCIPLINA, ID_USUARIO, ID_QUESTAO, ENUNCIADO, ID_ALTERNATIVA, FRASE, CORRETA, FEEDBACK) VALUES(35, 3, 1, 9, 'Quais são as linhas de pesquisa da IA:\r\n\r\n(    ) linha simbólica\r\n(    ) linha conexionista\r\n(    ) linha racional\r\n(    ) linha evolucionária\r\n(    ) linha sintética', 33, 'V-V-F-V-V', 0, 'Incorreto. Você precisa estudar mais sobre o(s) objeto(s): 2-linhas de pesquisa');
INSERT INTO "STI"."USER"."ex_questionario_temp" (ID_QUESTIONARIO, ID_DISCIPLINA, ID_USUARIO, ID_QUESTAO, ENUNCIADO, ID_ALTERNATIVA, FRASE, CORRETA, FEEDBACK) VALUES(35, 3, 1, 9, 'Quais são as linhas de pesquisa da IA:\r\n\r\n(    ) linha simbólica\r\n(    ) linha conexionista\r\n(    ) linha racional\r\n(    ) linha evolucionária\r\n(    ) linha sintética', 34, 'F-V-V-V-F', 0, 'Incorreto. Você precisa estudar mais sobre o(s) objeto(s): 2-linhas de pesquisa');
INSERT INTO "STI"."USER"."ex_questionario_temp" (ID_QUESTIONARIO, ID_DISCIPLINA, ID_USUARIO, ID_QUESTAO, ENUNCIADO, ID_ALTERNATIVA, FRASE, CORRETA, FEEDBACK) VALUES(36, 3, 1, 5, ' A definição de IA, "a Inteligência Computacional é o estudo do projeto de agentes inteligentes", refere-se a:', 20, 'agir racionalmente', 1, 'Correto.');
INSERT INTO "STI"."USER"."ex_questionario_temp" (ID_QUESTIONARIO, ID_DISCIPLINA, ID_USUARIO, ID_QUESTAO, ENUNCIADO, ID_ALTERNATIVA, FRASE, CORRETA, FEEDBACK) VALUES(36, 3, 1, 5, ' A definição de IA, "a Inteligência Computacional é o estudo do projeto de agentes inteligentes", refere-se a:', 18, 'pensar racionalmente', 0, 'Incorreto. Você precisa estudar mais sobre o(s) objeto(s): 1.4-agir racionalmente');
INSERT INTO "STI"."USER"."ex_questionario_temp" (ID_QUESTIONARIO, ID_DISCIPLINA, ID_USUARIO, ID_QUESTAO, ENUNCIADO, ID_ALTERNATIVA, FRASE, CORRETA, FEEDBACK) VALUES(36, 3, 1, 5, ' A definição de IA, "a Inteligência Computacional é o estudo do projeto de agentes inteligentes", refere-se a:', 19, 'agir como ser humano', 0, 'Incorreto. Você precisa estudar mais sobre o(s) objeto(s): 1.4-agir racionalmente');
INSERT INTO "STI"."USER"."ex_questionario_temp" (ID_QUESTIONARIO, ID_DISCIPLINA, ID_USUARIO, ID_QUESTAO, ENUNCIADO, ID_ALTERNATIVA, FRASE, CORRETA, FEEDBACK) VALUES(36, 3, 1, 5, ' A definição de IA, "a Inteligência Computacional é o estudo do projeto de agentes inteligentes", refere-se a:', 17, 'pensar como ser humano', 0, 'Incorreto. Você precisa estudar mais sobre o(s) objeto(s): 1.4-agir racionalmente');
INSERT INTO "STI"."USER"."ex_questionario_temp" (ID_QUESTIONARIO, ID_DISCIPLINA, ID_USUARIO, ID_QUESTAO, ENUNCIADO, ID_ALTERNATIVA, FRASE, CORRETA, FEEDBACK) VALUES(36, 3, 1, 8, 'Quando a complexidade do problema tende a crescer de forma exponencial com o aumento das instâncias do problema, estamos falando de:', 32, 'neurociência cognitiva', 0, 'Incorreto. Você precisa estudar mais sobre o(s) objeto(s): 1.7-explosão combinatória');
INSERT INTO "STI"."USER"."ex_questionario_temp" (ID_QUESTIONARIO, ID_DISCIPLINA, ID_USUARIO, ID_QUESTAO, ENUNCIADO, ID_ALTERNATIVA, FRASE, CORRETA, FEEDBACK) VALUES(36, 3, 1, 8, 'Quando a complexidade do problema tende a crescer de forma exponencial com o aumento das instâncias do problema, estamos falando de:', 29, 'agir como ser humano', 0, 'Incorreto. Você precisa estudar mais sobre o(s) objeto(s): 1.7-explosão combinatória');
INSERT INTO "STI"."USER"."ex_questionario_temp" (ID_QUESTIONARIO, ID_DISCIPLINA, ID_USUARIO, ID_QUESTAO, ENUNCIADO, ID_ALTERNATIVA, FRASE, CORRETA, FEEDBACK) VALUES(36, 3, 1, 8, 'Quando a complexidade do problema tende a crescer de forma exponencial com o aumento das instâncias do problema, estamos falando de:', 30, 'explosão combinatória', 1, 'Correto.');
INSERT INTO "STI"."USER"."ex_questionario_temp" (ID_QUESTIONARIO, ID_DISCIPLINA, ID_USUARIO, ID_QUESTAO, ENUNCIADO, ID_ALTERNATIVA, FRASE, CORRETA, FEEDBACK) VALUES(36, 3, 1, 8, 'Quando a complexidade do problema tende a crescer de forma exponencial com o aumento das instâncias do problema, estamos falando de:', 31, 'lógica modal', 0, 'Incorreto. Você precisa estudar mais sobre o(s) objeto(s): 1.7-explosão combinatória');
INSERT INTO "STI"."USER"."ex_questionario_temp" (ID_QUESTIONARIO, ID_DISCIPLINA, ID_USUARIO, ID_QUESTAO, ENUNCIADO, ID_ALTERNATIVA, FRASE, CORRETA, FEEDBACK) VALUES(37, 3, 1, 6, 'Assinale com V para verdadeiro e F para falso, e depois marque a alternativa correta:\r\n\r\n(    ) A Filosofia é uma das ciências da IA\r\n(    ) A Eletricidade é uma das ciências da IA\r\n(    ) Pensar como ser humano é um dos quadrantes das definições de IA\r\n(    ) Pensar como máquina é um dos quadrantes das definições da IA\r\n', 23, 'V-F-V-F', 1, 'Correto.');
INSERT INTO "STI"."USER"."ex_questionario_temp" (ID_QUESTIONARIO, ID_DISCIPLINA, ID_USUARIO, ID_QUESTAO, ENUNCIADO, ID_ALTERNATIVA, FRASE, CORRETA, FEEDBACK) VALUES(37, 3, 1, 6, 'Assinale com V para verdadeiro e F para falso, e depois marque a alternativa correta:\r\n\r\n(    ) A Filosofia é uma das ciências da IA\r\n(    ) A Eletricidade é uma das ciências da IA\r\n(    ) Pensar como ser humano é um dos quadrantes das definições de IA\r\n(    ) Pensar como máquina é um dos quadrantes das definições da IA\r\n', 22, 'V-V-V-F', 0, 'Incorreto. Você precisa estudar mais sobre o(s) objeto(s): 1.1-pensar como ser humano e 1.5-ciências da inteligência artificial');
INSERT INTO "STI"."USER"."ex_questionario_temp" (ID_QUESTIONARIO, ID_DISCIPLINA, ID_USUARIO, ID_QUESTAO, ENUNCIADO, ID_ALTERNATIVA, FRASE, CORRETA, FEEDBACK) VALUES(37, 3, 1, 6, 'Assinale com V para verdadeiro e F para falso, e depois marque a alternativa correta:\r\n\r\n(    ) A Filosofia é uma das ciências da IA\r\n(    ) A Eletricidade é uma das ciências da IA\r\n(    ) Pensar como ser humano é um dos quadrantes das definições de IA\r\n(    ) Pensar como máquina é um dos quadrantes das definições da IA\r\n', 24, 'F-F-V-F', 0, 'Incorreto. Você precisa estudar mais sobre o(s) objeto(s): 1.1-pensar como ser humano e 1.5-ciências da inteligência artificial');
INSERT INTO "STI"."USER"."ex_questionario_temp" (ID_QUESTIONARIO, ID_DISCIPLINA, ID_USUARIO, ID_QUESTAO, ENUNCIADO, ID_ALTERNATIVA, FRASE, CORRETA, FEEDBACK) VALUES(37, 3, 1, 6, 'Assinale com V para verdadeiro e F para falso, e depois marque a alternativa correta:\r\n\r\n(    ) A Filosofia é uma das ciências da IA\r\n(    ) A Eletricidade é uma das ciências da IA\r\n(    ) Pensar como ser humano é um dos quadrantes das definições de IA\r\n(    ) Pensar como máquina é um dos quadrantes das definições da IA\r\n', 21, 'V-F-V-V', 0, 'Incorreto. Você precisa estudar mais sobre o(s) objeto(s): 1.1-pensar como ser humano e 1.5-ciências da inteligência artificial');
INSERT INTO "STI"."USER"."ex_questionario_temp" (ID_QUESTIONARIO, ID_DISCIPLINA, ID_USUARIO, ID_QUESTAO, ENUNCIADO, ID_ALTERNATIVA, FRASE, CORRETA, FEEDBACK) VALUES(37, 3, 1, 10, 'Sistemas especialistas são um exemplo da linha de pesquisa:', 37, 'simbólica', 1, 'Correto.');
INSERT INTO "STI"."USER"."ex_questionario_temp" (ID_QUESTIONARIO, ID_DISCIPLINA, ID_USUARIO, ID_QUESTAO, ENUNCIADO, ID_ALTERNATIVA, FRASE, CORRETA, FEEDBACK) VALUES(37, 3, 1, 10, 'Sistemas especialistas são um exemplo da linha de pesquisa:', 39, 'evolucionária', 0, 'Incorreto. Você precisa estudar mais sobre o(s) objeto(s): 2.1-linha simbólica e 2.1.1-sistema especialista');
INSERT INTO "STI"."USER"."ex_questionario_temp" (ID_QUESTIONARIO, ID_DISCIPLINA, ID_USUARIO, ID_QUESTAO, ENUNCIADO, ID_ALTERNATIVA, FRASE, CORRETA, FEEDBACK) VALUES(37, 3, 1, 10, 'Sistemas especialistas são um exemplo da linha de pesquisa:', 38, 'conexionista', 0, 'Incorreto. Você precisa estudar mais sobre o(s) objeto(s): 2.1-linha simbólica e 2.1.1-sistema especialista');
INSERT INTO "STI"."USER"."ex_questionario_temp" (ID_QUESTIONARIO, ID_DISCIPLINA, ID_USUARIO, ID_QUESTAO, ENUNCIADO, ID_ALTERNATIVA, FRASE, CORRETA, FEEDBACK) VALUES(37, 3, 1, 10, 'Sistemas especialistas são um exemplo da linha de pesquisa:', 40, 'racional', 0, 'Incorreto. Você precisa estudar mais sobre o(s) objeto(s): 2.1-linha simbólica e 2.1.1-sistema especialista');
INSERT INTO "STI"."USER"."ex_questionario_temp" (ID_QUESTIONARIO, ID_DISCIPLINA, ID_USUARIO, ID_QUESTAO, ENUNCIADO, ID_ALTERNATIVA, FRASE, CORRETA, FEEDBACK) VALUES(38, 3, 1, 4, '"A arte de criar máquinas que executam funções que exigem inteligência quando executadas por pessoas" refere-se ao seguinte quadrante:', 14, 'pensar racionalmente', 0, 'Incorreto. Você precisa estudar mais sobre o(s) objeto(s): 1.3-agir como ser humano');
INSERT INTO "STI"."USER"."ex_questionario_temp" (ID_QUESTIONARIO, ID_DISCIPLINA, ID_USUARIO, ID_QUESTAO, ENUNCIADO, ID_ALTERNATIVA, FRASE, CORRETA, FEEDBACK) VALUES(38, 3, 1, 4, '"A arte de criar máquinas que executam funções que exigem inteligência quando executadas por pessoas" refere-se ao seguinte quadrante:', 15, 'agir como ser humano', 1, 'Correto.');
INSERT INTO "STI"."USER"."ex_questionario_temp" (ID_QUESTIONARIO, ID_DISCIPLINA, ID_USUARIO, ID_QUESTAO, ENUNCIADO, ID_ALTERNATIVA, FRASE, CORRETA, FEEDBACK) VALUES(38, 3, 1, 4, '"A arte de criar máquinas que executam funções que exigem inteligência quando executadas por pessoas" refere-se ao seguinte quadrante:', 13, 'pensar como ser humano', 0, 'Incorreto. Você precisa estudar mais sobre o(s) objeto(s): 1.3-agir como ser humano');
INSERT INTO "STI"."USER"."ex_questionario_temp" (ID_QUESTIONARIO, ID_DISCIPLINA, ID_USUARIO, ID_QUESTAO, ENUNCIADO, ID_ALTERNATIVA, FRASE, CORRETA, FEEDBACK) VALUES(38, 3, 1, 4, '"A arte de criar máquinas que executam funções que exigem inteligência quando executadas por pessoas" refere-se ao seguinte quadrante:', 16, 'agir racionalmente', 0, 'Incorreto. Você precisa estudar mais sobre o(s) objeto(s): 1.3-agir como ser humano');
INSERT INTO "STI"."USER"."ex_questionario_temp" (ID_QUESTIONARIO, ID_DISCIPLINA, ID_USUARIO, ID_QUESTAO, ENUNCIADO, ID_ALTERNATIVA, FRASE, CORRETA, FEEDBACK) VALUES(38, 3, 1, 3, 'A definição:  "o estudo das faculdades mentais pelo uso de modelos computacionais", refere-se ao quadrante:', 10, 'pensar racionalmente', 1, 'Correto.');
INSERT INTO "STI"."USER"."ex_questionario_temp" (ID_QUESTIONARIO, ID_DISCIPLINA, ID_USUARIO, ID_QUESTAO, ENUNCIADO, ID_ALTERNATIVA, FRASE, CORRETA, FEEDBACK) VALUES(38, 3, 1, 3, 'A definição:  "o estudo das faculdades mentais pelo uso de modelos computacionais", refere-se ao quadrante:', 11, 'agir como ser humano', 0, 'Incorreto. Você precisa estudar mais sobre o(s) objeto(s): 1.2-pensar racionalmente');
INSERT INTO "STI"."USER"."ex_questionario_temp" (ID_QUESTIONARIO, ID_DISCIPLINA, ID_USUARIO, ID_QUESTAO, ENUNCIADO, ID_ALTERNATIVA, FRASE, CORRETA, FEEDBACK) VALUES(38, 3, 1, 3, 'A definição:  "o estudo das faculdades mentais pelo uso de modelos computacionais", refere-se ao quadrante:', 9, 'pensar como ser humano', 0, 'Incorreto. Você precisa estudar mais sobre o(s) objeto(s): 1.2-pensar racionalmente');
INSERT INTO "STI"."USER"."ex_questionario_temp" (ID_QUESTIONARIO, ID_DISCIPLINA, ID_USUARIO, ID_QUESTAO, ENUNCIADO, ID_ALTERNATIVA, FRASE, CORRETA, FEEDBACK) VALUES(38, 3, 1, 3, 'A definição:  "o estudo das faculdades mentais pelo uso de modelos computacionais", refere-se ao quadrante:', 12, 'agir racionalmente', 0, 'Incorreto. Você precisa estudar mais sobre o(s) objeto(s): 1.2-pensar racionalmente');
INSERT INTO "STI"."USER"."ex_questionario_temp" (ID_QUESTIONARIO, ID_DISCIPLINA, ID_USUARIO, ID_QUESTAO, ENUNCIADO, ID_ALTERNATIVA, FRASE, CORRETA, FEEDBACK) VALUES(39, 3, 1, 3, 'A definição:  "o estudo das faculdades mentais pelo uso de modelos computacionais", refere-se ao quadrante:', 9, 'pensar como ser humano', 0, 'Incorreto. Você precisa estudar mais sobre o(s) objeto(s): 1.2-pensar racionalmente');
INSERT INTO "STI"."USER"."ex_questionario_temp" (ID_QUESTIONARIO, ID_DISCIPLINA, ID_USUARIO, ID_QUESTAO, ENUNCIADO, ID_ALTERNATIVA, FRASE, CORRETA, FEEDBACK) VALUES(39, 3, 1, 3, 'A definição:  "o estudo das faculdades mentais pelo uso de modelos computacionais", refere-se ao quadrante:', 12, 'agir racionalmente', 0, 'Incorreto. Você precisa estudar mais sobre o(s) objeto(s): 1.2-pensar racionalmente');
INSERT INTO "STI"."USER"."ex_questionario_temp" (ID_QUESTIONARIO, ID_DISCIPLINA, ID_USUARIO, ID_QUESTAO, ENUNCIADO, ID_ALTERNATIVA, FRASE, CORRETA, FEEDBACK) VALUES(39, 3, 1, 3, 'A definição:  "o estudo das faculdades mentais pelo uso de modelos computacionais", refere-se ao quadrante:', 11, 'agir como ser humano', 0, 'Incorreto. Você precisa estudar mais sobre o(s) objeto(s): 1.2-pensar racionalmente');
INSERT INTO "STI"."USER"."ex_questionario_temp" (ID_QUESTIONARIO, ID_DISCIPLINA, ID_USUARIO, ID_QUESTAO, ENUNCIADO, ID_ALTERNATIVA, FRASE, CORRETA, FEEDBACK) VALUES(39, 3, 1, 3, 'A definição:  "o estudo das faculdades mentais pelo uso de modelos computacionais", refere-se ao quadrante:', 10, 'pensar racionalmente', 1, 'Correto.');
INSERT INTO "STI"."USER"."ex_questionario_temp" (ID_QUESTIONARIO, ID_DISCIPLINA, ID_USUARIO, ID_QUESTAO, ENUNCIADO, ID_ALTERNATIVA, FRASE, CORRETA, FEEDBACK) VALUES(39, 3, 1, 6, 'Assinale com V para verdadeiro e F para falso, e depois marque a alternativa correta:\r\n\r\n(    ) A Filosofia é uma das ciências da IA\r\n(    ) A Eletricidade é uma das ciências da IA\r\n(    ) Pensar como ser humano é um dos quadrantes das definições de IA\r\n(    ) Pensar como máquina é um dos quadrantes das definições da IA\r\n', 23, 'V-F-V-F', 1, 'Correto.');
INSERT INTO "STI"."USER"."ex_questionario_temp" (ID_QUESTIONARIO, ID_DISCIPLINA, ID_USUARIO, ID_QUESTAO, ENUNCIADO, ID_ALTERNATIVA, FRASE, CORRETA, FEEDBACK) VALUES(39, 3, 1, 6, 'Assinale com V para verdadeiro e F para falso, e depois marque a alternativa correta:\r\n\r\n(    ) A Filosofia é uma das ciências da IA\r\n(    ) A Eletricidade é uma das ciências da IA\r\n(    ) Pensar como ser humano é um dos quadrantes das definições de IA\r\n(    ) Pensar como máquina é um dos quadrantes das definições da IA\r\n', 24, 'F-F-V-F', 0, 'Incorreto. Você precisa estudar mais sobre o(s) objeto(s): 1.1-pensar como ser humano e 1.5-ciências da inteligência artificial');
INSERT INTO "STI"."USER"."ex_questionario_temp" (ID_QUESTIONARIO, ID_DISCIPLINA, ID_USUARIO, ID_QUESTAO, ENUNCIADO, ID_ALTERNATIVA, FRASE, CORRETA, FEEDBACK) VALUES(39, 3, 1, 6, 'Assinale com V para verdadeiro e F para falso, e depois marque a alternativa correta:\r\n\r\n(    ) A Filosofia é uma das ciências da IA\r\n(    ) A Eletricidade é uma das ciências da IA\r\n(    ) Pensar como ser humano é um dos quadrantes das definições de IA\r\n(    ) Pensar como máquina é um dos quadrantes das definições da IA\r\n', 21, 'V-F-V-V', 0, 'Incorreto. Você precisa estudar mais sobre o(s) objeto(s): 1.1-pensar como ser humano e 1.5-ciências da inteligência artificial');
INSERT INTO "STI"."USER"."ex_questionario_temp" (ID_QUESTIONARIO, ID_DISCIPLINA, ID_USUARIO, ID_QUESTAO, ENUNCIADO, ID_ALTERNATIVA, FRASE, CORRETA, FEEDBACK) VALUES(39, 3, 1, 6, 'Assinale com V para verdadeiro e F para falso, e depois marque a alternativa correta:\r\n\r\n(    ) A Filosofia é uma das ciências da IA\r\n(    ) A Eletricidade é uma das ciências da IA\r\n(    ) Pensar como ser humano é um dos quadrantes das definições de IA\r\n(    ) Pensar como máquina é um dos quadrantes das definições da IA\r\n', 22, 'V-V-V-F', 0, 'Incorreto. Você precisa estudar mais sobre o(s) objeto(s): 1.1-pensar como ser humano e 1.5-ciências da inteligência artificial');
INSERT INTO "STI"."USER"."ex_questionario_temp" (ID_QUESTIONARIO, ID_DISCIPLINA, ID_USUARIO, ID_QUESTAO, ENUNCIADO, ID_ALTERNATIVA, FRASE, CORRETA, FEEDBACK) VALUES(40, 3, 1, 2, 'A seguinte definição: "[Automatização de] atividades que associamos ao pensamento humano, atividades como a tomada de decisões, a resolução de problemas, o aprendizado"; refere-se a:', 5, 'pensar como ser humano', 1, 'Correto.');
INSERT INTO "STI"."USER"."ex_questionario_temp" (ID_QUESTIONARIO, ID_DISCIPLINA, ID_USUARIO, ID_QUESTAO, ENUNCIADO, ID_ALTERNATIVA, FRASE, CORRETA, FEEDBACK) VALUES(40, 3, 1, 2, 'A seguinte definição: "[Automatização de] atividades que associamos ao pensamento humano, atividades como a tomada de decisões, a resolução de problemas, o aprendizado"; refere-se a:', 8, 'agir racionalmente', 0, 'Incorreto. Você precisa estudar mais sobre o(s) objeto(s): 1.1-pensar como ser humano');
INSERT INTO "STI"."USER"."ex_questionario_temp" (ID_QUESTIONARIO, ID_DISCIPLINA, ID_USUARIO, ID_QUESTAO, ENUNCIADO, ID_ALTERNATIVA, FRASE, CORRETA, FEEDBACK) VALUES(40, 3, 1, 2, 'A seguinte definição: "[Automatização de] atividades que associamos ao pensamento humano, atividades como a tomada de decisões, a resolução de problemas, o aprendizado"; refere-se a:', 6, 'pensar racionalmente', 0, 'Incorreto. Você precisa estudar mais sobre o(s) objeto(s): 1.1-pensar como ser humano');
INSERT INTO "STI"."USER"."ex_questionario_temp" (ID_QUESTIONARIO, ID_DISCIPLINA, ID_USUARIO, ID_QUESTAO, ENUNCIADO, ID_ALTERNATIVA, FRASE, CORRETA, FEEDBACK) VALUES(40, 3, 1, 2, 'A seguinte definição: "[Automatização de] atividades que associamos ao pensamento humano, atividades como a tomada de decisões, a resolução de problemas, o aprendizado"; refere-se a:', 7, 'agir como ser humano', 0, 'Incorreto. Você precisa estudar mais sobre o(s) objeto(s): 1.1-pensar como ser humano');
INSERT INTO "STI"."USER"."ex_questionario_temp" (ID_QUESTIONARIO, ID_DISCIPLINA, ID_USUARIO, ID_QUESTAO, ENUNCIADO, ID_ALTERNATIVA, FRASE, CORRETA, FEEDBACK) VALUES(40, 3, 1, 4, '"A arte de criar máquinas que executam funções que exigem inteligência quando executadas por pessoas" refere-se ao seguinte quadrante:', 15, 'agir como ser humano', 1, 'Correto.');
INSERT INTO "STI"."USER"."ex_questionario_temp" (ID_QUESTIONARIO, ID_DISCIPLINA, ID_USUARIO, ID_QUESTAO, ENUNCIADO, ID_ALTERNATIVA, FRASE, CORRETA, FEEDBACK) VALUES(40, 3, 1, 4, '"A arte de criar máquinas que executam funções que exigem inteligência quando executadas por pessoas" refere-se ao seguinte quadrante:', 16, 'agir racionalmente', 0, 'Incorreto. Você precisa estudar mais sobre o(s) objeto(s): 1.3-agir como ser humano');
INSERT INTO "STI"."USER"."ex_questionario_temp" (ID_QUESTIONARIO, ID_DISCIPLINA, ID_USUARIO, ID_QUESTAO, ENUNCIADO, ID_ALTERNATIVA, FRASE, CORRETA, FEEDBACK) VALUES(40, 3, 1, 4, '"A arte de criar máquinas que executam funções que exigem inteligência quando executadas por pessoas" refere-se ao seguinte quadrante:', 14, 'pensar racionalmente', 0, 'Incorreto. Você precisa estudar mais sobre o(s) objeto(s): 1.3-agir como ser humano');
INSERT INTO "STI"."USER"."ex_questionario_temp" (ID_QUESTIONARIO, ID_DISCIPLINA, ID_USUARIO, ID_QUESTAO, ENUNCIADO, ID_ALTERNATIVA, FRASE, CORRETA, FEEDBACK) VALUES(40, 3, 1, 4, '"A arte de criar máquinas que executam funções que exigem inteligência quando executadas por pessoas" refere-se ao seguinte quadrante:', 13, 'pensar como ser humano', 0, 'Incorreto. Você precisa estudar mais sobre o(s) objeto(s): 1.3-agir como ser humano');
INSERT INTO "STI"."USER"."ex_questionario_temp" (ID_QUESTIONARIO, ID_DISCIPLINA, ID_USUARIO, ID_QUESTAO, ENUNCIADO, ID_ALTERNATIVA, FRASE, CORRETA, FEEDBACK) VALUES(41, 3, 1, 10, 'Sistemas especialistas são um exemplo da linha de pesquisa:', 37, 'simbólica', 1, 'Correto.');
INSERT INTO "STI"."USER"."ex_questionario_temp" (ID_QUESTIONARIO, ID_DISCIPLINA, ID_USUARIO, ID_QUESTAO, ENUNCIADO, ID_ALTERNATIVA, FRASE, CORRETA, FEEDBACK) VALUES(41, 3, 1, 10, 'Sistemas especialistas são um exemplo da linha de pesquisa:', 40, 'racional', 0, 'Incorreto. Você precisa estudar mais sobre o(s) objeto(s): 2.1-linha simbólica e 2.1.1-sistema especialista');
INSERT INTO "STI"."USER"."ex_questionario_temp" (ID_QUESTIONARIO, ID_DISCIPLINA, ID_USUARIO, ID_QUESTAO, ENUNCIADO, ID_ALTERNATIVA, FRASE, CORRETA, FEEDBACK) VALUES(41, 3, 1, 10, 'Sistemas especialistas são um exemplo da linha de pesquisa:', 39, 'evolucionária', 0, 'Incorreto. Você precisa estudar mais sobre o(s) objeto(s): 2.1-linha simbólica e 2.1.1-sistema especialista');
INSERT INTO "STI"."USER"."ex_questionario_temp" (ID_QUESTIONARIO, ID_DISCIPLINA, ID_USUARIO, ID_QUESTAO, ENUNCIADO, ID_ALTERNATIVA, FRASE, CORRETA, FEEDBACK) VALUES(41, 3, 1, 10, 'Sistemas especialistas são um exemplo da linha de pesquisa:', 38, 'conexionista', 0, 'Incorreto. Você precisa estudar mais sobre o(s) objeto(s): 2.1-linha simbólica e 2.1.1-sistema especialista');
INSERT INTO "STI"."USER"."ex_questionario_temp" (ID_QUESTIONARIO, ID_DISCIPLINA, ID_USUARIO, ID_QUESTAO, ENUNCIADO, ID_ALTERNATIVA, FRASE, CORRETA, FEEDBACK) VALUES(41, 3, 1, 2, 'A seguinte definição: "[Automatização de] atividades que associamos ao pensamento humano, atividades como a tomada de decisões, a resolução de problemas, o aprendizado"; refere-se a:', 8, 'agir racionalmente', 0, 'Incorreto. Você precisa estudar mais sobre o(s) objeto(s): 1.1-pensar como ser humano');
INSERT INTO "STI"."USER"."ex_questionario_temp" (ID_QUESTIONARIO, ID_DISCIPLINA, ID_USUARIO, ID_QUESTAO, ENUNCIADO, ID_ALTERNATIVA, FRASE, CORRETA, FEEDBACK) VALUES(41, 3, 1, 2, 'A seguinte definição: "[Automatização de] atividades que associamos ao pensamento humano, atividades como a tomada de decisões, a resolução de problemas, o aprendizado"; refere-se a:', 6, 'pensar racionalmente', 0, 'Incorreto. Você precisa estudar mais sobre o(s) objeto(s): 1.1-pensar como ser humano');
INSERT INTO "STI"."USER"."ex_questionario_temp" (ID_QUESTIONARIO, ID_DISCIPLINA, ID_USUARIO, ID_QUESTAO, ENUNCIADO, ID_ALTERNATIVA, FRASE, CORRETA, FEEDBACK) VALUES(41, 3, 1, 2, 'A seguinte definição: "[Automatização de] atividades que associamos ao pensamento humano, atividades como a tomada de decisões, a resolução de problemas, o aprendizado"; refere-se a:', 5, 'pensar como ser humano', 1, 'Correto.');
INSERT INTO "STI"."USER"."ex_questionario_temp" (ID_QUESTIONARIO, ID_DISCIPLINA, ID_USUARIO, ID_QUESTAO, ENUNCIADO, ID_ALTERNATIVA, FRASE, CORRETA, FEEDBACK) VALUES(41, 3, 1, 2, 'A seguinte definição: "[Automatização de] atividades que associamos ao pensamento humano, atividades como a tomada de decisões, a resolução de problemas, o aprendizado"; refere-se a:', 7, 'agir como ser humano', 0, 'Incorreto. Você precisa estudar mais sobre o(s) objeto(s): 1.1-pensar como ser humano');
INSERT INTO "STI"."USER"."ex_questionario_temp" (ID_QUESTIONARIO, ID_DISCIPLINA, ID_USUARIO, ID_QUESTAO, ENUNCIADO, ID_ALTERNATIVA, FRASE, CORRETA, FEEDBACK) VALUES(42, 3, 1, 9, 'Quais são as linhas de pesquisa da IA:\r\n\r\n(    ) linha simbólica\r\n(    ) linha conexionista\r\n(    ) linha racional\r\n(    ) linha evolucionária\r\n(    ) linha sintética', 33, 'V-V-F-V-V', 0, 'Incorreto. Você precisa estudar mais sobre o(s) objeto(s): 2-linhas de pesquisa');
INSERT INTO "STI"."USER"."ex_questionario_temp" (ID_QUESTIONARIO, ID_DISCIPLINA, ID_USUARIO, ID_QUESTAO, ENUNCIADO, ID_ALTERNATIVA, FRASE, CORRETA, FEEDBACK) VALUES(42, 3, 1, 9, 'Quais são as linhas de pesquisa da IA:\r\n\r\n(    ) linha simbólica\r\n(    ) linha conexionista\r\n(    ) linha racional\r\n(    ) linha evolucionária\r\n(    ) linha sintética', 36, 'V-V-V-V-F', 0, 'Incorreto. Você precisa estudar mais sobre o(s) objeto(s): 2-linhas de pesquisa');
INSERT INTO "STI"."USER"."ex_questionario_temp" (ID_QUESTIONARIO, ID_DISCIPLINA, ID_USUARIO, ID_QUESTAO, ENUNCIADO, ID_ALTERNATIVA, FRASE, CORRETA, FEEDBACK) VALUES(42, 3, 1, 9, 'Quais são as linhas de pesquisa da IA:\r\n\r\n(    ) linha simbólica\r\n(    ) linha conexionista\r\n(    ) linha racional\r\n(    ) linha evolucionária\r\n(    ) linha sintética', 35, 'V-V-F-V-F', 1, 'Correto.');
INSERT INTO "STI"."USER"."ex_questionario_temp" (ID_QUESTIONARIO, ID_DISCIPLINA, ID_USUARIO, ID_QUESTAO, ENUNCIADO, ID_ALTERNATIVA, FRASE, CORRETA, FEEDBACK) VALUES(42, 3, 1, 9, 'Quais são as linhas de pesquisa da IA:\r\n\r\n(    ) linha simbólica\r\n(    ) linha conexionista\r\n(    ) linha racional\r\n(    ) linha evolucionária\r\n(    ) linha sintética', 34, 'F-V-V-V-F', 0, 'Incorreto. Você precisa estudar mais sobre o(s) objeto(s): 2-linhas de pesquisa');
INSERT INTO "STI"."USER"."ex_questionario_temp" (ID_QUESTIONARIO, ID_DISCIPLINA, ID_USUARIO, ID_QUESTAO, ENUNCIADO, ID_ALTERNATIVA, FRASE, CORRETA, FEEDBACK) VALUES(42, 3, 1, 7, 'Problemas que podem ser resolvidos na teoria, mas na prática levam muito tempo para que suas soluções sejam úteis. Estamos falando de:', 28, 'intratabilidade', 1, 'Correto.');
INSERT INTO "STI"."USER"."ex_questionario_temp" (ID_QUESTIONARIO, ID_DISCIPLINA, ID_USUARIO, ID_QUESTAO, ENUNCIADO, ID_ALTERNATIVA, FRASE, CORRETA, FEEDBACK) VALUES(42, 3, 1, 7, 'Problemas que podem ser resolvidos na teoria, mas na prática levam muito tempo para que suas soluções sejam úteis. Estamos falando de:', 26, 'agir racionalmente', 0, 'Incorreto. Você precisa estudar mais sobre o(s) objeto(s): 1.6-intratabilidade');
INSERT INTO "STI"."USER"."ex_questionario_temp" (ID_QUESTIONARIO, ID_DISCIPLINA, ID_USUARIO, ID_QUESTAO, ENUNCIADO, ID_ALTERNATIVA, FRASE, CORRETA, FEEDBACK) VALUES(42, 3, 1, 7, 'Problemas que podem ser resolvidos na teoria, mas na prática levam muito tempo para que suas soluções sejam úteis. Estamos falando de:', 25, 'pensar como ser humano', 0, 'Incorreto. Você precisa estudar mais sobre o(s) objeto(s): 1.6-intratabilidade');
INSERT INTO "STI"."USER"."ex_questionario_temp" (ID_QUESTIONARIO, ID_DISCIPLINA, ID_USUARIO, ID_QUESTAO, ENUNCIADO, ID_ALTERNATIVA, FRASE, CORRETA, FEEDBACK) VALUES(42, 3, 1, 7, 'Problemas que podem ser resolvidos na teoria, mas na prática levam muito tempo para que suas soluções sejam úteis. Estamos falando de:', 27, 'linha simbólica', 0, 'Incorreto. Você precisa estudar mais sobre o(s) objeto(s): 1.6-intratabilidade');
INSERT INTO "STI"."USER"."ex_questionario_temp" (ID_QUESTIONARIO, ID_DISCIPLINA, ID_USUARIO, ID_QUESTAO, ENUNCIADO, ID_ALTERNATIVA, FRASE, CORRETA, FEEDBACK) VALUES(43, 3, 1, 3, 'A definição:  "o estudo das faculdades mentais pelo uso de modelos computacionais", refere-se ao quadrante:', 11, 'agir como ser humano', 0, 'Incorreto. Você precisa estudar mais sobre o(s) objeto(s): 1.2-pensar racionalmente');
INSERT INTO "STI"."USER"."ex_questionario_temp" (ID_QUESTIONARIO, ID_DISCIPLINA, ID_USUARIO, ID_QUESTAO, ENUNCIADO, ID_ALTERNATIVA, FRASE, CORRETA, FEEDBACK) VALUES(43, 3, 1, 3, 'A definição:  "o estudo das faculdades mentais pelo uso de modelos computacionais", refere-se ao quadrante:', 9, 'pensar como ser humano', 0, 'Incorreto. Você precisa estudar mais sobre o(s) objeto(s): 1.2-pensar racionalmente');
INSERT INTO "STI"."USER"."ex_questionario_temp" (ID_QUESTIONARIO, ID_DISCIPLINA, ID_USUARIO, ID_QUESTAO, ENUNCIADO, ID_ALTERNATIVA, FRASE, CORRETA, FEEDBACK) VALUES(43, 3, 1, 3, 'A definição:  "o estudo das faculdades mentais pelo uso de modelos computacionais", refere-se ao quadrante:', 12, 'agir racionalmente', 0, 'Incorreto. Você precisa estudar mais sobre o(s) objeto(s): 1.2-pensar racionalmente');
INSERT INTO "STI"."USER"."ex_questionario_temp" (ID_QUESTIONARIO, ID_DISCIPLINA, ID_USUARIO, ID_QUESTAO, ENUNCIADO, ID_ALTERNATIVA, FRASE, CORRETA, FEEDBACK) VALUES(43, 3, 1, 3, 'A definição:  "o estudo das faculdades mentais pelo uso de modelos computacionais", refere-se ao quadrante:', 10, 'pensar racionalmente', 1, 'Correto.');
INSERT INTO "STI"."USER"."ex_questionario_temp" (ID_QUESTIONARIO, ID_DISCIPLINA, ID_USUARIO, ID_QUESTAO, ENUNCIADO, ID_ALTERNATIVA, FRASE, CORRETA, FEEDBACK) VALUES(43, 3, 1, 8, 'Quando a complexidade do problema tende a crescer de forma exponencial com o aumento das instâncias do problema, estamos falando de:', 30, 'explosão combinatória', 1, 'Correto.');
INSERT INTO "STI"."USER"."ex_questionario_temp" (ID_QUESTIONARIO, ID_DISCIPLINA, ID_USUARIO, ID_QUESTAO, ENUNCIADO, ID_ALTERNATIVA, FRASE, CORRETA, FEEDBACK) VALUES(43, 3, 1, 8, 'Quando a complexidade do problema tende a crescer de forma exponencial com o aumento das instâncias do problema, estamos falando de:', 31, 'lógica modal', 0, 'Incorreto. Você precisa estudar mais sobre o(s) objeto(s): 1.7-explosão combinatória');
INSERT INTO "STI"."USER"."ex_questionario_temp" (ID_QUESTIONARIO, ID_DISCIPLINA, ID_USUARIO, ID_QUESTAO, ENUNCIADO, ID_ALTERNATIVA, FRASE, CORRETA, FEEDBACK) VALUES(43, 3, 1, 8, 'Quando a complexidade do problema tende a crescer de forma exponencial com o aumento das instâncias do problema, estamos falando de:', 32, 'neurociência cognitiva', 0, 'Incorreto. Você precisa estudar mais sobre o(s) objeto(s): 1.7-explosão combinatória');
INSERT INTO "STI"."USER"."ex_questionario_temp" (ID_QUESTIONARIO, ID_DISCIPLINA, ID_USUARIO, ID_QUESTAO, ENUNCIADO, ID_ALTERNATIVA, FRASE, CORRETA, FEEDBACK) VALUES(43, 3, 1, 8, 'Quando a complexidade do problema tende a crescer de forma exponencial com o aumento das instâncias do problema, estamos falando de:', 29, 'agir como ser humano', 0, 'Incorreto. Você precisa estudar mais sobre o(s) objeto(s): 1.7-explosão combinatória');
INSERT INTO "STI"."USER"."ex_questionario_temp" (ID_QUESTIONARIO, ID_DISCIPLINA, ID_USUARIO, ID_QUESTAO, ENUNCIADO, ID_ALTERNATIVA, FRASE, CORRETA, FEEDBACK) VALUES(44, 3, 1, 6, 'Assinale com V para verdadeiro e F para falso, e depois marque a alternativa correta:\r\n\r\n(    ) A Filosofia é uma das ciências da IA\r\n(    ) A Eletricidade é uma das ciências da IA\r\n(    ) Pensar como ser humano é um dos quadrantes das definições de IA\r\n(    ) Pensar como máquina é um dos quadrantes das definições da IA\r\n', 21, 'V-F-V-V', 0, 'Incorreto. Você precisa estudar mais sobre o(s) objeto(s): 1.1-pensar como ser humano e 1.5-ciências da inteligência artificial');
INSERT INTO "STI"."USER"."ex_questionario_temp" (ID_QUESTIONARIO, ID_DISCIPLINA, ID_USUARIO, ID_QUESTAO, ENUNCIADO, ID_ALTERNATIVA, FRASE, CORRETA, FEEDBACK) VALUES(44, 3, 1, 6, 'Assinale com V para verdadeiro e F para falso, e depois marque a alternativa correta:\r\n\r\n(    ) A Filosofia é uma das ciências da IA\r\n(    ) A Eletricidade é uma das ciências da IA\r\n(    ) Pensar como ser humano é um dos quadrantes das definições de IA\r\n(    ) Pensar como máquina é um dos quadrantes das definições da IA\r\n', 24, 'F-F-V-F', 0, 'Incorreto. Você precisa estudar mais sobre o(s) objeto(s): 1.1-pensar como ser humano e 1.5-ciências da inteligência artificial');
INSERT INTO "STI"."USER"."ex_questionario_temp" (ID_QUESTIONARIO, ID_DISCIPLINA, ID_USUARIO, ID_QUESTAO, ENUNCIADO, ID_ALTERNATIVA, FRASE, CORRETA, FEEDBACK) VALUES(44, 3, 1, 6, 'Assinale com V para verdadeiro e F para falso, e depois marque a alternativa correta:\r\n\r\n(    ) A Filosofia é uma das ciências da IA\r\n(    ) A Eletricidade é uma das ciências da IA\r\n(    ) Pensar como ser humano é um dos quadrantes das definições de IA\r\n(    ) Pensar como máquina é um dos quadrantes das definições da IA\r\n', 22, 'V-V-V-F', 0, 'Incorreto. Você precisa estudar mais sobre o(s) objeto(s): 1.1-pensar como ser humano e 1.5-ciências da inteligência artificial');
INSERT INTO "STI"."USER"."ex_questionario_temp" (ID_QUESTIONARIO, ID_DISCIPLINA, ID_USUARIO, ID_QUESTAO, ENUNCIADO, ID_ALTERNATIVA, FRASE, CORRETA, FEEDBACK) VALUES(44, 3, 1, 6, 'Assinale com V para verdadeiro e F para falso, e depois marque a alternativa correta:\r\n\r\n(    ) A Filosofia é uma das ciências da IA\r\n(    ) A Eletricidade é uma das ciências da IA\r\n(    ) Pensar como ser humano é um dos quadrantes das definições de IA\r\n(    ) Pensar como máquina é um dos quadrantes das definições da IA\r\n', 23, 'V-F-V-F', 1, 'Correto.');
INSERT INTO "STI"."USER"."ex_questionario_temp" (ID_QUESTIONARIO, ID_DISCIPLINA, ID_USUARIO, ID_QUESTAO, ENUNCIADO, ID_ALTERNATIVA, FRASE, CORRETA, FEEDBACK) VALUES(44, 3, 1, 1, 'Quais são as dimensões da IA?', 1, 'processos de pensamento e processos de raciocínio', 0, 'Incorreto. Você precisa estudar mais sobre o(s) objeto(s): 1-inteligência artificial');
INSERT INTO "STI"."USER"."ex_questionario_temp" (ID_QUESTIONARIO, ID_DISCIPLINA, ID_USUARIO, ID_QUESTAO, ENUNCIADO, ID_ALTERNATIVA, FRASE, CORRETA, FEEDBACK) VALUES(44, 3, 1, 1, 'Quais são as dimensões da IA?', 3, 'processos de pensamento e processos de comportamento', 1, 'Correto.');
INSERT INTO "STI"."USER"."ex_questionario_temp" (ID_QUESTIONARIO, ID_DISCIPLINA, ID_USUARIO, ID_QUESTAO, ENUNCIADO, ID_ALTERNATIVA, FRASE, CORRETA, FEEDBACK) VALUES(44, 3, 1, 1, 'Quais são as dimensões da IA?', 4, 'processos de raciocínio e processos de imaginação', 0, 'Incorreto. Você precisa estudar mais sobre o(s) objeto(s): 1-inteligência artificial');
INSERT INTO "STI"."USER"."ex_questionario_temp" (ID_QUESTIONARIO, ID_DISCIPLINA, ID_USUARIO, ID_QUESTAO, ENUNCIADO, ID_ALTERNATIVA, FRASE, CORRETA, FEEDBACK) VALUES(44, 3, 1, 1, 'Quais são as dimensões da IA?', 2, 'processos de planejamento e processos de execução', 0, 'Incorreto. Você precisa estudar mais sobre o(s) objeto(s): 1-inteligência artificial');
INSERT INTO "STI"."USER"."ex_questionario_temp" (ID_QUESTIONARIO, ID_DISCIPLINA, ID_USUARIO, ID_QUESTAO, ENUNCIADO, ID_ALTERNATIVA, FRASE, CORRETA, FEEDBACK) VALUES(45, 3, 1, 9, 'Quais são as linhas de pesquisa da IA:\r\n\r\n(    ) linha simbólica\r\n(    ) linha conexionista\r\n(    ) linha racional\r\n(    ) linha evolucionária\r\n(    ) linha sintética', 35, 'V-V-F-V-F', 1, 'Correto.');
INSERT INTO "STI"."USER"."ex_questionario_temp" (ID_QUESTIONARIO, ID_DISCIPLINA, ID_USUARIO, ID_QUESTAO, ENUNCIADO, ID_ALTERNATIVA, FRASE, CORRETA, FEEDBACK) VALUES(45, 3, 1, 9, 'Quais são as linhas de pesquisa da IA:\r\n\r\n(    ) linha simbólica\r\n(    ) linha conexionista\r\n(    ) linha racional\r\n(    ) linha evolucionária\r\n(    ) linha sintética', 36, 'V-V-V-V-F', 0, 'Incorreto. Você precisa estudar mais sobre o(s) objeto(s): 2-linhas de pesquisa');
INSERT INTO "STI"."USER"."ex_questionario_temp" (ID_QUESTIONARIO, ID_DISCIPLINA, ID_USUARIO, ID_QUESTAO, ENUNCIADO, ID_ALTERNATIVA, FRASE, CORRETA, FEEDBACK) VALUES(45, 3, 1, 9, 'Quais são as linhas de pesquisa da IA:\r\n\r\n(    ) linha simbólica\r\n(    ) linha conexionista\r\n(    ) linha racional\r\n(    ) linha evolucionária\r\n(    ) linha sintética', 33, 'V-V-F-V-V', 0, 'Incorreto. Você precisa estudar mais sobre o(s) objeto(s): 2-linhas de pesquisa');
INSERT INTO "STI"."USER"."ex_questionario_temp" (ID_QUESTIONARIO, ID_DISCIPLINA, ID_USUARIO, ID_QUESTAO, ENUNCIADO, ID_ALTERNATIVA, FRASE, CORRETA, FEEDBACK) VALUES(45, 3, 1, 9, 'Quais são as linhas de pesquisa da IA:\r\n\r\n(    ) linha simbólica\r\n(    ) linha conexionista\r\n(    ) linha racional\r\n(    ) linha evolucionária\r\n(    ) linha sintética', 34, 'F-V-V-V-F', 0, 'Incorreto. Você precisa estudar mais sobre o(s) objeto(s): 2-linhas de pesquisa');
INSERT INTO "STI"."USER"."ex_questionario_temp" (ID_QUESTIONARIO, ID_DISCIPLINA, ID_USUARIO, ID_QUESTAO, ENUNCIADO, ID_ALTERNATIVA, FRASE, CORRETA, FEEDBACK) VALUES(45, 3, 1, 2, 'A seguinte definição: "[Automatização de] atividades que associamos ao pensamento humano, atividades como a tomada de decisões, a resolução de problemas, o aprendizado"; refere-se a:', 5, 'pensar como ser humano', 1, 'Correto.');
INSERT INTO "STI"."USER"."ex_questionario_temp" (ID_QUESTIONARIO, ID_DISCIPLINA, ID_USUARIO, ID_QUESTAO, ENUNCIADO, ID_ALTERNATIVA, FRASE, CORRETA, FEEDBACK) VALUES(45, 3, 1, 2, 'A seguinte definição: "[Automatização de] atividades que associamos ao pensamento humano, atividades como a tomada de decisões, a resolução de problemas, o aprendizado"; refere-se a:', 7, 'agir como ser humano', 0, 'Incorreto. Você precisa estudar mais sobre o(s) objeto(s): 1.1-pensar como ser humano');
INSERT INTO "STI"."USER"."ex_questionario_temp" (ID_QUESTIONARIO, ID_DISCIPLINA, ID_USUARIO, ID_QUESTAO, ENUNCIADO, ID_ALTERNATIVA, FRASE, CORRETA, FEEDBACK) VALUES(45, 3, 1, 2, 'A seguinte definição: "[Automatização de] atividades que associamos ao pensamento humano, atividades como a tomada de decisões, a resolução de problemas, o aprendizado"; refere-se a:', 8, 'agir racionalmente', 0, 'Incorreto. Você precisa estudar mais sobre o(s) objeto(s): 1.1-pensar como ser humano');
INSERT INTO "STI"."USER"."ex_questionario_temp" (ID_QUESTIONARIO, ID_DISCIPLINA, ID_USUARIO, ID_QUESTAO, ENUNCIADO, ID_ALTERNATIVA, FRASE, CORRETA, FEEDBACK) VALUES(45, 3, 1, 2, 'A seguinte definição: "[Automatização de] atividades que associamos ao pensamento humano, atividades como a tomada de decisões, a resolução de problemas, o aprendizado"; refere-se a:', 6, 'pensar racionalmente', 0, 'Incorreto. Você precisa estudar mais sobre o(s) objeto(s): 1.1-pensar como ser humano');
INSERT INTO "STI"."USER"."ex_questionario_temp" (ID_QUESTIONARIO, ID_DISCIPLINA, ID_USUARIO, ID_QUESTAO, ENUNCIADO, ID_ALTERNATIVA, FRASE, CORRETA, FEEDBACK) VALUES(46, 3, 1, 15, 'Sistema que buscava resolver o problema de se inferir as estruturas moleculares de uma substância a partir da informação espectrográfica de massa:', 58, 'SNARC', 0, 'Incorreto. Você precisa estudar mais sobre o(s) objeto(s): 2.1-linha simbólica, 2.1.1-sistema especialista e 2.1.1.2-DENDRAL');
INSERT INTO "STI"."USER"."ex_questionario_temp" (ID_QUESTIONARIO, ID_DISCIPLINA, ID_USUARIO, ID_QUESTAO, ENUNCIADO, ID_ALTERNATIVA, FRASE, CORRETA, FEEDBACK) VALUES(46, 3, 1, 15, 'Sistema que buscava resolver o problema de se inferir as estruturas moleculares de uma substância a partir da informação espectrográfica de massa:', 60, 'Perceptron', 0, 'Incorreto. Você precisa estudar mais sobre o(s) objeto(s): 2.1-linha simbólica, 2.1.1-sistema especialista e 2.1.1.2-DENDRAL');
INSERT INTO "STI"."USER"."ex_questionario_temp" (ID_QUESTIONARIO, ID_DISCIPLINA, ID_USUARIO, ID_QUESTAO, ENUNCIADO, ID_ALTERNATIVA, FRASE, CORRETA, FEEDBACK) VALUES(46, 3, 1, 15, 'Sistema que buscava resolver o problema de se inferir as estruturas moleculares de uma substância a partir da informação espectrográfica de massa:', 57, 'DENDRAL', 1, 'Correto.');
INSERT INTO "STI"."USER"."ex_questionario_temp" (ID_QUESTIONARIO, ID_DISCIPLINA, ID_USUARIO, ID_QUESTAO, ENUNCIADO, ID_ALTERNATIVA, FRASE, CORRETA, FEEDBACK) VALUES(46, 3, 1, 15, 'Sistema que buscava resolver o problema de se inferir as estruturas moleculares de uma substância a partir da informação espectrográfica de massa:', 59, 'MYCIN', 0, 'Incorreto. Você precisa estudar mais sobre o(s) objeto(s): 2.1-linha simbólica, 2.1.1-sistema especialista e 2.1.1.2-DENDRAL');
INSERT INTO "STI"."USER"."ex_questionario_temp" (ID_QUESTIONARIO, ID_DISCIPLINA, ID_USUARIO, ID_QUESTAO, ENUNCIADO, ID_ALTERNATIVA, FRASE, CORRETA, FEEDBACK) VALUES(46, 3, 1, 16, 'São componentes de um sistema especialista:', 63, 'quadro negro, mecanismo de inferência e seleção', 0, 'Incorreto. Você precisa estudar mais sobre o(s) objeto(s): 2.1.1-sistema especialista, 2.1.1.3-quadro negro, 2.1.1.4-motor de inferência e 2.1.1.5-base de conhecimento');
INSERT INTO "STI"."USER"."ex_questionario_temp" (ID_QUESTIONARIO, ID_DISCIPLINA, ID_USUARIO, ID_QUESTAO, ENUNCIADO, ID_ALTERNATIVA, FRASE, CORRETA, FEEDBACK) VALUES(46, 3, 1, 16, 'São componentes de um sistema especialista:', 61, 'quadro negro, base de conhecimento e mecanismo de inferência', 1, 'Correto.');
INSERT INTO "STI"."USER"."ex_questionario_temp" (ID_QUESTIONARIO, ID_DISCIPLINA, ID_USUARIO, ID_QUESTAO, ENUNCIADO, ID_ALTERNATIVA, FRASE, CORRETA, FEEDBACK) VALUES(46, 3, 1, 16, 'São componentes de um sistema especialista:', 64, 'mecanismo de inferência, base de conhecimento e mutação aleatória', 0, 'Incorreto. Você precisa estudar mais sobre o(s) objeto(s): 2.1.1-sistema especialista, 2.1.1.3-quadro negro, 2.1.1.4-motor de inferência e 2.1.1.5-base de conhecimento');
INSERT INTO "STI"."USER"."ex_questionario_temp" (ID_QUESTIONARIO, ID_DISCIPLINA, ID_USUARIO, ID_QUESTAO, ENUNCIADO, ID_ALTERNATIVA, FRASE, CORRETA, FEEDBACK) VALUES(46, 3, 1, 16, 'São componentes de um sistema especialista:', 62, 'quadro negro, base de inferência e mecanismo de conhecimento', 0, 'Incorreto. Você precisa estudar mais sobre o(s) objeto(s): 2.1.1-sistema especialista, 2.1.1.3-quadro negro, 2.1.1.4-motor de inferência e 2.1.1.5-base de conhecimento');
INSERT INTO "STI"."USER"."ex_questionario_temp" (ID_QUESTIONARIO, ID_DISCIPLINA, ID_USUARIO, ID_QUESTAO, ENUNCIADO, ID_ALTERNATIVA, FRASE, CORRETA, FEEDBACK) VALUES(46, 3, 1, 17, 'Relacione as proposições a seguir referentes às etapas para construção de um SE e depois marque a alternativa correta:\r\n1. Definição do domínio do problema\r\n2. Aquisição de conhecimento\r\n3. Organização e representação do conhecimento\r\n4. Implementação do SE\r\n5. Testes e validação\r\n\r\n(      ) O desenvolvimento de um SE se inicia com a especificação do domínio do problema que geralmente ocorre a partir da consulta à algumas fontes de conhecimento, tais como: livros, manuais, relatórios técnicos e principalmente da experiência e conhecimento dos especialistas\r\n(      ) Geralmente são realizados para verificar a validade das regras na base de conhecimento.\r\n(      ) Fase que consiste na coleta e análise de informações de um ou mais especialistas e qualquer outra fonte, possibilitando a produção de documentos.\r\n(      ) Uso de fatos e regras para estruturar o conhecimento coletado.\r\n(      ) Fase onde o analista escolhe uma linguagem de programação ou pacote" (shell) ', 67, '1-5-3-2-4', 1, 'Correto.');
INSERT INTO "STI"."USER"."ex_questionario_temp" (ID_QUESTIONARIO, ID_DISCIPLINA, ID_USUARIO, ID_QUESTAO, ENUNCIADO, ID_ALTERNATIVA, FRASE, CORRETA, FEEDBACK) VALUES(46, 3, 1, 17, 'Relacione as proposições a seguir referentes às etapas para construção de um SE e depois marque a alternativa correta:\r\n1. Definição do domínio do problema\r\n2. Aquisição de conhecimento\r\n3. Organização e representação do conhecimento\r\n4. Implementação do SE\r\n5. Testes e validação\r\n\r\n(      ) O desenvolvimento de um SE se inicia com a especificação do domínio do problema que geralmente ocorre a partir da consulta à algumas fontes de conhecimento, tais como: livros, manuais, relatórios técnicos e principalmente da experiência e conhecimento dos especialistas\r\n(      ) Geralmente são realizados para verificar a validade das regras na base de conhecimento.\r\n(      ) Fase que consiste na coleta e análise de informações de um ou mais especialistas e qualquer outra fonte, possibilitando a produção de documentos.\r\n(      ) Uso de fatos e regras para estruturar o conhecimento coletado.\r\n(      ) Fase onde o analista escolhe uma linguagem de programação ou pacote" (shell) ', 68, '1-4-2-3-5', 0, 'Incorreto. Você precisa estudar mais sobre o(s) objeto(s): 2.1.1-sistema especialista, 2.1.1.8-construção de um sistema especialista, 2.1.1.8.1-identificação do domínio do problema, 2.1.1.8.2-aquisição de conhecimento, 2.1.1.8.3-organização e representação do conhecimento, 2.1.1.8.4-implementação do sistema especialista e 2.1.1.8.5-testes e validação do sistema especialista');
INSERT INTO "STI"."USER"."ex_questionario_temp" (ID_QUESTIONARIO, ID_DISCIPLINA, ID_USUARIO, ID_QUESTAO, ENUNCIADO, ID_ALTERNATIVA, FRASE, CORRETA, FEEDBACK) VALUES(46, 3, 1, 17, 'Relacione as proposições a seguir referentes às etapas para construção de um SE e depois marque a alternativa correta:\r\n1. Definição do domínio do problema\r\n2. Aquisição de conhecimento\r\n3. Organização e representação do conhecimento\r\n4. Implementação do SE\r\n5. Testes e validação\r\n\r\n(      ) O desenvolvimento de um SE se inicia com a especificação do domínio do problema que geralmente ocorre a partir da consulta à algumas fontes de conhecimento, tais como: livros, manuais, relatórios técnicos e principalmente da experiência e conhecimento dos especialistas\r\n(      ) Geralmente são realizados para verificar a validade das regras na base de conhecimento.\r\n(      ) Fase que consiste na coleta e análise de informações de um ou mais especialistas e qualquer outra fonte, possibilitando a produção de documentos.\r\n(      ) Uso de fatos e regras para estruturar o conhecimento coletado.\r\n(      ) Fase onde o analista escolhe uma linguagem de programação ou pacote" (shell) ', 66, '2-5-3-1-4', 0, 'Incorreto. Você precisa estudar mais sobre o(s) objeto(s): 2.1.1-sistema especialista, 2.1.1.8-construção de um sistema especialista, 2.1.1.8.1-identificação do domínio do problema, 2.1.1.8.2-aquisição de conhecimento, 2.1.1.8.3-organização e representação do conhecimento, 2.1.1.8.4-implementação do sistema especialista e 2.1.1.8.5-testes e validação do sistema especialista');
INSERT INTO "STI"."USER"."ex_questionario_temp" (ID_QUESTIONARIO, ID_DISCIPLINA, ID_USUARIO, ID_QUESTAO, ENUNCIADO, ID_ALTERNATIVA, FRASE, CORRETA, FEEDBACK) VALUES(46, 3, 1, 17, 'Relacione as proposições a seguir referentes às etapas para construção de um SE e depois marque a alternativa correta:\r\n1. Definição do domínio do problema\r\n2. Aquisição de conhecimento\r\n3. Organização e representação do conhecimento\r\n4. Implementação do SE\r\n5. Testes e validação\r\n\r\n(      ) O desenvolvimento de um SE se inicia com a especificação do domínio do problema que geralmente ocorre a partir da consulta à algumas fontes de conhecimento, tais como: livros, manuais, relatórios técnicos e principalmente da experiência e conhecimento dos especialistas\r\n(      ) Geralmente são realizados para verificar a validade das regras na base de conhecimento.\r\n(      ) Fase que consiste na coleta e análise de informações de um ou mais especialistas e qualquer outra fonte, possibilitando a produção de documentos.\r\n(      ) Uso de fatos e regras para estruturar o conhecimento coletado.\r\n(      ) Fase onde o analista escolhe uma linguagem de programação ou pacote" (shell) ', 65, '1-4-3-2-5', 0, 'Incorreto. Você precisa estudar mais sobre o(s) objeto(s): 2.1.1-sistema especialista, 2.1.1.8-construção de um sistema especialista, 2.1.1.8.1-identificação do domínio do problema, 2.1.1.8.2-aquisição de conhecimento, 2.1.1.8.3-organização e representação do conhecimento, 2.1.1.8.4-implementação do sistema especialista e 2.1.1.8.5-testes e validação do sistema especialista');
INSERT INTO "STI"."USER"."ex_questionario_temp" (ID_QUESTIONARIO, ID_DISCIPLINA, ID_USUARIO, ID_QUESTAO, ENUNCIADO, ID_ALTERNATIVA, FRASE, CORRETA, FEEDBACK) VALUES(47, 3, 1, 14, 'Foi desenvolvido para resolver o problema do diagnóstico e tratamento de doenças infecciosas do sangue através de um conjunto de 400 regras. Estamos falando de:', 53, 'DENDRAL', 0, 'Incorreto. Você precisa estudar mais sobre o(s) objeto(s): 2.1-linha simbólica, 2.1.1-sistema especialista e 2.1.1.1-MYCIN');
INSERT INTO "STI"."USER"."ex_questionario_temp" (ID_QUESTIONARIO, ID_DISCIPLINA, ID_USUARIO, ID_QUESTAO, ENUNCIADO, ID_ALTERNATIVA, FRASE, CORRETA, FEEDBACK) VALUES(47, 3, 1, 14, 'Foi desenvolvido para resolver o problema do diagnóstico e tratamento de doenças infecciosas do sangue através de um conjunto de 400 regras. Estamos falando de:', 54, 'SNARC', 0, 'Incorreto. Você precisa estudar mais sobre o(s) objeto(s): 2.1-linha simbólica, 2.1.1-sistema especialista e 2.1.1.1-MYCIN');
INSERT INTO "STI"."USER"."ex_questionario_temp" (ID_QUESTIONARIO, ID_DISCIPLINA, ID_USUARIO, ID_QUESTAO, ENUNCIADO, ID_ALTERNATIVA, FRASE, CORRETA, FEEDBACK) VALUES(47, 3, 1, 14, 'Foi desenvolvido para resolver o problema do diagnóstico e tratamento de doenças infecciosas do sangue através de um conjunto de 400 regras. Estamos falando de:', 55, 'MYCIN', 1, 'Correto.');
INSERT INTO "STI"."USER"."ex_questionario_temp" (ID_QUESTIONARIO, ID_DISCIPLINA, ID_USUARIO, ID_QUESTAO, ENUNCIADO, ID_ALTERNATIVA, FRASE, CORRETA, FEEDBACK) VALUES(47, 3, 1, 14, 'Foi desenvolvido para resolver o problema do diagnóstico e tratamento de doenças infecciosas do sangue através de um conjunto de 400 regras. Estamos falando de:', 56, 'Perceptron', 0, 'Incorreto. Você precisa estudar mais sobre o(s) objeto(s): 2.1-linha simbólica, 2.1.1-sistema especialista e 2.1.1.1-MYCIN');
INSERT INTO "STI"."USER"."ex_questionario_temp" (ID_QUESTIONARIO, ID_DISCIPLINA, ID_USUARIO, ID_QUESTAO, ENUNCIADO, ID_ALTERNATIVA, FRASE, CORRETA, FEEDBACK) VALUES(47, 3, 1, 12, 'Sistemas Especialistas" (SE) são programas de computadores que buscam imitar o comportamento de especialistas humanos, dentro de um domínio de conhecimento específico. Nas definições de IA, podemos enquadrar SE como:', 47, 'agir como ser humano', 1, 'Correto.');
INSERT INTO "STI"."USER"."ex_questionario_temp" (ID_QUESTIONARIO, ID_DISCIPLINA, ID_USUARIO, ID_QUESTAO, ENUNCIADO, ID_ALTERNATIVA, FRASE, CORRETA, FEEDBACK) VALUES(47, 3, 1, 12, 'Sistemas Especialistas" (SE) são programas de computadores que buscam imitar o comportamento de especialistas humanos, dentro de um domínio de conhecimento específico. Nas definições de IA, podemos enquadrar SE como:', 46, 'pensar racionalmente', 0, 'Incorreto. Você precisa estudar mais sobre o(s) objeto(s): 1.3-agir como ser humano, 2.1-linha simbólica e 2.1.1-sistema especialista');
INSERT INTO "STI"."USER"."ex_questionario_temp" (ID_QUESTIONARIO, ID_DISCIPLINA, ID_USUARIO, ID_QUESTAO, ENUNCIADO, ID_ALTERNATIVA, FRASE, CORRETA, FEEDBACK) VALUES(47, 3, 1, 12, 'Sistemas Especialistas" (SE) são programas de computadores que buscam imitar o comportamento de especialistas humanos, dentro de um domínio de conhecimento específico. Nas definições de IA, podemos enquadrar SE como:', 45, 'pensar como ser humano', 0, 'Incorreto. Você precisa estudar mais sobre o(s) objeto(s): 1.3-agir como ser humano, 2.1-linha simbólica e 2.1.1-sistema especialista');
INSERT INTO "STI"."USER"."ex_questionario_temp" (ID_QUESTIONARIO, ID_DISCIPLINA, ID_USUARIO, ID_QUESTAO, ENUNCIADO, ID_ALTERNATIVA, FRASE, CORRETA, FEEDBACK) VALUES(47, 3, 1, 12, 'Sistemas Especialistas" (SE) são programas de computadores que buscam imitar o comportamento de especialistas humanos, dentro de um domínio de conhecimento específico. Nas definições de IA, podemos enquadrar SE como:', 48, 'agir racionalmente', 0, 'Incorreto. Você precisa estudar mais sobre o(s) objeto(s): 1.3-agir como ser humano, 2.1-linha simbólica e 2.1.1-sistema especialista');
INSERT INTO "STI"."USER"."ex_questionario_temp" (ID_QUESTIONARIO, ID_DISCIPLINA, ID_USUARIO, ID_QUESTAO, ENUNCIADO, ID_ALTERNATIVA, FRASE, CORRETA, FEEDBACK) VALUES(47, 3, 1, 17, 'Relacione as proposições a seguir referentes às etapas para construção de um SE e depois marque a alternativa correta:\r\n1. Definição do domínio do problema\r\n2. Aquisição de conhecimento\r\n3. Organização e representação do conhecimento\r\n4. Implementação do SE\r\n5. Testes e validação\r\n\r\n(      ) O desenvolvimento de um SE se inicia com a especificação do domínio do problema que geralmente ocorre a partir da consulta à algumas fontes de conhecimento, tais como: livros, manuais, relatórios técnicos e principalmente da experiência e conhecimento dos especialistas\r\n(      ) Geralmente são realizados para verificar a validade das regras na base de conhecimento.\r\n(      ) Fase que consiste na coleta e análise de informações de um ou mais especialistas e qualquer outra fonte, possibilitando a produção de documentos.\r\n(      ) Uso de fatos e regras para estruturar o conhecimento coletado.\r\n(      ) Fase onde o analista escolhe uma linguagem de programação ou pacote" (shell) ', 68, '1-4-2-3-5', 0, 'Incorreto. Você precisa estudar mais sobre o(s) objeto(s): 2.1.1-sistema especialista, 2.1.1.8-construção de um sistema especialista, 2.1.1.8.1-identificação do domínio do problema, 2.1.1.8.2-aquisição de conhecimento, 2.1.1.8.3-organização e representação do conhecimento, 2.1.1.8.4-implementação do sistema especialista e 2.1.1.8.5-testes e validação do sistema especialista');
INSERT INTO "STI"."USER"."ex_questionario_temp" (ID_QUESTIONARIO, ID_DISCIPLINA, ID_USUARIO, ID_QUESTAO, ENUNCIADO, ID_ALTERNATIVA, FRASE, CORRETA, FEEDBACK) VALUES(47, 3, 1, 17, 'Relacione as proposições a seguir referentes às etapas para construção de um SE e depois marque a alternativa correta:\r\n1. Definição do domínio do problema\r\n2. Aquisição de conhecimento\r\n3. Organização e representação do conhecimento\r\n4. Implementação do SE\r\n5. Testes e validação\r\n\r\n(      ) O desenvolvimento de um SE se inicia com a especificação do domínio do problema que geralmente ocorre a partir da consulta à algumas fontes de conhecimento, tais como: livros, manuais, relatórios técnicos e principalmente da experiência e conhecimento dos especialistas\r\n(      ) Geralmente são realizados para verificar a validade das regras na base de conhecimento.\r\n(      ) Fase que consiste na coleta e análise de informações de um ou mais especialistas e qualquer outra fonte, possibilitando a produção de documentos.\r\n(      ) Uso de fatos e regras para estruturar o conhecimento coletado.\r\n(      ) Fase onde o analista escolhe uma linguagem de programação ou pacote" (shell) ', 65, '1-4-3-2-5', 0, 'Incorreto. Você precisa estudar mais sobre o(s) objeto(s): 2.1.1-sistema especialista, 2.1.1.8-construção de um sistema especialista, 2.1.1.8.1-identificação do domínio do problema, 2.1.1.8.2-aquisição de conhecimento, 2.1.1.8.3-organização e representação do conhecimento, 2.1.1.8.4-implementação do sistema especialista e 2.1.1.8.5-testes e validação do sistema especialista');
INSERT INTO "STI"."USER"."ex_questionario_temp" (ID_QUESTIONARIO, ID_DISCIPLINA, ID_USUARIO, ID_QUESTAO, ENUNCIADO, ID_ALTERNATIVA, FRASE, CORRETA, FEEDBACK) VALUES(47, 3, 1, 17, 'Relacione as proposições a seguir referentes às etapas para construção de um SE e depois marque a alternativa correta:\r\n1. Definição do domínio do problema\r\n2. Aquisição de conhecimento\r\n3. Organização e representação do conhecimento\r\n4. Implementação do SE\r\n5. Testes e validação\r\n\r\n(      ) O desenvolvimento de um SE se inicia com a especificação do domínio do problema que geralmente ocorre a partir da consulta à algumas fontes de conhecimento, tais como: livros, manuais, relatórios técnicos e principalmente da experiência e conhecimento dos especialistas\r\n(      ) Geralmente são realizados para verificar a validade das regras na base de conhecimento.\r\n(      ) Fase que consiste na coleta e análise de informações de um ou mais especialistas e qualquer outra fonte, possibilitando a produção de documentos.\r\n(      ) Uso de fatos e regras para estruturar o conhecimento coletado.\r\n(      ) Fase onde o analista escolhe uma linguagem de programação ou pacote" (shell) ', 67, '1-5-3-2-4', 1, 'Correto.');
INSERT INTO "STI"."USER"."ex_questionario_temp" (ID_QUESTIONARIO, ID_DISCIPLINA, ID_USUARIO, ID_QUESTAO, ENUNCIADO, ID_ALTERNATIVA, FRASE, CORRETA, FEEDBACK) VALUES(47, 3, 1, 17, 'Relacione as proposições a seguir referentes às etapas para construção de um SE e depois marque a alternativa correta:\r\n1. Definição do domínio do problema\r\n2. Aquisição de conhecimento\r\n3. Organização e representação do conhecimento\r\n4. Implementação do SE\r\n5. Testes e validação\r\n\r\n(      ) O desenvolvimento de um SE se inicia com a especificação do domínio do problema que geralmente ocorre a partir da consulta à algumas fontes de conhecimento, tais como: livros, manuais, relatórios técnicos e principalmente da experiência e conhecimento dos especialistas\r\n(      ) Geralmente são realizados para verificar a validade das regras na base de conhecimento.\r\n(      ) Fase que consiste na coleta e análise de informações de um ou mais especialistas e qualquer outra fonte, possibilitando a produção de documentos.\r\n(      ) Uso de fatos e regras para estruturar o conhecimento coletado.\r\n(      ) Fase onde o analista escolhe uma linguagem de programação ou pacote" (shell) ', 66, '2-5-3-1-4', 0, 'Incorreto. Você precisa estudar mais sobre o(s) objeto(s): 2.1.1-sistema especialista, 2.1.1.8-construção de um sistema especialista, 2.1.1.8.1-identificação do domínio do problema, 2.1.1.8.2-aquisição de conhecimento, 2.1.1.8.3-organização e representação do conhecimento, 2.1.1.8.4-implementação do sistema especialista e 2.1.1.8.5-testes e validação do sistema especialista');
INSERT INTO "STI"."USER"."ex_questionario_temp" (ID_QUESTIONARIO, ID_DISCIPLINA, ID_USUARIO, ID_QUESTAO, ENUNCIADO, ID_ALTERNATIVA, FRASE, CORRETA, FEEDBACK) VALUES(48, 3, 1, 8, 'Quando a complexidade do problema tende a crescer de forma exponencial com o aumento das instâncias do problema, estamos falando de:', 31, 'lógica modal', 0, 'Incorreto. Você precisa estudar mais sobre o(s) objeto(s): 1.7-explosão combinatória');
INSERT INTO "STI"."USER"."ex_questionario_temp" (ID_QUESTIONARIO, ID_DISCIPLINA, ID_USUARIO, ID_QUESTAO, ENUNCIADO, ID_ALTERNATIVA, FRASE, CORRETA, FEEDBACK) VALUES(48, 3, 1, 8, 'Quando a complexidade do problema tende a crescer de forma exponencial com o aumento das instâncias do problema, estamos falando de:', 29, 'agir como ser humano', 0, 'Incorreto. Você precisa estudar mais sobre o(s) objeto(s): 1.7-explosão combinatória');
INSERT INTO "STI"."USER"."ex_questionario_temp" (ID_QUESTIONARIO, ID_DISCIPLINA, ID_USUARIO, ID_QUESTAO, ENUNCIADO, ID_ALTERNATIVA, FRASE, CORRETA, FEEDBACK) VALUES(48, 3, 1, 8, 'Quando a complexidade do problema tende a crescer de forma exponencial com o aumento das instâncias do problema, estamos falando de:', 32, 'neurociência cognitiva', 0, 'Incorreto. Você precisa estudar mais sobre o(s) objeto(s): 1.7-explosão combinatória');
INSERT INTO "STI"."USER"."ex_questionario_temp" (ID_QUESTIONARIO, ID_DISCIPLINA, ID_USUARIO, ID_QUESTAO, ENUNCIADO, ID_ALTERNATIVA, FRASE, CORRETA, FEEDBACK) VALUES(48, 3, 1, 8, 'Quando a complexidade do problema tende a crescer de forma exponencial com o aumento das instâncias do problema, estamos falando de:', 30, 'explosão combinatória', 1, 'Correto.');
INSERT INTO "STI"."USER"."ex_questionario_temp" (ID_QUESTIONARIO, ID_DISCIPLINA, ID_USUARIO, ID_QUESTAO, ENUNCIADO, ID_ALTERNATIVA, FRASE, CORRETA, FEEDBACK) VALUES(48, 3, 1, 5, ' A definição de IA, "a Inteligência Computacional é o estudo do projeto de agentes inteligentes", refere-se a:', 20, 'agir racionalmente', 1, 'Correto.');
INSERT INTO "STI"."USER"."ex_questionario_temp" (ID_QUESTIONARIO, ID_DISCIPLINA, ID_USUARIO, ID_QUESTAO, ENUNCIADO, ID_ALTERNATIVA, FRASE, CORRETA, FEEDBACK) VALUES(48, 3, 1, 5, ' A definição de IA, "a Inteligência Computacional é o estudo do projeto de agentes inteligentes", refere-se a:', 18, 'pensar racionalmente', 0, 'Incorreto. Você precisa estudar mais sobre o(s) objeto(s): 1.4-agir racionalmente');
INSERT INTO "STI"."USER"."ex_questionario_temp" (ID_QUESTIONARIO, ID_DISCIPLINA, ID_USUARIO, ID_QUESTAO, ENUNCIADO, ID_ALTERNATIVA, FRASE, CORRETA, FEEDBACK) VALUES(48, 3, 1, 5, ' A definição de IA, "a Inteligência Computacional é o estudo do projeto de agentes inteligentes", refere-se a:', 17, 'pensar como ser humano', 0, 'Incorreto. Você precisa estudar mais sobre o(s) objeto(s): 1.4-agir racionalmente');
INSERT INTO "STI"."USER"."ex_questionario_temp" (ID_QUESTIONARIO, ID_DISCIPLINA, ID_USUARIO, ID_QUESTAO, ENUNCIADO, ID_ALTERNATIVA, FRASE, CORRETA, FEEDBACK) VALUES(48, 3, 1, 5, ' A definição de IA, "a Inteligência Computacional é o estudo do projeto de agentes inteligentes", refere-se a:', 19, 'agir como ser humano', 0, 'Incorreto. Você precisa estudar mais sobre o(s) objeto(s): 1.4-agir racionalmente');
INSERT INTO "STI"."USER"."ex_questionario_temp" (ID_QUESTIONARIO, ID_DISCIPLINA, ID_USUARIO, ID_QUESTAO, ENUNCIADO, ID_ALTERNATIVA, FRASE, CORRETA, FEEDBACK) VALUES(48, 3, 1, 20, 'Um robô equipado com rodas que se movimenta livremente possui três sensores ultrassom" (um direcionado para a esquerda, outro apontado para frente e o terceiro apontado para a direita) para comparar a distância de algum obstáculo. Suponha que um SE para controle do robô tenha as seguintes regras:\r\n\r\n1. SE sensor_esquerdo > 20 cm E sensor_central > 20 cm E sensor_direita > 20 cm ENTÃO ação = seguir em frente\r\n2. SE sensor_central < 20 cm ENTÃO ação = gire 180 graus\r\n3. SE sensor_esquerdo < 20 cm ENTÃO ação = gire 90 graus para a direita\r\n4. SE sensor_direito < 20 cm ENTÃO ação = gire 90 graus para a esquerda\r\n\r\nSe observarmos que o comportamento do robô é mover-se em frente e girar 180 graus continuamente:\r\n\r\n(      ) as distâncias dos sensores esquerdo e direito são menores do que 20 cm\r\n(      ) as regras 1 e 3 estão sendo executadas continuamente\r\n(      ) as regras 1 e 2 estão sendo executadas continuamente\r\n(      ) o robô está percorrendo continuamente uma trajetória entre obstáculos" (ou paredes) opostos \r\n', 78, 'F-V-V-F', 0, 'Incorreto. Você precisa estudar mais sobre o(s) objeto(s): 2.1.1-sistema especialista, 2.1.1.6-regra e 2.1.1.7-fato');
INSERT INTO "STI"."USER"."ex_questionario_temp" (ID_QUESTIONARIO, ID_DISCIPLINA, ID_USUARIO, ID_QUESTAO, ENUNCIADO, ID_ALTERNATIVA, FRASE, CORRETA, FEEDBACK) VALUES(48, 3, 1, 20, 'Um robô equipado com rodas que se movimenta livremente possui três sensores ultrassom" (um direcionado para a esquerda, outro apontado para frente e o terceiro apontado para a direita) para comparar a distância de algum obstáculo. Suponha que um SE para controle do robô tenha as seguintes regras:\r\n\r\n1. SE sensor_esquerdo > 20 cm E sensor_central > 20 cm E sensor_direita > 20 cm ENTÃO ação = seguir em frente\r\n2. SE sensor_central < 20 cm ENTÃO ação = gire 180 graus\r\n3. SE sensor_esquerdo < 20 cm ENTÃO ação = gire 90 graus para a direita\r\n4. SE sensor_direito < 20 cm ENTÃO ação = gire 90 graus para a esquerda\r\n\r\nSe observarmos que o comportamento do robô é mover-se em frente e girar 180 graus continuamente:\r\n\r\n(      ) as distâncias dos sensores esquerdo e direito são menores do que 20 cm\r\n(      ) as regras 1 e 3 estão sendo executadas continuamente\r\n(      ) as regras 1 e 2 estão sendo executadas continuamente\r\n(      ) o robô está percorrendo continuamente uma trajetória entre obstáculos" (ou paredes) opostos \r\n', 79, 'F-F-V-V', 1, 'Correto.');
INSERT INTO "STI"."USER"."ex_questionario_temp" (ID_QUESTIONARIO, ID_DISCIPLINA, ID_USUARIO, ID_QUESTAO, ENUNCIADO, ID_ALTERNATIVA, FRASE, CORRETA, FEEDBACK) VALUES(48, 3, 1, 20, 'Um robô equipado com rodas que se movimenta livremente possui três sensores ultrassom" (um direcionado para a esquerda, outro apontado para frente e o terceiro apontado para a direita) para comparar a distância de algum obstáculo. Suponha que um SE para controle do robô tenha as seguintes regras:\r\n\r\n1. SE sensor_esquerdo > 20 cm E sensor_central > 20 cm E sensor_direita > 20 cm ENTÃO ação = seguir em frente\r\n2. SE sensor_central < 20 cm ENTÃO ação = gire 180 graus\r\n3. SE sensor_esquerdo < 20 cm ENTÃO ação = gire 90 graus para a direita\r\n4. SE sensor_direito < 20 cm ENTÃO ação = gire 90 graus para a esquerda\r\n\r\nSe observarmos que o comportamento do robô é mover-se em frente e girar 180 graus continuamente:\r\n\r\n(      ) as distâncias dos sensores esquerdo e direito são menores do que 20 cm\r\n(      ) as regras 1 e 3 estão sendo executadas continuamente\r\n(      ) as regras 1 e 2 estão sendo executadas continuamente\r\n(      ) o robô está percorrendo continuamente uma trajetória entre obstáculos" (ou paredes) opostos \r\n', 77, 'F-F-V-F', 0, 'Incorreto. Você precisa estudar mais sobre o(s) objeto(s): 2.1.1-sistema especialista, 2.1.1.6-regra e 2.1.1.7-fato');
INSERT INTO "STI"."USER"."ex_questionario_temp" (ID_QUESTIONARIO, ID_DISCIPLINA, ID_USUARIO, ID_QUESTAO, ENUNCIADO, ID_ALTERNATIVA, FRASE, CORRETA, FEEDBACK) VALUES(48, 3, 1, 20, 'Um robô equipado com rodas que se movimenta livremente possui três sensores ultrassom" (um direcionado para a esquerda, outro apontado para frente e o terceiro apontado para a direita) para comparar a distância de algum obstáculo. Suponha que um SE para controle do robô tenha as seguintes regras:\r\n\r\n1. SE sensor_esquerdo > 20 cm E sensor_central > 20 cm E sensor_direita > 20 cm ENTÃO ação = seguir em frente\r\n2. SE sensor_central < 20 cm ENTÃO ação = gire 180 graus\r\n3. SE sensor_esquerdo < 20 cm ENTÃO ação = gire 90 graus para a direita\r\n4. SE sensor_direito < 20 cm ENTÃO ação = gire 90 graus para a esquerda\r\n\r\nSe observarmos que o comportamento do robô é mover-se em frente e girar 180 graus continuamente:\r\n\r\n(      ) as distâncias dos sensores esquerdo e direito são menores do que 20 cm\r\n(      ) as regras 1 e 3 estão sendo executadas continuamente\r\n(      ) as regras 1 e 2 estão sendo executadas continuamente\r\n(      ) o robô está percorrendo continuamente uma trajetória entre obstáculos" (ou paredes) opostos \r\n', 80, 'F-F-F-V', 0, 'Incorreto. Você precisa estudar mais sobre o(s) objeto(s): 2.1.1-sistema especialista, 2.1.1.6-regra e 2.1.1.7-fato');
INSERT INTO "STI"."USER"."ex_questionario_temp" (ID_QUESTIONARIO, ID_DISCIPLINA, ID_USUARIO, ID_QUESTAO, ENUNCIADO, ID_ALTERNATIVA, FRASE, CORRETA, FEEDBACK) VALUES(49, 3, 1, 14, 'Foi desenvolvido para resolver o problema do diagnóstico e tratamento de doenças infecciosas do sangue através de um conjunto de 400 regras. Estamos falando de:', 55, 'MYCIN', 1, 'Correto.');
INSERT INTO "STI"."USER"."ex_questionario_temp" (ID_QUESTIONARIO, ID_DISCIPLINA, ID_USUARIO, ID_QUESTAO, ENUNCIADO, ID_ALTERNATIVA, FRASE, CORRETA, FEEDBACK) VALUES(49, 3, 1, 14, 'Foi desenvolvido para resolver o problema do diagnóstico e tratamento de doenças infecciosas do sangue através de um conjunto de 400 regras. Estamos falando de:', 56, 'Perceptron', 0, 'Incorreto. Você precisa estudar mais sobre o(s) objeto(s): 2.1-linha simbólica, 2.1.1-sistema especialista e 2.1.1.1-MYCIN');
INSERT INTO "STI"."USER"."ex_questionario_temp" (ID_QUESTIONARIO, ID_DISCIPLINA, ID_USUARIO, ID_QUESTAO, ENUNCIADO, ID_ALTERNATIVA, FRASE, CORRETA, FEEDBACK) VALUES(49, 3, 1, 14, 'Foi desenvolvido para resolver o problema do diagnóstico e tratamento de doenças infecciosas do sangue através de um conjunto de 400 regras. Estamos falando de:', 53, 'DENDRAL', 0, 'Incorreto. Você precisa estudar mais sobre o(s) objeto(s): 2.1-linha simbólica, 2.1.1-sistema especialista e 2.1.1.1-MYCIN');
INSERT INTO "STI"."USER"."ex_questionario_temp" (ID_QUESTIONARIO, ID_DISCIPLINA, ID_USUARIO, ID_QUESTAO, ENUNCIADO, ID_ALTERNATIVA, FRASE, CORRETA, FEEDBACK) VALUES(49, 3, 1, 14, 'Foi desenvolvido para resolver o problema do diagnóstico e tratamento de doenças infecciosas do sangue através de um conjunto de 400 regras. Estamos falando de:', 54, 'SNARC', 0, 'Incorreto. Você precisa estudar mais sobre o(s) objeto(s): 2.1-linha simbólica, 2.1.1-sistema especialista e 2.1.1.1-MYCIN');
INSERT INTO "STI"."USER"."ex_questionario_temp" (ID_QUESTIONARIO, ID_DISCIPLINA, ID_USUARIO, ID_QUESTAO, ENUNCIADO, ID_ALTERNATIVA, FRASE, CORRETA, FEEDBACK) VALUES(49, 3, 1, 15, 'Sistema que buscava resolver o problema de se inferir as estruturas moleculares de uma substância a partir da informação espectrográfica de massa:', 60, 'Perceptron', 0, 'Incorreto. Você precisa estudar mais sobre o(s) objeto(s): 2.1-linha simbólica, 2.1.1-sistema especialista e 2.1.1.2-DENDRAL');
INSERT INTO "STI"."USER"."ex_questionario_temp" (ID_QUESTIONARIO, ID_DISCIPLINA, ID_USUARIO, ID_QUESTAO, ENUNCIADO, ID_ALTERNATIVA, FRASE, CORRETA, FEEDBACK) VALUES(49, 3, 1, 15, 'Sistema que buscava resolver o problema de se inferir as estruturas moleculares de uma substância a partir da informação espectrográfica de massa:', 57, 'DENDRAL', 1, 'Correto.');
INSERT INTO "STI"."USER"."ex_questionario_temp" (ID_QUESTIONARIO, ID_DISCIPLINA, ID_USUARIO, ID_QUESTAO, ENUNCIADO, ID_ALTERNATIVA, FRASE, CORRETA, FEEDBACK) VALUES(49, 3, 1, 15, 'Sistema que buscava resolver o problema de se inferir as estruturas moleculares de uma substância a partir da informação espectrográfica de massa:', 58, 'SNARC', 0, 'Incorreto. Você precisa estudar mais sobre o(s) objeto(s): 2.1-linha simbólica, 2.1.1-sistema especialista e 2.1.1.2-DENDRAL');
INSERT INTO "STI"."USER"."ex_questionario_temp" (ID_QUESTIONARIO, ID_DISCIPLINA, ID_USUARIO, ID_QUESTAO, ENUNCIADO, ID_ALTERNATIVA, FRASE, CORRETA, FEEDBACK) VALUES(49, 3, 1, 15, 'Sistema que buscava resolver o problema de se inferir as estruturas moleculares de uma substância a partir da informação espectrográfica de massa:', 59, 'MYCIN', 0, 'Incorreto. Você precisa estudar mais sobre o(s) objeto(s): 2.1-linha simbólica, 2.1.1-sistema especialista e 2.1.1.2-DENDRAL');
INSERT INTO "STI"."USER"."ex_questionario_temp" (ID_QUESTIONARIO, ID_DISCIPLINA, ID_USUARIO, ID_QUESTAO, ENUNCIADO, ID_ALTERNATIVA, FRASE, CORRETA, FEEDBACK) VALUES(49, 3, 1, 13, 'Pode-se afirmar que ___________  uma técnica da IA desenvolvida para resolver problemas em um determinado domínio, cujo conhecimento utilizado é obtido de pessoas que são experts naquele domínio.', 49, 'redes neurais', 0, 'Incorreto. Você precisa estudar mais sobre o(s) objeto(s): 2.1-linha simbólica e 2.1.1-sistema especialista');
INSERT INTO "STI"."USER"."ex_questionario_temp" (ID_QUESTIONARIO, ID_DISCIPLINA, ID_USUARIO, ID_QUESTAO, ENUNCIADO, ID_ALTERNATIVA, FRASE, CORRETA, FEEDBACK) VALUES(49, 3, 1, 13, 'Pode-se afirmar que ___________  uma técnica da IA desenvolvida para resolver problemas em um determinado domínio, cujo conhecimento utilizado é obtido de pessoas que são experts naquele domínio.', 50, 'sistemas especialistas', 1, 'Correto.');
INSERT INTO "STI"."USER"."ex_questionario_temp" (ID_QUESTIONARIO, ID_DISCIPLINA, ID_USUARIO, ID_QUESTAO, ENUNCIADO, ID_ALTERNATIVA, FRASE, CORRETA, FEEDBACK) VALUES(49, 3, 1, 13, 'Pode-se afirmar que ___________  uma técnica da IA desenvolvida para resolver problemas em um determinado domínio, cujo conhecimento utilizado é obtido de pessoas que são experts naquele domínio.', 52, 'programação genética', 0, 'Incorreto. Você precisa estudar mais sobre o(s) objeto(s): 2.1-linha simbólica e 2.1.1-sistema especialista');
INSERT INTO "STI"."USER"."ex_questionario_temp" (ID_QUESTIONARIO, ID_DISCIPLINA, ID_USUARIO, ID_QUESTAO, ENUNCIADO, ID_ALTERNATIVA, FRASE, CORRETA, FEEDBACK) VALUES(49, 3, 1, 13, 'Pode-se afirmar que ___________  uma técnica da IA desenvolvida para resolver problemas em um determinado domínio, cujo conhecimento utilizado é obtido de pessoas que são experts naquele domínio.', 51, 'algoritmos genéticos', 0, 'Incorreto. Você precisa estudar mais sobre o(s) objeto(s): 2.1-linha simbólica e 2.1.1-sistema especialista');
INSERT INTO "STI"."USER"."ex_questionario_temp" (ID_QUESTIONARIO, ID_DISCIPLINA, ID_USUARIO, ID_QUESTAO, ENUNCIADO, ID_ALTERNATIVA, FRASE, CORRETA, FEEDBACK) VALUES(49, 3, 1, 6, 'Assinale com V para verdadeiro e F para falso, e depois marque a alternativa correta:\r\n\r\n(    ) A Filosofia é uma das ciências da IA\r\n(    ) A Eletricidade é uma das ciências da IA\r\n(    ) Pensar como ser humano é um dos quadrantes das definições de IA\r\n(    ) Pensar como máquina é um dos quadrantes das definições da IA\r\n', 21, 'V-F-V-V', 0, 'Incorreto. Você precisa estudar mais sobre o(s) objeto(s): 1.1-pensar como ser humano e 1.5-ciências da inteligência artificial');
INSERT INTO "STI"."USER"."ex_questionario_temp" (ID_QUESTIONARIO, ID_DISCIPLINA, ID_USUARIO, ID_QUESTAO, ENUNCIADO, ID_ALTERNATIVA, FRASE, CORRETA, FEEDBACK) VALUES(49, 3, 1, 6, 'Assinale com V para verdadeiro e F para falso, e depois marque a alternativa correta:\r\n\r\n(    ) A Filosofia é uma das ciências da IA\r\n(    ) A Eletricidade é uma das ciências da IA\r\n(    ) Pensar como ser humano é um dos quadrantes das definições de IA\r\n(    ) Pensar como máquina é um dos quadrantes das definições da IA\r\n', 23, 'V-F-V-F', 1, 'Correto.');
INSERT INTO "STI"."USER"."ex_questionario_temp" (ID_QUESTIONARIO, ID_DISCIPLINA, ID_USUARIO, ID_QUESTAO, ENUNCIADO, ID_ALTERNATIVA, FRASE, CORRETA, FEEDBACK) VALUES(49, 3, 1, 6, 'Assinale com V para verdadeiro e F para falso, e depois marque a alternativa correta:\r\n\r\n(    ) A Filosofia é uma das ciências da IA\r\n(    ) A Eletricidade é uma das ciências da IA\r\n(    ) Pensar como ser humano é um dos quadrantes das definições de IA\r\n(    ) Pensar como máquina é um dos quadrantes das definições da IA\r\n', 24, 'F-F-V-F', 0, 'Incorreto. Você precisa estudar mais sobre o(s) objeto(s): 1.1-pensar como ser humano e 1.5-ciências da inteligência artificial');
INSERT INTO "STI"."USER"."ex_questionario_temp" (ID_QUESTIONARIO, ID_DISCIPLINA, ID_USUARIO, ID_QUESTAO, ENUNCIADO, ID_ALTERNATIVA, FRASE, CORRETA, FEEDBACK) VALUES(49, 3, 1, 6, 'Assinale com V para verdadeiro e F para falso, e depois marque a alternativa correta:\r\n\r\n(    ) A Filosofia é uma das ciências da IA\r\n(    ) A Eletricidade é uma das ciências da IA\r\n(    ) Pensar como ser humano é um dos quadrantes das definições de IA\r\n(    ) Pensar como máquina é um dos quadrantes das definições da IA\r\n', 22, 'V-V-V-F', 0, 'Incorreto. Você precisa estudar mais sobre o(s) objeto(s): 1.1-pensar como ser humano e 1.5-ciências da inteligência artificial');
INSERT INTO "STI"."USER"."ex_questionario_temp" (ID_QUESTIONARIO, ID_DISCIPLINA, ID_USUARIO, ID_QUESTAO, ENUNCIADO, ID_ALTERNATIVA, FRASE, CORRETA, FEEDBACK) VALUES(50, 3, 1, 1, 'Quais são as dimensões da IA?', 1, 'processos de pensamento e processos de raciocínio', 0, 'Incorreto. Você precisa estudar mais sobre o(s) objeto(s): 1-inteligência artificial');
INSERT INTO "STI"."USER"."ex_questionario_temp" (ID_QUESTIONARIO, ID_DISCIPLINA, ID_USUARIO, ID_QUESTAO, ENUNCIADO, ID_ALTERNATIVA, FRASE, CORRETA, FEEDBACK) VALUES(50, 3, 1, 1, 'Quais são as dimensões da IA?', 2, 'processos de planejamento e processos de execução', 0, 'Incorreto. Você precisa estudar mais sobre o(s) objeto(s): 1-inteligência artificial');
INSERT INTO "STI"."USER"."ex_questionario_temp" (ID_QUESTIONARIO, ID_DISCIPLINA, ID_USUARIO, ID_QUESTAO, ENUNCIADO, ID_ALTERNATIVA, FRASE, CORRETA, FEEDBACK) VALUES(50, 3, 1, 1, 'Quais são as dimensões da IA?', 3, 'processos de pensamento e processos de comportamento', 1, 'Correto.');
INSERT INTO "STI"."USER"."ex_questionario_temp" (ID_QUESTIONARIO, ID_DISCIPLINA, ID_USUARIO, ID_QUESTAO, ENUNCIADO, ID_ALTERNATIVA, FRASE, CORRETA, FEEDBACK) VALUES(50, 3, 1, 1, 'Quais são as dimensões da IA?', 4, 'processos de raciocínio e processos de imaginação', 0, 'Incorreto. Você precisa estudar mais sobre o(s) objeto(s): 1-inteligência artificial');
INSERT INTO "STI"."USER"."ex_questionario_temp" (ID_QUESTIONARIO, ID_DISCIPLINA, ID_USUARIO, ID_QUESTAO, ENUNCIADO, ID_ALTERNATIVA, FRASE, CORRETA, FEEDBACK) VALUES(50, 3, 1, 10, 'Sistemas especialistas são um exemplo da linha de pesquisa:', 40, 'racional', 0, 'Incorreto. Você precisa estudar mais sobre o(s) objeto(s): 2.1-linha simbólica e 2.1.1-sistema especialista');
INSERT INTO "STI"."USER"."ex_questionario_temp" (ID_QUESTIONARIO, ID_DISCIPLINA, ID_USUARIO, ID_QUESTAO, ENUNCIADO, ID_ALTERNATIVA, FRASE, CORRETA, FEEDBACK) VALUES(50, 3, 1, 10, 'Sistemas especialistas são um exemplo da linha de pesquisa:', 38, 'conexionista', 0, 'Incorreto. Você precisa estudar mais sobre o(s) objeto(s): 2.1-linha simbólica e 2.1.1-sistema especialista');
INSERT INTO "STI"."USER"."ex_questionario_temp" (ID_QUESTIONARIO, ID_DISCIPLINA, ID_USUARIO, ID_QUESTAO, ENUNCIADO, ID_ALTERNATIVA, FRASE, CORRETA, FEEDBACK) VALUES(50, 3, 1, 10, 'Sistemas especialistas são um exemplo da linha de pesquisa:', 37, 'simbólica', 1, 'Correto.');
INSERT INTO "STI"."USER"."ex_questionario_temp" (ID_QUESTIONARIO, ID_DISCIPLINA, ID_USUARIO, ID_QUESTAO, ENUNCIADO, ID_ALTERNATIVA, FRASE, CORRETA, FEEDBACK) VALUES(50, 3, 1, 10, 'Sistemas especialistas são um exemplo da linha de pesquisa:', 39, 'evolucionária', 0, 'Incorreto. Você precisa estudar mais sobre o(s) objeto(s): 2.1-linha simbólica e 2.1.1-sistema especialista');
INSERT INTO "STI"."USER"."ex_questionario_temp" (ID_QUESTIONARIO, ID_DISCIPLINA, ID_USUARIO, ID_QUESTAO, ENUNCIADO, ID_ALTERNATIVA, FRASE, CORRETA, FEEDBACK) VALUES(50, 3, 1, 12, 'Sistemas Especialistas" (SE) são programas de computadores que buscam imitar o comportamento de especialistas humanos, dentro de um domínio de conhecimento específico. Nas definições de IA, podemos enquadrar SE como:', 46, 'pensar racionalmente', 0, 'Incorreto. Você precisa estudar mais sobre o(s) objeto(s): 1.3-agir como ser humano, 2.1-linha simbólica e 2.1.1-sistema especialista');
INSERT INTO "STI"."USER"."ex_questionario_temp" (ID_QUESTIONARIO, ID_DISCIPLINA, ID_USUARIO, ID_QUESTAO, ENUNCIADO, ID_ALTERNATIVA, FRASE, CORRETA, FEEDBACK) VALUES(50, 3, 1, 12, 'Sistemas Especialistas" (SE) são programas de computadores que buscam imitar o comportamento de especialistas humanos, dentro de um domínio de conhecimento específico. Nas definições de IA, podemos enquadrar SE como:', 47, 'agir como ser humano', 1, 'Correto.');
INSERT INTO "STI"."USER"."ex_questionario_temp" (ID_QUESTIONARIO, ID_DISCIPLINA, ID_USUARIO, ID_QUESTAO, ENUNCIADO, ID_ALTERNATIVA, FRASE, CORRETA, FEEDBACK) VALUES(50, 3, 1, 12, 'Sistemas Especialistas" (SE) são programas de computadores que buscam imitar o comportamento de especialistas humanos, dentro de um domínio de conhecimento específico. Nas definições de IA, podemos enquadrar SE como:', 48, 'agir racionalmente', 0, 'Incorreto. Você precisa estudar mais sobre o(s) objeto(s): 1.3-agir como ser humano, 2.1-linha simbólica e 2.1.1-sistema especialista');
INSERT INTO "STI"."USER"."ex_questionario_temp" (ID_QUESTIONARIO, ID_DISCIPLINA, ID_USUARIO, ID_QUESTAO, ENUNCIADO, ID_ALTERNATIVA, FRASE, CORRETA, FEEDBACK) VALUES(50, 3, 1, 12, 'Sistemas Especialistas" (SE) são programas de computadores que buscam imitar o comportamento de especialistas humanos, dentro de um domínio de conhecimento específico. Nas definições de IA, podemos enquadrar SE como:', 45, 'pensar como ser humano', 0, 'Incorreto. Você precisa estudar mais sobre o(s) objeto(s): 1.3-agir como ser humano, 2.1-linha simbólica e 2.1.1-sistema especialista');
INSERT INTO "STI"."USER"."ex_questionario_temp" (ID_QUESTIONARIO, ID_DISCIPLINA, ID_USUARIO, ID_QUESTAO, ENUNCIADO, ID_ALTERNATIVA, FRASE, CORRETA, FEEDBACK) VALUES(50, 3, 1, 19, 'Um SE possui as regras abaixo:\r\n\r\n1. SE temperatura > 30 graus E aquecedor = ligado ENTÃO ação = desligue aquecedor\r\n2. SE temperatura < 25 graus E aquecedor = desligado ENTÃO ação = ligue aquecedor\r\n\r\nO que acontecerá para os seguintes fatos:\r\n\r\n1. temperatura = 27 graus\r\n2. temperatura = 31 graus\r\n3. temperatura = 25 graus\r\n4. temperatura = 24 graus\r\n', 74, 'aquecedor desligará / aquecedor desligará / nada / aquecedor ligará', 0, 'Incorreto. Você precisa estudar mais sobre o(s) objeto(s): 2.1.1-sistema especialista, 2.1.1.6-regra e 2.1.1.7-fato');
INSERT INTO "STI"."USER"."ex_questionario_temp" (ID_QUESTIONARIO, ID_DISCIPLINA, ID_USUARIO, ID_QUESTAO, ENUNCIADO, ID_ALTERNATIVA, FRASE, CORRETA, FEEDBACK) VALUES(50, 3, 1, 19, 'Um SE possui as regras abaixo:\r\n\r\n1. SE temperatura > 30 graus E aquecedor = ligado ENTÃO ação = desligue aquecedor\r\n2. SE temperatura < 25 graus E aquecedor = desligado ENTÃO ação = ligue aquecedor\r\n\r\nO que acontecerá para os seguintes fatos:\r\n\r\n1. temperatura = 27 graus\r\n2. temperatura = 31 graus\r\n3. temperatura = 25 graus\r\n4. temperatura = 24 graus\r\n', 76, 'aquecedor desligará / nada / nada / aquecedor ligará', 0, 'Incorreto. Você precisa estudar mais sobre o(s) objeto(s): 2.1.1-sistema especialista, 2.1.1.6-regra e 2.1.1.7-fato');
INSERT INTO "STI"."USER"."ex_questionario_temp" (ID_QUESTIONARIO, ID_DISCIPLINA, ID_USUARIO, ID_QUESTAO, ENUNCIADO, ID_ALTERNATIVA, FRASE, CORRETA, FEEDBACK) VALUES(50, 3, 1, 19, 'Um SE possui as regras abaixo:\r\n\r\n1. SE temperatura > 30 graus E aquecedor = ligado ENTÃO ação = desligue aquecedor\r\n2. SE temperatura < 25 graus E aquecedor = desligado ENTÃO ação = ligue aquecedor\r\n\r\nO que acontecerá para os seguintes fatos:\r\n\r\n1. temperatura = 27 graus\r\n2. temperatura = 31 graus\r\n3. temperatura = 25 graus\r\n4. temperatura = 24 graus\r\n', 75, 'nada / aquecedor ligará / nada / aquecedor desligará', 0, 'Incorreto. Você precisa estudar mais sobre o(s) objeto(s): 2.1.1-sistema especialista, 2.1.1.6-regra e 2.1.1.7-fato');
INSERT INTO "STI"."USER"."ex_questionario_temp" (ID_QUESTIONARIO, ID_DISCIPLINA, ID_USUARIO, ID_QUESTAO, ENUNCIADO, ID_ALTERNATIVA, FRASE, CORRETA, FEEDBACK) VALUES(50, 3, 1, 19, 'Um SE possui as regras abaixo:\r\n\r\n1. SE temperatura > 30 graus E aquecedor = ligado ENTÃO ação = desligue aquecedor\r\n2. SE temperatura < 25 graus E aquecedor = desligado ENTÃO ação = ligue aquecedor\r\n\r\nO que acontecerá para os seguintes fatos:\r\n\r\n1. temperatura = 27 graus\r\n2. temperatura = 31 graus\r\n3. temperatura = 25 graus\r\n4. temperatura = 24 graus\r\n', 73, 'nada / aquecedor desligará / nada / aquecedor ligará', 1, 'Correto.');
INSERT INTO "STI"."USER"."ex_questionario_temp" (ID_QUESTIONARIO, ID_DISCIPLINA, ID_USUARIO, ID_QUESTAO, ENUNCIADO, ID_ALTERNATIVA, FRASE, CORRETA, FEEDBACK) VALUES(51, 3, 1, 14, 'Foi desenvolvido para resolver o problema do diagnóstico e tratamento de doenças infecciosas do sangue através de um conjunto de 400 regras. Estamos falando de:', 54, 'SNARC', 0, 'Incorreto. Você precisa estudar mais sobre o(s) objeto(s): 2.1-linha simbólica, 2.1.1-sistema especialista e 2.1.1.1-MYCIN');
INSERT INTO "STI"."USER"."ex_questionario_temp" (ID_QUESTIONARIO, ID_DISCIPLINA, ID_USUARIO, ID_QUESTAO, ENUNCIADO, ID_ALTERNATIVA, FRASE, CORRETA, FEEDBACK) VALUES(51, 3, 1, 14, 'Foi desenvolvido para resolver o problema do diagnóstico e tratamento de doenças infecciosas do sangue através de um conjunto de 400 regras. Estamos falando de:', 56, 'Perceptron', 0, 'Incorreto. Você precisa estudar mais sobre o(s) objeto(s): 2.1-linha simbólica, 2.1.1-sistema especialista e 2.1.1.1-MYCIN');
INSERT INTO "STI"."USER"."ex_questionario_temp" (ID_QUESTIONARIO, ID_DISCIPLINA, ID_USUARIO, ID_QUESTAO, ENUNCIADO, ID_ALTERNATIVA, FRASE, CORRETA, FEEDBACK) VALUES(51, 3, 1, 14, 'Foi desenvolvido para resolver o problema do diagnóstico e tratamento de doenças infecciosas do sangue através de um conjunto de 400 regras. Estamos falando de:', 55, 'MYCIN', 1, 'Correto.');
INSERT INTO "STI"."USER"."ex_questionario_temp" (ID_QUESTIONARIO, ID_DISCIPLINA, ID_USUARIO, ID_QUESTAO, ENUNCIADO, ID_ALTERNATIVA, FRASE, CORRETA, FEEDBACK) VALUES(51, 3, 1, 14, 'Foi desenvolvido para resolver o problema do diagnóstico e tratamento de doenças infecciosas do sangue através de um conjunto de 400 regras. Estamos falando de:', 53, 'DENDRAL', 0, 'Incorreto. Você precisa estudar mais sobre o(s) objeto(s): 2.1-linha simbólica, 2.1.1-sistema especialista e 2.1.1.1-MYCIN');
INSERT INTO "STI"."USER"."ex_questionario_temp" (ID_QUESTIONARIO, ID_DISCIPLINA, ID_USUARIO, ID_QUESTAO, ENUNCIADO, ID_ALTERNATIVA, FRASE, CORRETA, FEEDBACK) VALUES(51, 3, 1, 16, 'São componentes de um sistema especialista:', 64, 'mecanismo de inferência, base de conhecimento e mutação aleatória', 0, 'Incorreto. Você precisa estudar mais sobre o(s) objeto(s): 2.1.1-sistema especialista, 2.1.1.3-quadro negro, 2.1.1.4-motor de inferência e 2.1.1.5-base de conhecimento');
INSERT INTO "STI"."USER"."ex_questionario_temp" (ID_QUESTIONARIO, ID_DISCIPLINA, ID_USUARIO, ID_QUESTAO, ENUNCIADO, ID_ALTERNATIVA, FRASE, CORRETA, FEEDBACK) VALUES(51, 3, 1, 16, 'São componentes de um sistema especialista:', 61, 'quadro negro, base de conhecimento e mecanismo de inferência', 1, 'Correto.');
INSERT INTO "STI"."USER"."ex_questionario_temp" (ID_QUESTIONARIO, ID_DISCIPLINA, ID_USUARIO, ID_QUESTAO, ENUNCIADO, ID_ALTERNATIVA, FRASE, CORRETA, FEEDBACK) VALUES(51, 3, 1, 16, 'São componentes de um sistema especialista:', 62, 'quadro negro, base de inferência e mecanismo de conhecimento', 0, 'Incorreto. Você precisa estudar mais sobre o(s) objeto(s): 2.1.1-sistema especialista, 2.1.1.3-quadro negro, 2.1.1.4-motor de inferência e 2.1.1.5-base de conhecimento');
INSERT INTO "STI"."USER"."ex_questionario_temp" (ID_QUESTIONARIO, ID_DISCIPLINA, ID_USUARIO, ID_QUESTAO, ENUNCIADO, ID_ALTERNATIVA, FRASE, CORRETA, FEEDBACK) VALUES(51, 3, 1, 16, 'São componentes de um sistema especialista:', 63, 'quadro negro, mecanismo de inferência e seleção', 0, 'Incorreto. Você precisa estudar mais sobre o(s) objeto(s): 2.1.1-sistema especialista, 2.1.1.3-quadro negro, 2.1.1.4-motor de inferência e 2.1.1.5-base de conhecimento');
INSERT INTO "STI"."USER"."ex_questionario_temp" (ID_QUESTIONARIO, ID_DISCIPLINA, ID_USUARIO, ID_QUESTAO, ENUNCIADO, ID_ALTERNATIVA, FRASE, CORRETA, FEEDBACK) VALUES(51, 3, 1, 20, 'Um robô equipado com rodas que se movimenta livremente possui três sensores ultrassom" (um direcionado para a esquerda, outro apontado para frente e o terceiro apontado para a direita) para comparar a distância de algum obstáculo. Suponha que um SE para controle do robô tenha as seguintes regras:\r\n\r\n1. SE sensor_esquerdo > 20 cm E sensor_central > 20 cm E sensor_direita > 20 cm ENTÃO ação = seguir em frente\r\n2. SE sensor_central < 20 cm ENTÃO ação = gire 180 graus\r\n3. SE sensor_esquerdo < 20 cm ENTÃO ação = gire 90 graus para a direita\r\n4. SE sensor_direito < 20 cm ENTÃO ação = gire 90 graus para a esquerda\r\n\r\nSe observarmos que o comportamento do robô é mover-se em frente e girar 180 graus continuamente:\r\n\r\n(      ) as distâncias dos sensores esquerdo e direito são menores do que 20 cm\r\n(      ) as regras 1 e 3 estão sendo executadas continuamente\r\n(      ) as regras 1 e 2 estão sendo executadas continuamente\r\n(      ) o robô está percorrendo continuamente uma trajetória entre obstáculos" (ou paredes) opostos \r\n', 80, 'F-F-F-V', 0, 'Incorreto. Você precisa estudar mais sobre o(s) objeto(s): 2.1.1-sistema especialista, 2.1.1.6-regra e 2.1.1.7-fato');
INSERT INTO "STI"."USER"."ex_questionario_temp" (ID_QUESTIONARIO, ID_DISCIPLINA, ID_USUARIO, ID_QUESTAO, ENUNCIADO, ID_ALTERNATIVA, FRASE, CORRETA, FEEDBACK) VALUES(51, 3, 1, 20, 'Um robô equipado com rodas que se movimenta livremente possui três sensores ultrassom" (um direcionado para a esquerda, outro apontado para frente e o terceiro apontado para a direita) para comparar a distância de algum obstáculo. Suponha que um SE para controle do robô tenha as seguintes regras:\r\n\r\n1. SE sensor_esquerdo > 20 cm E sensor_central > 20 cm E sensor_direita > 20 cm ENTÃO ação = seguir em frente\r\n2. SE sensor_central < 20 cm ENTÃO ação = gire 180 graus\r\n3. SE sensor_esquerdo < 20 cm ENTÃO ação = gire 90 graus para a direita\r\n4. SE sensor_direito < 20 cm ENTÃO ação = gire 90 graus para a esquerda\r\n\r\nSe observarmos que o comportamento do robô é mover-se em frente e girar 180 graus continuamente:\r\n\r\n(      ) as distâncias dos sensores esquerdo e direito são menores do que 20 cm\r\n(      ) as regras 1 e 3 estão sendo executadas continuamente\r\n(      ) as regras 1 e 2 estão sendo executadas continuamente\r\n(      ) o robô está percorrendo continuamente uma trajetória entre obstáculos" (ou paredes) opostos \r\n', 77, 'F-F-V-F', 0, 'Incorreto. Você precisa estudar mais sobre o(s) objeto(s): 2.1.1-sistema especialista, 2.1.1.6-regra e 2.1.1.7-fato');
INSERT INTO "STI"."USER"."ex_questionario_temp" (ID_QUESTIONARIO, ID_DISCIPLINA, ID_USUARIO, ID_QUESTAO, ENUNCIADO, ID_ALTERNATIVA, FRASE, CORRETA, FEEDBACK) VALUES(51, 3, 1, 20, 'Um robô equipado com rodas que se movimenta livremente possui três sensores ultrassom" (um direcionado para a esquerda, outro apontado para frente e o terceiro apontado para a direita) para comparar a distância de algum obstáculo. Suponha que um SE para controle do robô tenha as seguintes regras:\r\n\r\n1. SE sensor_esquerdo > 20 cm E sensor_central > 20 cm E sensor_direita > 20 cm ENTÃO ação = seguir em frente\r\n2. SE sensor_central < 20 cm ENTÃO ação = gire 180 graus\r\n3. SE sensor_esquerdo < 20 cm ENTÃO ação = gire 90 graus para a direita\r\n4. SE sensor_direito < 20 cm ENTÃO ação = gire 90 graus para a esquerda\r\n\r\nSe observarmos que o comportamento do robô é mover-se em frente e girar 180 graus continuamente:\r\n\r\n(      ) as distâncias dos sensores esquerdo e direito são menores do que 20 cm\r\n(      ) as regras 1 e 3 estão sendo executadas continuamente\r\n(      ) as regras 1 e 2 estão sendo executadas continuamente\r\n(      ) o robô está percorrendo continuamente uma trajetória entre obstáculos" (ou paredes) opostos \r\n', 78, 'F-V-V-F', 0, 'Incorreto. Você precisa estudar mais sobre o(s) objeto(s): 2.1.1-sistema especialista, 2.1.1.6-regra e 2.1.1.7-fato');
INSERT INTO "STI"."USER"."ex_questionario_temp" (ID_QUESTIONARIO, ID_DISCIPLINA, ID_USUARIO, ID_QUESTAO, ENUNCIADO, ID_ALTERNATIVA, FRASE, CORRETA, FEEDBACK) VALUES(51, 3, 1, 20, 'Um robô equipado com rodas que se movimenta livremente possui três sensores ultrassom" (um direcionado para a esquerda, outro apontado para frente e o terceiro apontado para a direita) para comparar a distância de algum obstáculo. Suponha que um SE para controle do robô tenha as seguintes regras:\r\n\r\n1. SE sensor_esquerdo > 20 cm E sensor_central > 20 cm E sensor_direita > 20 cm ENTÃO ação = seguir em frente\r\n2. SE sensor_central < 20 cm ENTÃO ação = gire 180 graus\r\n3. SE sensor_esquerdo < 20 cm ENTÃO ação = gire 90 graus para a direita\r\n4. SE sensor_direito < 20 cm ENTÃO ação = gire 90 graus para a esquerda\r\n\r\nSe observarmos que o comportamento do robô é mover-se em frente e girar 180 graus continuamente:\r\n\r\n(      ) as distâncias dos sensores esquerdo e direito são menores do que 20 cm\r\n(      ) as regras 1 e 3 estão sendo executadas continuamente\r\n(      ) as regras 1 e 2 estão sendo executadas continuamente\r\n(      ) o robô está percorrendo continuamente uma trajetória entre obstáculos" (ou paredes) opostos \r\n', 79, 'F-F-V-V', 1, 'Correto.');
INSERT INTO "STI"."USER"."ex_questionario_temp" (ID_QUESTIONARIO, ID_DISCIPLINA, ID_USUARIO, ID_QUESTAO, ENUNCIADO, ID_ALTERNATIVA, FRASE, CORRETA, FEEDBACK) VALUES(52, 3, 1, 10, 'Sistemas especialistas são um exemplo da linha de pesquisa:', 38, 'conexionista', 0, 'Incorreto. Você precisa estudar mais sobre o(s) objeto(s): 2.1-linha simbólica e 2.1.1-sistema especialista');
INSERT INTO "STI"."USER"."ex_questionario_temp" (ID_QUESTIONARIO, ID_DISCIPLINA, ID_USUARIO, ID_QUESTAO, ENUNCIADO, ID_ALTERNATIVA, FRASE, CORRETA, FEEDBACK) VALUES(52, 3, 1, 10, 'Sistemas especialistas são um exemplo da linha de pesquisa:', 40, 'racional', 0, 'Incorreto. Você precisa estudar mais sobre o(s) objeto(s): 2.1-linha simbólica e 2.1.1-sistema especialista');
INSERT INTO "STI"."USER"."ex_questionario_temp" (ID_QUESTIONARIO, ID_DISCIPLINA, ID_USUARIO, ID_QUESTAO, ENUNCIADO, ID_ALTERNATIVA, FRASE, CORRETA, FEEDBACK) VALUES(52, 3, 1, 10, 'Sistemas especialistas são um exemplo da linha de pesquisa:', 39, 'evolucionária', 0, 'Incorreto. Você precisa estudar mais sobre o(s) objeto(s): 2.1-linha simbólica e 2.1.1-sistema especialista');
INSERT INTO "STI"."USER"."ex_questionario_temp" (ID_QUESTIONARIO, ID_DISCIPLINA, ID_USUARIO, ID_QUESTAO, ENUNCIADO, ID_ALTERNATIVA, FRASE, CORRETA, FEEDBACK) VALUES(52, 3, 1, 10, 'Sistemas especialistas são um exemplo da linha de pesquisa:', 37, 'simbólica', 1, 'Correto.');
INSERT INTO "STI"."USER"."ex_questionario_temp" (ID_QUESTIONARIO, ID_DISCIPLINA, ID_USUARIO, ID_QUESTAO, ENUNCIADO, ID_ALTERNATIVA, FRASE, CORRETA, FEEDBACK) VALUES(52, 3, 1, 5, ' A definição de IA, "a Inteligência Computacional é o estudo do projeto de agentes inteligentes", refere-se a:', 18, 'pensar racionalmente', 0, 'Incorreto. Você precisa estudar mais sobre o(s) objeto(s): 1.4-agir racionalmente');
INSERT INTO "STI"."USER"."ex_questionario_temp" (ID_QUESTIONARIO, ID_DISCIPLINA, ID_USUARIO, ID_QUESTAO, ENUNCIADO, ID_ALTERNATIVA, FRASE, CORRETA, FEEDBACK) VALUES(52, 3, 1, 5, ' A definição de IA, "a Inteligência Computacional é o estudo do projeto de agentes inteligentes", refere-se a:', 17, 'pensar como ser humano', 0, 'Incorreto. Você precisa estudar mais sobre o(s) objeto(s): 1.4-agir racionalmente');
INSERT INTO "STI"."USER"."ex_questionario_temp" (ID_QUESTIONARIO, ID_DISCIPLINA, ID_USUARIO, ID_QUESTAO, ENUNCIADO, ID_ALTERNATIVA, FRASE, CORRETA, FEEDBACK) VALUES(52, 3, 1, 5, ' A definição de IA, "a Inteligência Computacional é o estudo do projeto de agentes inteligentes", refere-se a:', 19, 'agir como ser humano', 0, 'Incorreto. Você precisa estudar mais sobre o(s) objeto(s): 1.4-agir racionalmente');
INSERT INTO "STI"."USER"."ex_questionario_temp" (ID_QUESTIONARIO, ID_DISCIPLINA, ID_USUARIO, ID_QUESTAO, ENUNCIADO, ID_ALTERNATIVA, FRASE, CORRETA, FEEDBACK) VALUES(52, 3, 1, 5, ' A definição de IA, "a Inteligência Computacional é o estudo do projeto de agentes inteligentes", refere-se a:', 20, 'agir racionalmente', 1, 'Correto.');
INSERT INTO "STI"."USER"."ex_questionario_temp" (ID_QUESTIONARIO, ID_DISCIPLINA, ID_USUARIO, ID_QUESTAO, ENUNCIADO, ID_ALTERNATIVA, FRASE, CORRETA, FEEDBACK) VALUES(52, 3, 1, 17, 'Relacione as proposições a seguir referentes às etapas para construção de um SE e depois marque a alternativa correta:\r\n1. Definição do domínio do problema\r\n2. Aquisição de conhecimento\r\n3. Organização e representação do conhecimento\r\n4. Implementação do SE\r\n5. Testes e validação\r\n\r\n(      ) O desenvolvimento de um SE se inicia com a especificação do domínio do problema que geralmente ocorre a partir da consulta à algumas fontes de conhecimento, tais como: livros, manuais, relatórios técnicos e principalmente da experiência e conhecimento dos especialistas\r\n(      ) Geralmente são realizados para verificar a validade das regras na base de conhecimento.\r\n(      ) Fase que consiste na coleta e análise de informações de um ou mais especialistas e qualquer outra fonte, possibilitando a produção de documentos.\r\n(      ) Uso de fatos e regras para estruturar o conhecimento coletado.\r\n(      ) Fase onde o analista escolhe uma linguagem de programação ou pacote" (shell) ', 65, '1-4-3-2-5', 0, 'Incorreto. Você precisa estudar mais sobre o(s) objeto(s): 2.1.1-sistema especialista, 2.1.1.8-construção de um sistema especialista, 2.1.1.8.1-identificação do domínio do problema, 2.1.1.8.2-aquisição de conhecimento, 2.1.1.8.3-organização e representação do conhecimento, 2.1.1.8.4-implementação do sistema especialista e 2.1.1.8.5-testes e validação do sistema especialista');
INSERT INTO "STI"."USER"."ex_questionario_temp" (ID_QUESTIONARIO, ID_DISCIPLINA, ID_USUARIO, ID_QUESTAO, ENUNCIADO, ID_ALTERNATIVA, FRASE, CORRETA, FEEDBACK) VALUES(52, 3, 1, 17, 'Relacione as proposições a seguir referentes às etapas para construção de um SE e depois marque a alternativa correta:\r\n1. Definição do domínio do problema\r\n2. Aquisição de conhecimento\r\n3. Organização e representação do conhecimento\r\n4. Implementação do SE\r\n5. Testes e validação\r\n\r\n(      ) O desenvolvimento de um SE se inicia com a especificação do domínio do problema que geralmente ocorre a partir da consulta à algumas fontes de conhecimento, tais como: livros, manuais, relatórios técnicos e principalmente da experiência e conhecimento dos especialistas\r\n(      ) Geralmente são realizados para verificar a validade das regras na base de conhecimento.\r\n(      ) Fase que consiste na coleta e análise de informações de um ou mais especialistas e qualquer outra fonte, possibilitando a produção de documentos.\r\n(      ) Uso de fatos e regras para estruturar o conhecimento coletado.\r\n(      ) Fase onde o analista escolhe uma linguagem de programação ou pacote" (shell) ', 68, '1-4-2-3-5', 0, 'Incorreto. Você precisa estudar mais sobre o(s) objeto(s): 2.1.1-sistema especialista, 2.1.1.8-construção de um sistema especialista, 2.1.1.8.1-identificação do domínio do problema, 2.1.1.8.2-aquisição de conhecimento, 2.1.1.8.3-organização e representação do conhecimento, 2.1.1.8.4-implementação do sistema especialista e 2.1.1.8.5-testes e validação do sistema especialista');
INSERT INTO "STI"."USER"."ex_questionario_temp" (ID_QUESTIONARIO, ID_DISCIPLINA, ID_USUARIO, ID_QUESTAO, ENUNCIADO, ID_ALTERNATIVA, FRASE, CORRETA, FEEDBACK) VALUES(52, 3, 1, 17, 'Relacione as proposições a seguir referentes às etapas para construção de um SE e depois marque a alternativa correta:\r\n1. Definição do domínio do problema\r\n2. Aquisição de conhecimento\r\n3. Organização e representação do conhecimento\r\n4. Implementação do SE\r\n5. Testes e validação\r\n\r\n(      ) O desenvolvimento de um SE se inicia com a especificação do domínio do problema que geralmente ocorre a partir da consulta à algumas fontes de conhecimento, tais como: livros, manuais, relatórios técnicos e principalmente da experiência e conhecimento dos especialistas\r\n(      ) Geralmente são realizados para verificar a validade das regras na base de conhecimento.\r\n(      ) Fase que consiste na coleta e análise de informações de um ou mais especialistas e qualquer outra fonte, possibilitando a produção de documentos.\r\n(      ) Uso de fatos e regras para estruturar o conhecimento coletado.\r\n(      ) Fase onde o analista escolhe uma linguagem de programação ou pacote" (shell) ', 67, '1-5-3-2-4', 1, 'Correto.');
INSERT INTO "STI"."USER"."ex_questionario_temp" (ID_QUESTIONARIO, ID_DISCIPLINA, ID_USUARIO, ID_QUESTAO, ENUNCIADO, ID_ALTERNATIVA, FRASE, CORRETA, FEEDBACK) VALUES(52, 3, 1, 17, 'Relacione as proposições a seguir referentes às etapas para construção de um SE e depois marque a alternativa correta:\r\n1. Definição do domínio do problema\r\n2. Aquisição de conhecimento\r\n3. Organização e representação do conhecimento\r\n4. Implementação do SE\r\n5. Testes e validação\r\n\r\n(      ) O desenvolvimento de um SE se inicia com a especificação do domínio do problema que geralmente ocorre a partir da consulta à algumas fontes de conhecimento, tais como: livros, manuais, relatórios técnicos e principalmente da experiência e conhecimento dos especialistas\r\n(      ) Geralmente são realizados para verificar a validade das regras na base de conhecimento.\r\n(      ) Fase que consiste na coleta e análise de informações de um ou mais especialistas e qualquer outra fonte, possibilitando a produção de documentos.\r\n(      ) Uso de fatos e regras para estruturar o conhecimento coletado.\r\n(      ) Fase onde o analista escolhe uma linguagem de programação ou pacote" (shell) ', 66, '2-5-3-1-4', 0, 'Incorreto. Você precisa estudar mais sobre o(s) objeto(s): 2.1.1-sistema especialista, 2.1.1.8-construção de um sistema especialista, 2.1.1.8.1-identificação do domínio do problema, 2.1.1.8.2-aquisição de conhecimento, 2.1.1.8.3-organização e representação do conhecimento, 2.1.1.8.4-implementação do sistema especialista e 2.1.1.8.5-testes e validação do sistema especialista');

INSERT INTO "STI"."USER"."ex_resposta" (ID_RESPOSTA, ID_QUESTIONARIO, ID_USUARIO, ID_DISCIPLINA, ID_QUESTAO, ID_ALTERNATIVA, CORRETA, DATA) VALUES(1, 5, 1, 3, 5, 18, '0', '2014-07-23 15:53:45');
INSERT INTO "STI"."USER"."ex_resposta" (ID_RESPOSTA, ID_QUESTIONARIO, ID_USUARIO, ID_DISCIPLINA, ID_QUESTAO, ID_ALTERNATIVA, CORRETA, DATA) VALUES(2, 5, 1, 3, 3, 10, '1', '2014-07-23 15:53:46');
INSERT INTO "STI"."USER"."ex_resposta" (ID_RESPOSTA, ID_QUESTIONARIO, ID_USUARIO, ID_DISCIPLINA, ID_QUESTAO, ID_ALTERNATIVA, CORRETA, DATA) VALUES(3, 6, 1, 3, 7, 28, '1', '2014-07-23 15:55:29');
INSERT INTO "STI"."USER"."ex_resposta" (ID_RESPOSTA, ID_QUESTIONARIO, ID_USUARIO, ID_DISCIPLINA, ID_QUESTAO, ID_ALTERNATIVA, CORRETA, DATA) VALUES(4, 6, 1, 3, 5, 17, '0', '2014-07-23 15:55:29');
INSERT INTO "STI"."USER"."ex_resposta" (ID_RESPOSTA, ID_QUESTIONARIO, ID_USUARIO, ID_DISCIPLINA, ID_QUESTAO, ID_ALTERNATIVA, CORRETA, DATA) VALUES(5, 6, 1, 3, 7, 28, '1', '2014-07-23 15:55:44');
INSERT INTO "STI"."USER"."ex_resposta" (ID_RESPOSTA, ID_QUESTIONARIO, ID_USUARIO, ID_DISCIPLINA, ID_QUESTAO, ID_ALTERNATIVA, CORRETA, DATA) VALUES(6, 6, 1, 3, 5, 20, '1', '2014-07-23 15:55:44');
INSERT INTO "STI"."USER"."ex_resposta" (ID_RESPOSTA, ID_QUESTIONARIO, ID_USUARIO, ID_DISCIPLINA, ID_QUESTAO, ID_ALTERNATIVA, CORRETA, DATA) VALUES(7, 6, 1, 3, 7, 25, '0', '2014-07-23 16:26:33');
INSERT INTO "STI"."USER"."ex_resposta" (ID_RESPOSTA, ID_QUESTIONARIO, ID_USUARIO, ID_DISCIPLINA, ID_QUESTAO, ID_ALTERNATIVA, CORRETA, DATA) VALUES(8, 6, 1, 3, 5, 17, '0', '2014-07-23 16:26:33');
INSERT INTO "STI"."USER"."ex_resposta" (ID_RESPOSTA, ID_QUESTIONARIO, ID_USUARIO, ID_DISCIPLINA, ID_QUESTAO, ID_ALTERNATIVA, CORRETA, DATA) VALUES(9, 6, 1, 3, 7, 28, '1', '2014-07-23 16:26:42');
INSERT INTO "STI"."USER"."ex_resposta" (ID_RESPOSTA, ID_QUESTIONARIO, ID_USUARIO, ID_DISCIPLINA, ID_QUESTAO, ID_ALTERNATIVA, CORRETA, DATA) VALUES(10, 6, 1, 3, 5, 17, '0', '2014-07-23 16:26:42');
INSERT INTO "STI"."USER"."ex_resposta" (ID_RESPOSTA, ID_QUESTIONARIO, ID_USUARIO, ID_DISCIPLINA, ID_QUESTAO, ID_ALTERNATIVA, CORRETA, DATA) VALUES(11, 6, 1, 3, 7, 28, '1', '2014-07-23 16:26:58');
INSERT INTO "STI"."USER"."ex_resposta" (ID_RESPOSTA, ID_QUESTIONARIO, ID_USUARIO, ID_DISCIPLINA, ID_QUESTAO, ID_ALTERNATIVA, CORRETA, DATA) VALUES(12, 6, 1, 3, 5, 18, '0', '2014-07-23 16:26:58');
INSERT INTO "STI"."USER"."ex_resposta" (ID_RESPOSTA, ID_QUESTIONARIO, ID_USUARIO, ID_DISCIPLINA, ID_QUESTAO, ID_ALTERNATIVA, CORRETA, DATA) VALUES(13, 6, 1, 3, 5, 20, '1', '2014-07-23 16:26:58');
INSERT INTO "STI"."USER"."ex_resposta" (ID_RESPOSTA, ID_QUESTIONARIO, ID_USUARIO, ID_DISCIPLINA, ID_QUESTAO, ID_ALTERNATIVA, CORRETA, DATA) VALUES(14, 6, 1, 3, 7, 26, '0', '2014-07-23 16:27:22');
INSERT INTO "STI"."USER"."ex_resposta" (ID_RESPOSTA, ID_QUESTIONARIO, ID_USUARIO, ID_DISCIPLINA, ID_QUESTAO, ID_ALTERNATIVA, CORRETA, DATA) VALUES(15, 6, 1, 3, 5, 18, '0', '2014-07-23 16:27:22');
INSERT INTO "STI"."USER"."ex_resposta" (ID_RESPOSTA, ID_QUESTIONARIO, ID_USUARIO, ID_DISCIPLINA, ID_QUESTAO, ID_ALTERNATIVA, CORRETA, DATA) VALUES(16, 6, 1, 3, 5, 20, '1', '2014-07-23 16:27:22');
INSERT INTO "STI"."USER"."ex_resposta" (ID_RESPOSTA, ID_QUESTIONARIO, ID_USUARIO, ID_DISCIPLINA, ID_QUESTAO, ID_ALTERNATIVA, CORRETA, DATA) VALUES(17, 6, 1, 3, 7, 28, '1', '2014-07-23 16:27:34');
INSERT INTO "STI"."USER"."ex_resposta" (ID_RESPOSTA, ID_QUESTIONARIO, ID_USUARIO, ID_DISCIPLINA, ID_QUESTAO, ID_ALTERNATIVA, CORRETA, DATA) VALUES(18, 6, 1, 3, 7, 25, '0', '2014-07-23 16:27:34');
INSERT INTO "STI"."USER"."ex_resposta" (ID_RESPOSTA, ID_QUESTIONARIO, ID_USUARIO, ID_DISCIPLINA, ID_QUESTAO, ID_ALTERNATIVA, CORRETA, DATA) VALUES(19, 6, 1, 3, 7, 26, '0', '2014-07-23 16:27:34');
INSERT INTO "STI"."USER"."ex_resposta" (ID_RESPOSTA, ID_QUESTIONARIO, ID_USUARIO, ID_DISCIPLINA, ID_QUESTAO, ID_ALTERNATIVA, CORRETA, DATA) VALUES(20, 6, 1, 3, 7, 27, '0', '2014-07-23 16:27:34');
INSERT INTO "STI"."USER"."ex_resposta" (ID_RESPOSTA, ID_QUESTIONARIO, ID_USUARIO, ID_DISCIPLINA, ID_QUESTAO, ID_ALTERNATIVA, CORRETA, DATA) VALUES(21, 6, 1, 3, 7, 28, '1', '2014-07-23 16:28:34');
INSERT INTO "STI"."USER"."ex_resposta" (ID_RESPOSTA, ID_QUESTIONARIO, ID_USUARIO, ID_DISCIPLINA, ID_QUESTAO, ID_ALTERNATIVA, CORRETA, DATA) VALUES(22, 6, 1, 3, 7, 25, '0', '2014-07-23 16:28:34');
INSERT INTO "STI"."USER"."ex_resposta" (ID_RESPOSTA, ID_QUESTIONARIO, ID_USUARIO, ID_DISCIPLINA, ID_QUESTAO, ID_ALTERNATIVA, CORRETA, DATA) VALUES(23, 6, 1, 3, 7, 28, '1', '2014-07-23 16:54:29');
INSERT INTO "STI"."USER"."ex_resposta" (ID_RESPOSTA, ID_QUESTIONARIO, ID_USUARIO, ID_DISCIPLINA, ID_QUESTAO, ID_ALTERNATIVA, CORRETA, DATA) VALUES(24, 6, 1, 3, 5, 19, '0', '2014-07-23 16:54:29');
INSERT INTO "STI"."USER"."ex_resposta" (ID_RESPOSTA, ID_QUESTIONARIO, ID_USUARIO, ID_DISCIPLINA, ID_QUESTAO, ID_ALTERNATIVA, CORRETA, DATA) VALUES(25, 6, 1, 3, 7, 28, '1', '2014-07-23 16:54:47');
INSERT INTO "STI"."USER"."ex_resposta" (ID_RESPOSTA, ID_QUESTIONARIO, ID_USUARIO, ID_DISCIPLINA, ID_QUESTAO, ID_ALTERNATIVA, CORRETA, DATA) VALUES(26, 6, 1, 3, 5, 20, '1', '2014-07-23 16:54:47');
INSERT INTO "STI"."USER"."ex_resposta" (ID_RESPOSTA, ID_QUESTIONARIO, ID_USUARIO, ID_DISCIPLINA, ID_QUESTAO, ID_ALTERNATIVA, CORRETA, DATA) VALUES(27, 6, 1, 3, 7, 28, '1', '2014-07-23 16:55:01');
INSERT INTO "STI"."USER"."ex_resposta" (ID_RESPOSTA, ID_QUESTIONARIO, ID_USUARIO, ID_DISCIPLINA, ID_QUESTAO, ID_ALTERNATIVA, CORRETA, DATA) VALUES(28, 6, 1, 3, 7, 28, '1', '2014-07-23 16:56:10');
INSERT INTO "STI"."USER"."ex_resposta" (ID_RESPOSTA, ID_QUESTIONARIO, ID_USUARIO, ID_DISCIPLINA, ID_QUESTAO, ID_ALTERNATIVA, CORRETA, DATA) VALUES(29, 6, 1, 3, 5, 19, '0', '2014-07-23 16:56:10');
INSERT INTO "STI"."USER"."ex_resposta" (ID_RESPOSTA, ID_QUESTIONARIO, ID_USUARIO, ID_DISCIPLINA, ID_QUESTAO, ID_ALTERNATIVA, CORRETA, DATA) VALUES(30, 6, 1, 3, 7, 25, '0', '2014-07-23 16:56:22');
INSERT INTO "STI"."USER"."ex_resposta" (ID_RESPOSTA, ID_QUESTIONARIO, ID_USUARIO, ID_DISCIPLINA, ID_QUESTAO, ID_ALTERNATIVA, CORRETA, DATA) VALUES(31, 6, 1, 3, 7, 25, '0', '2014-07-23 16:56:33');
INSERT INTO "STI"."USER"."ex_resposta" (ID_RESPOSTA, ID_QUESTIONARIO, ID_USUARIO, ID_DISCIPLINA, ID_QUESTAO, ID_ALTERNATIVA, CORRETA, DATA) VALUES(32, 6, 1, 3, 5, 20, '1', '2014-07-23 16:56:33');
INSERT INTO "STI"."USER"."ex_resposta" (ID_RESPOSTA, ID_QUESTIONARIO, ID_USUARIO, ID_DISCIPLINA, ID_QUESTAO, ID_ALTERNATIVA, CORRETA, DATA) VALUES(33, 6, 1, 3, 7, 28, '1', '2014-07-23 16:57:16');
INSERT INTO "STI"."USER"."ex_resposta" (ID_RESPOSTA, ID_QUESTIONARIO, ID_USUARIO, ID_DISCIPLINA, ID_QUESTAO, ID_ALTERNATIVA, CORRETA, DATA) VALUES(34, 6, 1, 3, 7, 28, '1', '2014-07-23 16:58:53');
INSERT INTO "STI"."USER"."ex_resposta" (ID_RESPOSTA, ID_QUESTIONARIO, ID_USUARIO, ID_DISCIPLINA, ID_QUESTAO, ID_ALTERNATIVA, CORRETA, DATA) VALUES(35, 6, 1, 3, 5, 17, '0', '2014-07-23 16:58:53');
INSERT INTO "STI"."USER"."ex_resposta" (ID_RESPOSTA, ID_QUESTIONARIO, ID_USUARIO, ID_DISCIPLINA, ID_QUESTAO, ID_ALTERNATIVA, CORRETA, DATA) VALUES(36, 6, 1, 3, 7, 25, '0', '2014-07-23 17:00:14');
INSERT INTO "STI"."USER"."ex_resposta" (ID_RESPOSTA, ID_QUESTIONARIO, ID_USUARIO, ID_DISCIPLINA, ID_QUESTAO, ID_ALTERNATIVA, CORRETA, DATA) VALUES(37, 6, 1, 3, 5, 20, '1', '2014-07-23 17:00:14');
INSERT INTO "STI"."USER"."ex_resposta" (ID_RESPOSTA, ID_QUESTIONARIO, ID_USUARIO, ID_DISCIPLINA, ID_QUESTAO, ID_ALTERNATIVA, CORRETA, DATA) VALUES(38, 7, 1, 3, 4, 15, '1', '2014-07-23 17:01:11');
INSERT INTO "STI"."USER"."ex_resposta" (ID_RESPOSTA, ID_QUESTIONARIO, ID_USUARIO, ID_DISCIPLINA, ID_QUESTAO, ID_ALTERNATIVA, CORRETA, DATA) VALUES(39, 7, 1, 3, 7, 28, '1', '2014-07-23 17:01:11');
INSERT INTO "STI"."USER"."ex_resposta" (ID_RESPOSTA, ID_QUESTIONARIO, ID_USUARIO, ID_DISCIPLINA, ID_QUESTAO, ID_ALTERNATIVA, CORRETA, DATA) VALUES(40, 8, 1, 3, 8, 30, '1', '2014-07-23 17:02:05');
INSERT INTO "STI"."USER"."ex_resposta" (ID_RESPOSTA, ID_QUESTIONARIO, ID_USUARIO, ID_DISCIPLINA, ID_QUESTAO, ID_ALTERNATIVA, CORRETA, DATA) VALUES(41, 8, 1, 3, 6, 23, '1', '2014-07-23 17:02:05');
INSERT INTO "STI"."USER"."ex_resposta" (ID_RESPOSTA, ID_QUESTIONARIO, ID_USUARIO, ID_DISCIPLINA, ID_QUESTAO, ID_ALTERNATIVA, CORRETA, DATA) VALUES(42, 8, 1, 3, 8, 31, '0', '2014-07-23 17:02:20');
INSERT INTO "STI"."USER"."ex_resposta" (ID_RESPOSTA, ID_QUESTIONARIO, ID_USUARIO, ID_DISCIPLINA, ID_QUESTAO, ID_ALTERNATIVA, CORRETA, DATA) VALUES(43, 8, 1, 3, 6, 22, '0', '2014-07-23 17:02:20');
INSERT INTO "STI"."USER"."ex_resposta" (ID_RESPOSTA, ID_QUESTIONARIO, ID_USUARIO, ID_DISCIPLINA, ID_QUESTAO, ID_ALTERNATIVA, CORRETA, DATA) VALUES(44, 9, 1, 3, 7, 28, '1', '2014-07-23 17:03:00');
INSERT INTO "STI"."USER"."ex_resposta" (ID_RESPOSTA, ID_QUESTIONARIO, ID_USUARIO, ID_DISCIPLINA, ID_QUESTAO, ID_ALTERNATIVA, CORRETA, DATA) VALUES(45, 9, 1, 3, 2, 5, '1', '2014-07-23 17:03:00');
INSERT INTO "STI"."USER"."ex_resposta" (ID_RESPOSTA, ID_QUESTIONARIO, ID_USUARIO, ID_DISCIPLINA, ID_QUESTAO, ID_ALTERNATIVA, CORRETA, DATA) VALUES(46, 10, 1, 3, 2, 5, '1', '2014-07-23 17:03:28');
INSERT INTO "STI"."USER"."ex_resposta" (ID_RESPOSTA, ID_QUESTIONARIO, ID_USUARIO, ID_DISCIPLINA, ID_QUESTAO, ID_ALTERNATIVA, CORRETA, DATA) VALUES(47, 10, 1, 3, 7, 28, '1', '2014-07-23 17:03:28');
INSERT INTO "STI"."USER"."ex_resposta" (ID_RESPOSTA, ID_QUESTIONARIO, ID_USUARIO, ID_DISCIPLINA, ID_QUESTAO, ID_ALTERNATIVA, CORRETA, DATA) VALUES(48, 11, 1, 3, 10, 37, '1', '2014-07-23 17:03:58');
INSERT INTO "STI"."USER"."ex_resposta" (ID_RESPOSTA, ID_QUESTIONARIO, ID_USUARIO, ID_DISCIPLINA, ID_QUESTAO, ID_ALTERNATIVA, CORRETA, DATA) VALUES(49, 11, 1, 3, 6, 23, '1', '2014-07-23 17:03:58');
INSERT INTO "STI"."USER"."ex_resposta" (ID_RESPOSTA, ID_QUESTIONARIO, ID_USUARIO, ID_DISCIPLINA, ID_QUESTAO, ID_ALTERNATIVA, CORRETA, DATA) VALUES(50, 12, 1, 3, 1, 1, '0', '2014-07-23 17:04:31');
INSERT INTO "STI"."USER"."ex_resposta" (ID_RESPOSTA, ID_QUESTIONARIO, ID_USUARIO, ID_DISCIPLINA, ID_QUESTAO, ID_ALTERNATIVA, CORRETA, DATA) VALUES(51, 12, 1, 3, 3, 11, '0', '2014-07-23 17:04:31');
INSERT INTO "STI"."USER"."ex_resposta" (ID_RESPOSTA, ID_QUESTIONARIO, ID_USUARIO, ID_DISCIPLINA, ID_QUESTAO, ID_ALTERNATIVA, CORRETA, DATA) VALUES(52, 12, 1, 3, 1, 3, '1', '2014-07-23 17:04:49');
INSERT INTO "STI"."USER"."ex_resposta" (ID_RESPOSTA, ID_QUESTIONARIO, ID_USUARIO, ID_DISCIPLINA, ID_QUESTAO, ID_ALTERNATIVA, CORRETA, DATA) VALUES(53, 12, 1, 3, 3, 10, '1', '2014-07-23 17:04:49');
INSERT INTO "STI"."USER"."ex_resposta" (ID_RESPOSTA, ID_QUESTIONARIO, ID_USUARIO, ID_DISCIPLINA, ID_QUESTAO, ID_ALTERNATIVA, CORRETA, DATA) VALUES(54, 13, 1, 3, 3, 10, '1', '2014-07-23 17:08:22');
INSERT INTO "STI"."USER"."ex_resposta" (ID_RESPOSTA, ID_QUESTIONARIO, ID_USUARIO, ID_DISCIPLINA, ID_QUESTAO, ID_ALTERNATIVA, CORRETA, DATA) VALUES(55, 13, 1, 3, 6, 21, '0', '2014-07-23 17:08:22');
INSERT INTO "STI"."USER"."ex_resposta" (ID_RESPOSTA, ID_QUESTIONARIO, ID_USUARIO, ID_DISCIPLINA, ID_QUESTAO, ID_ALTERNATIVA, CORRETA, DATA) VALUES(56, 14, 1, 3, 8, 30, '1', '2014-07-23 17:11:26');
INSERT INTO "STI"."USER"."ex_resposta" (ID_RESPOSTA, ID_QUESTIONARIO, ID_USUARIO, ID_DISCIPLINA, ID_QUESTAO, ID_ALTERNATIVA, CORRETA, DATA) VALUES(57, 14, 1, 3, 10, 40, '0', '2014-07-23 17:11:26');
INSERT INTO "STI"."USER"."ex_resposta" (ID_RESPOSTA, ID_QUESTIONARIO, ID_USUARIO, ID_DISCIPLINA, ID_QUESTAO, ID_ALTERNATIVA, CORRETA, DATA) VALUES(58, 15, 1, 3, 8, 29, '0', '2014-07-23 17:39:28');
INSERT INTO "STI"."USER"."ex_resposta" (ID_RESPOSTA, ID_QUESTIONARIO, ID_USUARIO, ID_DISCIPLINA, ID_QUESTAO, ID_ALTERNATIVA, CORRETA, DATA) VALUES(59, 15, 1, 3, 3, 11, '0', '2014-07-23 17:39:28');
INSERT INTO "STI"."USER"."ex_resposta" (ID_RESPOSTA, ID_QUESTIONARIO, ID_USUARIO, ID_DISCIPLINA, ID_QUESTAO, ID_ALTERNATIVA, CORRETA, DATA) VALUES(60, 15, 1, 3, 8, 29, '0', '2014-07-23 18:13:52');
INSERT INTO "STI"."USER"."ex_resposta" (ID_RESPOSTA, ID_QUESTIONARIO, ID_USUARIO, ID_DISCIPLINA, ID_QUESTAO, ID_ALTERNATIVA, CORRETA, DATA) VALUES(61, 15, 1, 3, 3, 10, '1', '2014-07-23 18:13:52');
INSERT INTO "STI"."USER"."ex_resposta" (ID_RESPOSTA, ID_QUESTIONARIO, ID_USUARIO, ID_DISCIPLINA, ID_QUESTAO, ID_ALTERNATIVA, CORRETA, DATA) VALUES(62, 15, 1, 3, 8, 32, '0', '2014-07-23 18:14:05');
INSERT INTO "STI"."USER"."ex_resposta" (ID_RESPOSTA, ID_QUESTIONARIO, ID_USUARIO, ID_DISCIPLINA, ID_QUESTAO, ID_ALTERNATIVA, CORRETA, DATA) VALUES(63, 15, 1, 3, 3, 11, '0', '2014-07-23 18:14:05');
INSERT INTO "STI"."USER"."ex_resposta" (ID_RESPOSTA, ID_QUESTIONARIO, ID_USUARIO, ID_DISCIPLINA, ID_QUESTAO, ID_ALTERNATIVA, CORRETA, DATA) VALUES(64, 15, 1, 3, 8, 30, '1', '2014-07-23 18:16:08');
INSERT INTO "STI"."USER"."ex_resposta" (ID_RESPOSTA, ID_QUESTIONARIO, ID_USUARIO, ID_DISCIPLINA, ID_QUESTAO, ID_ALTERNATIVA, CORRETA, DATA) VALUES(65, 15, 1, 3, 3, 11, '0', '2014-07-23 18:16:08');
INSERT INTO "STI"."USER"."ex_resposta" (ID_RESPOSTA, ID_QUESTIONARIO, ID_USUARIO, ID_DISCIPLINA, ID_QUESTAO, ID_ALTERNATIVA, CORRETA, DATA) VALUES(66, 15, 1, 3, 8, 30, '1', '2014-07-23 18:16:25');
INSERT INTO "STI"."USER"."ex_resposta" (ID_RESPOSTA, ID_QUESTIONARIO, ID_USUARIO, ID_DISCIPLINA, ID_QUESTAO, ID_ALTERNATIVA, CORRETA, DATA) VALUES(67, 15, 1, 3, 3, 10, '1', '2014-07-23 18:16:25');
INSERT INTO "STI"."USER"."ex_resposta" (ID_RESPOSTA, ID_QUESTIONARIO, ID_USUARIO, ID_DISCIPLINA, ID_QUESTAO, ID_ALTERNATIVA, CORRETA, DATA) VALUES(68, 16, 1, 3, 5, 18, '0', '2014-07-23 19:13:58');
INSERT INTO "STI"."USER"."ex_resposta" (ID_RESPOSTA, ID_QUESTIONARIO, ID_USUARIO, ID_DISCIPLINA, ID_QUESTAO, ID_ALTERNATIVA, CORRETA, DATA) VALUES(69, 16, 1, 3, 4, 14, '0', '2014-07-23 19:13:58');
INSERT INTO "STI"."USER"."ex_resposta" (ID_RESPOSTA, ID_QUESTIONARIO, ID_USUARIO, ID_DISCIPLINA, ID_QUESTAO, ID_ALTERNATIVA, CORRETA, DATA) VALUES(70, 16, 1, 3, 5, 20, '1', '2014-07-23 19:14:33');
INSERT INTO "STI"."USER"."ex_resposta" (ID_RESPOSTA, ID_QUESTIONARIO, ID_USUARIO, ID_DISCIPLINA, ID_QUESTAO, ID_ALTERNATIVA, CORRETA, DATA) VALUES(71, 16, 1, 3, 4, 14, '0', '2014-07-23 19:14:34');
INSERT INTO "STI"."USER"."ex_resposta" (ID_RESPOSTA, ID_QUESTIONARIO, ID_USUARIO, ID_DISCIPLINA, ID_QUESTAO, ID_ALTERNATIVA, CORRETA, DATA) VALUES(72, 16, 1, 3, 5, 20, '1', '2014-07-23 19:14:44');
INSERT INTO "STI"."USER"."ex_resposta" (ID_RESPOSTA, ID_QUESTIONARIO, ID_USUARIO, ID_DISCIPLINA, ID_QUESTAO, ID_ALTERNATIVA, CORRETA, DATA) VALUES(73, 16, 1, 3, 4, 15, '1', '2014-07-23 19:14:44');
INSERT INTO "STI"."USER"."ex_resposta" (ID_RESPOSTA, ID_QUESTIONARIO, ID_USUARIO, ID_DISCIPLINA, ID_QUESTAO, ID_ALTERNATIVA, CORRETA, DATA) VALUES(74, 17, 1, 3, 9, 36, '0', '2014-07-23 19:48:03');
INSERT INTO "STI"."USER"."ex_resposta" (ID_RESPOSTA, ID_QUESTIONARIO, ID_USUARIO, ID_DISCIPLINA, ID_QUESTAO, ID_ALTERNATIVA, CORRETA, DATA) VALUES(75, 17, 1, 3, 6, 23, '1', '2014-07-23 19:48:03');
INSERT INTO "STI"."USER"."ex_resposta" (ID_RESPOSTA, ID_QUESTIONARIO, ID_USUARIO, ID_DISCIPLINA, ID_QUESTAO, ID_ALTERNATIVA, CORRETA, DATA) VALUES(76, 17, 1, 3, 9, 34, '0', '2014-07-23 23:09:50');
INSERT INTO "STI"."USER"."ex_resposta" (ID_RESPOSTA, ID_QUESTIONARIO, ID_USUARIO, ID_DISCIPLINA, ID_QUESTAO, ID_ALTERNATIVA, CORRETA, DATA) VALUES(77, 17, 1, 3, 6, 24, '0', '2014-07-23 23:09:50');
INSERT INTO "STI"."USER"."ex_resposta" (ID_RESPOSTA, ID_QUESTIONARIO, ID_USUARIO, ID_DISCIPLINA, ID_QUESTAO, ID_ALTERNATIVA, CORRETA, DATA) VALUES(78, 17, 1, 3, 9, 34, '0', '2014-07-23 23:10:05');
INSERT INTO "STI"."USER"."ex_resposta" (ID_RESPOSTA, ID_QUESTIONARIO, ID_USUARIO, ID_DISCIPLINA, ID_QUESTAO, ID_ALTERNATIVA, CORRETA, DATA) VALUES(79, 17, 1, 3, 6, 23, '1', '2014-07-23 23:10:05');
INSERT INTO "STI"."USER"."ex_resposta" (ID_RESPOSTA, ID_QUESTIONARIO, ID_USUARIO, ID_DISCIPLINA, ID_QUESTAO, ID_ALTERNATIVA, CORRETA, DATA) VALUES(80, 17, 1, 3, 9, 34, '0', '2014-07-23 23:13:19');
INSERT INTO "STI"."USER"."ex_resposta" (ID_RESPOSTA, ID_QUESTIONARIO, ID_USUARIO, ID_DISCIPLINA, ID_QUESTAO, ID_ALTERNATIVA, CORRETA, DATA) VALUES(81, 17, 1, 3, 6, 23, '1', '2014-07-23 23:13:19');
INSERT INTO "STI"."USER"."ex_resposta" (ID_RESPOSTA, ID_QUESTIONARIO, ID_USUARIO, ID_DISCIPLINA, ID_QUESTAO, ID_ALTERNATIVA, CORRETA, DATA) VALUES(82, 18, 1, 3, 2, 7, '0', '2014-07-23 23:16:58');
INSERT INTO "STI"."USER"."ex_resposta" (ID_RESPOSTA, ID_QUESTIONARIO, ID_USUARIO, ID_DISCIPLINA, ID_QUESTAO, ID_ALTERNATIVA, CORRETA, DATA) VALUES(83, 18, 1, 3, 9, 35, '1', '2014-07-23 23:16:58');
INSERT INTO "STI"."USER"."ex_resposta" (ID_RESPOSTA, ID_QUESTIONARIO, ID_USUARIO, ID_DISCIPLINA, ID_QUESTAO, ID_ALTERNATIVA, CORRETA, DATA) VALUES(84, 18, 1, 3, 2, 5, '1', '2014-07-23 23:17:17');
INSERT INTO "STI"."USER"."ex_resposta" (ID_RESPOSTA, ID_QUESTIONARIO, ID_USUARIO, ID_DISCIPLINA, ID_QUESTAO, ID_ALTERNATIVA, CORRETA, DATA) VALUES(85, 18, 1, 3, 9, 35, '1', '2014-07-23 23:17:17');
INSERT INTO "STI"."USER"."ex_resposta" (ID_RESPOSTA, ID_QUESTIONARIO, ID_USUARIO, ID_DISCIPLINA, ID_QUESTAO, ID_ALTERNATIVA, CORRETA, DATA) VALUES(86, 19, 1, 3, 3, 10, '1', '2014-07-23 23:34:30');
INSERT INTO "STI"."USER"."ex_resposta" (ID_RESPOSTA, ID_QUESTIONARIO, ID_USUARIO, ID_DISCIPLINA, ID_QUESTAO, ID_ALTERNATIVA, CORRETA, DATA) VALUES(87, 19, 1, 3, 4, 15, '1', '2014-07-23 23:34:30');
INSERT INTO "STI"."USER"."ex_resposta" (ID_RESPOSTA, ID_QUESTIONARIO, ID_USUARIO, ID_DISCIPLINA, ID_QUESTAO, ID_ALTERNATIVA, CORRETA, DATA) VALUES(88, 19, 1, 3, 3, 9, '0', '2014-07-23 23:34:41');
INSERT INTO "STI"."USER"."ex_resposta" (ID_RESPOSTA, ID_QUESTIONARIO, ID_USUARIO, ID_DISCIPLINA, ID_QUESTAO, ID_ALTERNATIVA, CORRETA, DATA) VALUES(89, 19, 1, 3, 4, 13, '0', '2014-07-23 23:34:41');
INSERT INTO "STI"."USER"."ex_resposta" (ID_RESPOSTA, ID_QUESTIONARIO, ID_USUARIO, ID_DISCIPLINA, ID_QUESTAO, ID_ALTERNATIVA, CORRETA, DATA) VALUES(90, 19, 1, 3, 3, 10, '1', '2014-07-23 23:34:53');
INSERT INTO "STI"."USER"."ex_resposta" (ID_RESPOSTA, ID_QUESTIONARIO, ID_USUARIO, ID_DISCIPLINA, ID_QUESTAO, ID_ALTERNATIVA, CORRETA, DATA) VALUES(91, 19, 1, 3, 4, 15, '1', '2014-07-23 23:34:53');
INSERT INTO "STI"."USER"."ex_resposta" (ID_RESPOSTA, ID_QUESTIONARIO, ID_USUARIO, ID_DISCIPLINA, ID_QUESTAO, ID_ALTERNATIVA, CORRETA, DATA) VALUES(92, 19, 1, 3, 3, 9, '0', '2014-07-23 23:35:05');
INSERT INTO "STI"."USER"."ex_resposta" (ID_RESPOSTA, ID_QUESTIONARIO, ID_USUARIO, ID_DISCIPLINA, ID_QUESTAO, ID_ALTERNATIVA, CORRETA, DATA) VALUES(93, 19, 1, 3, 4, 15, '1', '2014-07-23 23:35:05');
INSERT INTO "STI"."USER"."ex_resposta" (ID_RESPOSTA, ID_QUESTIONARIO, ID_USUARIO, ID_DISCIPLINA, ID_QUESTAO, ID_ALTERNATIVA, CORRETA, DATA) VALUES(94, 20, 1, 3, 4, 16, '0', '2014-07-23 23:39:34');
INSERT INTO "STI"."USER"."ex_resposta" (ID_RESPOSTA, ID_QUESTIONARIO, ID_USUARIO, ID_DISCIPLINA, ID_QUESTAO, ID_ALTERNATIVA, CORRETA, DATA) VALUES(95, 20, 1, 3, 5, 19, '0', '2014-07-23 23:39:34');
INSERT INTO "STI"."USER"."ex_resposta" (ID_RESPOSTA, ID_QUESTIONARIO, ID_USUARIO, ID_DISCIPLINA, ID_QUESTAO, ID_ALTERNATIVA, CORRETA, DATA) VALUES(96, 21, 1, 3, 2, 7, '0', '2014-07-23 23:40:04');
INSERT INTO "STI"."USER"."ex_resposta" (ID_RESPOSTA, ID_QUESTIONARIO, ID_USUARIO, ID_DISCIPLINA, ID_QUESTAO, ID_ALTERNATIVA, CORRETA, DATA) VALUES(97, 21, 1, 3, 3, 10, '1', '2014-07-23 23:40:04');
INSERT INTO "STI"."USER"."ex_resposta" (ID_RESPOSTA, ID_QUESTIONARIO, ID_USUARIO, ID_DISCIPLINA, ID_QUESTAO, ID_ALTERNATIVA, CORRETA, DATA) VALUES(98, 22, 1, 3, 5, 20, '1', '2014-07-23 23:40:33');
INSERT INTO "STI"."USER"."ex_resposta" (ID_RESPOSTA, ID_QUESTIONARIO, ID_USUARIO, ID_DISCIPLINA, ID_QUESTAO, ID_ALTERNATIVA, CORRETA, DATA) VALUES(99, 22, 1, 3, 1, 2, '0', '2014-07-23 23:40:34');
INSERT INTO "STI"."USER"."ex_resposta" (ID_RESPOSTA, ID_QUESTIONARIO, ID_USUARIO, ID_DISCIPLINA, ID_QUESTAO, ID_ALTERNATIVA, CORRETA, DATA) VALUES(100, 23, 1, 3, 6, 22, '0', '2014-07-23 23:41:47');
INSERT INTO "STI"."USER"."ex_resposta" (ID_RESPOSTA, ID_QUESTIONARIO, ID_USUARIO, ID_DISCIPLINA, ID_QUESTAO, ID_ALTERNATIVA, CORRETA, DATA) VALUES(101, 23, 1, 3, 7, 25, '0', '2014-07-23 23:41:47');
INSERT INTO "STI"."USER"."ex_resposta" (ID_RESPOSTA, ID_QUESTIONARIO, ID_USUARIO, ID_DISCIPLINA, ID_QUESTAO, ID_ALTERNATIVA, CORRETA, DATA) VALUES(102, 24, 1, 3, 8, 29, '0', '2014-07-23 23:43:39');
INSERT INTO "STI"."USER"."ex_resposta" (ID_RESPOSTA, ID_QUESTIONARIO, ID_USUARIO, ID_DISCIPLINA, ID_QUESTAO, ID_ALTERNATIVA, CORRETA, DATA) VALUES(103, 24, 1, 3, 4, 13, '0', '2014-07-23 23:43:39');
INSERT INTO "STI"."USER"."ex_resposta" (ID_RESPOSTA, ID_QUESTIONARIO, ID_USUARIO, ID_DISCIPLINA, ID_QUESTAO, ID_ALTERNATIVA, CORRETA, DATA) VALUES(104, 25, 1, 3, 6, 21, '0', '2014-07-23 23:44:11');
INSERT INTO "STI"."USER"."ex_resposta" (ID_RESPOSTA, ID_QUESTIONARIO, ID_USUARIO, ID_DISCIPLINA, ID_QUESTAO, ID_ALTERNATIVA, CORRETA, DATA) VALUES(105, 25, 1, 3, 3, 9, '0', '2014-07-23 23:44:11');
INSERT INTO "STI"."USER"."ex_resposta" (ID_RESPOSTA, ID_QUESTIONARIO, ID_USUARIO, ID_DISCIPLINA, ID_QUESTAO, ID_ALTERNATIVA, CORRETA, DATA) VALUES(106, 25, 1, 3, 6, 24, '0', '2014-07-23 23:44:33');
INSERT INTO "STI"."USER"."ex_resposta" (ID_RESPOSTA, ID_QUESTIONARIO, ID_USUARIO, ID_DISCIPLINA, ID_QUESTAO, ID_ALTERNATIVA, CORRETA, DATA) VALUES(107, 25, 1, 3, 6, 21, '0', '2014-07-23 23:47:35');
INSERT INTO "STI"."USER"."ex_resposta" (ID_RESPOSTA, ID_QUESTIONARIO, ID_USUARIO, ID_DISCIPLINA, ID_QUESTAO, ID_ALTERNATIVA, CORRETA, DATA) VALUES(108, 25, 1, 3, 3, 10, '1', '2014-07-23 23:47:35');
INSERT INTO "STI"."USER"."ex_resposta" (ID_RESPOSTA, ID_QUESTIONARIO, ID_USUARIO, ID_DISCIPLINA, ID_QUESTAO, ID_ALTERNATIVA, CORRETA, DATA) VALUES(109, 25, 1, 3, 6, 24, '0', '2014-07-23 23:47:57');
INSERT INTO "STI"."USER"."ex_resposta" (ID_RESPOSTA, ID_QUESTIONARIO, ID_USUARIO, ID_DISCIPLINA, ID_QUESTAO, ID_ALTERNATIVA, CORRETA, DATA) VALUES(110, 25, 1, 3, 3, 9, '0', '2014-07-23 23:47:57');
INSERT INTO "STI"."USER"."ex_resposta" (ID_RESPOSTA, ID_QUESTIONARIO, ID_USUARIO, ID_DISCIPLINA, ID_QUESTAO, ID_ALTERNATIVA, CORRETA, DATA) VALUES(111, 25, 1, 3, 6, 23, '1', '2014-07-24 05:03:55');
INSERT INTO "STI"."USER"."ex_resposta" (ID_RESPOSTA, ID_QUESTIONARIO, ID_USUARIO, ID_DISCIPLINA, ID_QUESTAO, ID_ALTERNATIVA, CORRETA, DATA) VALUES(112, 25, 1, 3, 3, 9, '0', '2014-07-24 05:03:56');
INSERT INTO "STI"."USER"."ex_resposta" (ID_RESPOSTA, ID_QUESTIONARIO, ID_USUARIO, ID_DISCIPLINA, ID_QUESTAO, ID_ALTERNATIVA, CORRETA, DATA) VALUES(113, 25, 1, 3, 6, 21, '0', '2014-07-24 05:04:12');
INSERT INTO "STI"."USER"."ex_resposta" (ID_RESPOSTA, ID_QUESTIONARIO, ID_USUARIO, ID_DISCIPLINA, ID_QUESTAO, ID_ALTERNATIVA, CORRETA, DATA) VALUES(114, 25, 1, 3, 3, 9, '0', '2014-07-24 05:04:12');
INSERT INTO "STI"."USER"."ex_resposta" (ID_RESPOSTA, ID_QUESTIONARIO, ID_USUARIO, ID_DISCIPLINA, ID_QUESTAO, ID_ALTERNATIVA, CORRETA, DATA) VALUES(115, 26, 1, 3, 1, 3, '1', '2014-07-24 05:06:00');
INSERT INTO "STI"."USER"."ex_resposta" (ID_RESPOSTA, ID_QUESTIONARIO, ID_USUARIO, ID_DISCIPLINA, ID_QUESTAO, ID_ALTERNATIVA, CORRETA, DATA) VALUES(116, 26, 1, 3, 7, 28, '1', '2014-07-24 05:06:00');
INSERT INTO "STI"."USER"."ex_resposta" (ID_RESPOSTA, ID_QUESTIONARIO, ID_USUARIO, ID_DISCIPLINA, ID_QUESTAO, ID_ALTERNATIVA, CORRETA, DATA) VALUES(117, 26, 1, 3, 1, 3, '1', '2014-07-24 05:06:31');
INSERT INTO "STI"."USER"."ex_resposta" (ID_RESPOSTA, ID_QUESTIONARIO, ID_USUARIO, ID_DISCIPLINA, ID_QUESTAO, ID_ALTERNATIVA, CORRETA, DATA) VALUES(118, 26, 1, 3, 7, 28, '1', '2014-07-24 05:06:31');
INSERT INTO "STI"."USER"."ex_resposta" (ID_RESPOSTA, ID_QUESTIONARIO, ID_USUARIO, ID_DISCIPLINA, ID_QUESTAO, ID_ALTERNATIVA, CORRETA, DATA) VALUES(119, 26, 1, 3, 1, 3, '1', '2014-07-24 05:06:41');
INSERT INTO "STI"."USER"."ex_resposta" (ID_RESPOSTA, ID_QUESTIONARIO, ID_USUARIO, ID_DISCIPLINA, ID_QUESTAO, ID_ALTERNATIVA, CORRETA, DATA) VALUES(120, 26, 1, 3, 7, 28, '1', '2014-07-24 05:06:41');
INSERT INTO "STI"."USER"."ex_resposta" (ID_RESPOSTA, ID_QUESTIONARIO, ID_USUARIO, ID_DISCIPLINA, ID_QUESTAO, ID_ALTERNATIVA, CORRETA, DATA) VALUES(121, 27, 1, 3, 8, 30, '1', '2014-07-24 13:20:23');
INSERT INTO "STI"."USER"."ex_resposta" (ID_RESPOSTA, ID_QUESTIONARIO, ID_USUARIO, ID_DISCIPLINA, ID_QUESTAO, ID_ALTERNATIVA, CORRETA, DATA) VALUES(122, 27, 1, 3, 4, 13, '0', '2014-07-24 13:20:24');
INSERT INTO "STI"."USER"."ex_resposta" (ID_RESPOSTA, ID_QUESTIONARIO, ID_USUARIO, ID_DISCIPLINA, ID_QUESTAO, ID_ALTERNATIVA, CORRETA, DATA) VALUES(123, 27, 1, 3, 8, 30, '1', '2014-07-24 13:20:36');
INSERT INTO "STI"."USER"."ex_resposta" (ID_RESPOSTA, ID_QUESTIONARIO, ID_USUARIO, ID_DISCIPLINA, ID_QUESTAO, ID_ALTERNATIVA, CORRETA, DATA) VALUES(124, 27, 1, 3, 4, 15, '1', '2014-07-24 13:20:36');
INSERT INTO "STI"."USER"."ex_resposta" (ID_RESPOSTA, ID_QUESTIONARIO, ID_USUARIO, ID_DISCIPLINA, ID_QUESTAO, ID_ALTERNATIVA, CORRETA, DATA) VALUES(125, 27, 1, 3, 8, 30, '1', '2014-07-24 13:20:48');
INSERT INTO "STI"."USER"."ex_resposta" (ID_RESPOSTA, ID_QUESTIONARIO, ID_USUARIO, ID_DISCIPLINA, ID_QUESTAO, ID_ALTERNATIVA, CORRETA, DATA) VALUES(126, 27, 1, 3, 4, 15, '1', '2014-07-24 13:20:48');
INSERT INTO "STI"."USER"."ex_resposta" (ID_RESPOSTA, ID_QUESTIONARIO, ID_USUARIO, ID_DISCIPLINA, ID_QUESTAO, ID_ALTERNATIVA, CORRETA, DATA) VALUES(127, 28, 1, 3, 10, 37, '1', '2014-07-24 19:14:29');
INSERT INTO "STI"."USER"."ex_resposta" (ID_RESPOSTA, ID_QUESTIONARIO, ID_USUARIO, ID_DISCIPLINA, ID_QUESTAO, ID_ALTERNATIVA, CORRETA, DATA) VALUES(128, 28, 1, 3, 6, 23, '1', '2014-07-24 19:14:29');
INSERT INTO "STI"."USER"."ex_resposta" (ID_RESPOSTA, ID_QUESTIONARIO, ID_USUARIO, ID_DISCIPLINA, ID_QUESTAO, ID_ALTERNATIVA, CORRETA, DATA) VALUES(129, 29, 1, 3, 1, 3, '1', '2014-07-24 19:15:13');
INSERT INTO "STI"."USER"."ex_resposta" (ID_RESPOSTA, ID_QUESTIONARIO, ID_USUARIO, ID_DISCIPLINA, ID_QUESTAO, ID_ALTERNATIVA, CORRETA, DATA) VALUES(130, 29, 1, 3, 4, 15, '1', '2014-07-24 19:15:13');
INSERT INTO "STI"."USER"."ex_resposta" (ID_RESPOSTA, ID_QUESTIONARIO, ID_USUARIO, ID_DISCIPLINA, ID_QUESTAO, ID_ALTERNATIVA, CORRETA, DATA) VALUES(131, 30, 1, 3, 7, 28, '1', '2014-07-24 19:15:44');
INSERT INTO "STI"."USER"."ex_resposta" (ID_RESPOSTA, ID_QUESTIONARIO, ID_USUARIO, ID_DISCIPLINA, ID_QUESTAO, ID_ALTERNATIVA, CORRETA, DATA) VALUES(132, 30, 1, 3, 8, 30, '1', '2014-07-24 19:15:44');
INSERT INTO "STI"."USER"."ex_resposta" (ID_RESPOSTA, ID_QUESTIONARIO, ID_USUARIO, ID_DISCIPLINA, ID_QUESTAO, ID_ALTERNATIVA, CORRETA, DATA) VALUES(133, 31, 1, 3, 7, 28, '1', '2014-07-24 19:21:09');
INSERT INTO "STI"."USER"."ex_resposta" (ID_RESPOSTA, ID_QUESTIONARIO, ID_USUARIO, ID_DISCIPLINA, ID_QUESTAO, ID_ALTERNATIVA, CORRETA, DATA) VALUES(134, 31, 1, 3, 9, 36, '0', '2014-07-24 19:21:09');
INSERT INTO "STI"."USER"."ex_resposta" (ID_RESPOSTA, ID_QUESTIONARIO, ID_USUARIO, ID_DISCIPLINA, ID_QUESTAO, ID_ALTERNATIVA, CORRETA, DATA) VALUES(135, 32, 1, 3, 3, 9, '0', '2014-07-25 12:49:02');
INSERT INTO "STI"."USER"."ex_resposta" (ID_RESPOSTA, ID_QUESTIONARIO, ID_USUARIO, ID_DISCIPLINA, ID_QUESTAO, ID_ALTERNATIVA, CORRETA, DATA) VALUES(136, 32, 1, 3, 6, 23, '1', '2014-07-25 12:49:02');
INSERT INTO "STI"."USER"."ex_resposta" (ID_RESPOSTA, ID_QUESTIONARIO, ID_USUARIO, ID_DISCIPLINA, ID_QUESTAO, ID_ALTERNATIVA, CORRETA, DATA) VALUES(137, 32, 1, 3, 3, 10, '1', '2014-07-25 12:49:17');
INSERT INTO "STI"."USER"."ex_resposta" (ID_RESPOSTA, ID_QUESTIONARIO, ID_USUARIO, ID_DISCIPLINA, ID_QUESTAO, ID_ALTERNATIVA, CORRETA, DATA) VALUES(138, 32, 1, 3, 6, 23, '1', '2014-07-25 12:49:17');
INSERT INTO "STI"."USER"."ex_resposta" (ID_RESPOSTA, ID_QUESTIONARIO, ID_USUARIO, ID_DISCIPLINA, ID_QUESTAO, ID_ALTERNATIVA, CORRETA, DATA) VALUES(139, 33, 1, 3, 1, 3, '1', '2014-07-26 22:30:28');
INSERT INTO "STI"."USER"."ex_resposta" (ID_RESPOSTA, ID_QUESTIONARIO, ID_USUARIO, ID_DISCIPLINA, ID_QUESTAO, ID_ALTERNATIVA, CORRETA, DATA) VALUES(140, 33, 1, 3, 6, 23, '1', '2014-07-26 22:30:28');
INSERT INTO "STI"."USER"."ex_resposta" (ID_RESPOSTA, ID_QUESTIONARIO, ID_USUARIO, ID_DISCIPLINA, ID_QUESTAO, ID_ALTERNATIVA, CORRETA, DATA) VALUES(141, 34, 1, 3, 6, 23, '1', '2014-07-26 22:31:08');
INSERT INTO "STI"."USER"."ex_resposta" (ID_RESPOSTA, ID_QUESTIONARIO, ID_USUARIO, ID_DISCIPLINA, ID_QUESTAO, ID_ALTERNATIVA, CORRETA, DATA) VALUES(142, 34, 1, 3, 6, 23, '1', '2014-07-26 22:31:08');
INSERT INTO "STI"."USER"."ex_resposta" (ID_RESPOSTA, ID_QUESTIONARIO, ID_USUARIO, ID_DISCIPLINA, ID_QUESTAO, ID_ALTERNATIVA, CORRETA, DATA) VALUES(143, 35, 1, 3, 6, 23, '1', '2014-07-26 22:31:40');
INSERT INTO "STI"."USER"."ex_resposta" (ID_RESPOSTA, ID_QUESTIONARIO, ID_USUARIO, ID_DISCIPLINA, ID_QUESTAO, ID_ALTERNATIVA, CORRETA, DATA) VALUES(144, 35, 1, 3, 9, 35, '1', '2014-07-26 22:31:40');
INSERT INTO "STI"."USER"."ex_resposta" (ID_RESPOSTA, ID_QUESTIONARIO, ID_USUARIO, ID_DISCIPLINA, ID_QUESTAO, ID_ALTERNATIVA, CORRETA, DATA) VALUES(145, 36, 1, 3, 5, 20, '1', '2014-07-26 22:39:08');
INSERT INTO "STI"."USER"."ex_resposta" (ID_RESPOSTA, ID_QUESTIONARIO, ID_USUARIO, ID_DISCIPLINA, ID_QUESTAO, ID_ALTERNATIVA, CORRETA, DATA) VALUES(146, 36, 1, 3, 8, 30, '1', '2014-07-26 22:39:08');
INSERT INTO "STI"."USER"."ex_resposta" (ID_RESPOSTA, ID_QUESTIONARIO, ID_USUARIO, ID_DISCIPLINA, ID_QUESTAO, ID_ALTERNATIVA, CORRETA, DATA) VALUES(147, 37, 1, 3, 6, 23, '1', '2014-07-26 23:59:57');
INSERT INTO "STI"."USER"."ex_resposta" (ID_RESPOSTA, ID_QUESTIONARIO, ID_USUARIO, ID_DISCIPLINA, ID_QUESTAO, ID_ALTERNATIVA, CORRETA, DATA) VALUES(148, 37, 1, 3, 10, 37, '1', '2014-07-26 23:59:57');
INSERT INTO "STI"."USER"."ex_resposta" (ID_RESPOSTA, ID_QUESTIONARIO, ID_USUARIO, ID_DISCIPLINA, ID_QUESTAO, ID_ALTERNATIVA, CORRETA, DATA) VALUES(149, 38, 1, 3, 4, 13, '0', '2014-07-27 00:00:28');
INSERT INTO "STI"."USER"."ex_resposta" (ID_RESPOSTA, ID_QUESTIONARIO, ID_USUARIO, ID_DISCIPLINA, ID_QUESTAO, ID_ALTERNATIVA, CORRETA, DATA) VALUES(150, 38, 1, 3, 3, 10, '1', '2014-07-27 00:00:29');
INSERT INTO "STI"."USER"."ex_resposta" (ID_RESPOSTA, ID_QUESTIONARIO, ID_USUARIO, ID_DISCIPLINA, ID_QUESTAO, ID_ALTERNATIVA, CORRETA, DATA) VALUES(151, 38, 1, 3, 4, 15, '1', '2014-07-27 00:00:39');
INSERT INTO "STI"."USER"."ex_resposta" (ID_RESPOSTA, ID_QUESTIONARIO, ID_USUARIO, ID_DISCIPLINA, ID_QUESTAO, ID_ALTERNATIVA, CORRETA, DATA) VALUES(152, 38, 1, 3, 3, 10, '1', '2014-07-27 00:00:39');
INSERT INTO "STI"."USER"."ex_resposta" (ID_RESPOSTA, ID_QUESTIONARIO, ID_USUARIO, ID_DISCIPLINA, ID_QUESTAO, ID_ALTERNATIVA, CORRETA, DATA) VALUES(153, 39, 1, 3, 3, 11, '0', '2014-07-27 00:44:47');
INSERT INTO "STI"."USER"."ex_resposta" (ID_RESPOSTA, ID_QUESTIONARIO, ID_USUARIO, ID_DISCIPLINA, ID_QUESTAO, ID_ALTERNATIVA, CORRETA, DATA) VALUES(154, 39, 1, 3, 6, 23, '1', '2014-07-27 00:44:47');
INSERT INTO "STI"."USER"."ex_resposta" (ID_RESPOSTA, ID_QUESTIONARIO, ID_USUARIO, ID_DISCIPLINA, ID_QUESTAO, ID_ALTERNATIVA, CORRETA, DATA) VALUES(155, 39, 1, 3, 3, 10, '1', '2014-07-27 00:45:01');
INSERT INTO "STI"."USER"."ex_resposta" (ID_RESPOSTA, ID_QUESTIONARIO, ID_USUARIO, ID_DISCIPLINA, ID_QUESTAO, ID_ALTERNATIVA, CORRETA, DATA) VALUES(156, 39, 1, 3, 6, 23, '1', '2014-07-27 00:45:01');
INSERT INTO "STI"."USER"."ex_resposta" (ID_RESPOSTA, ID_QUESTIONARIO, ID_USUARIO, ID_DISCIPLINA, ID_QUESTAO, ID_ALTERNATIVA, CORRETA, DATA) VALUES(157, 40, 1, 3, 2, 5, '1', '2014-07-27 00:45:45');
INSERT INTO "STI"."USER"."ex_resposta" (ID_RESPOSTA, ID_QUESTIONARIO, ID_USUARIO, ID_DISCIPLINA, ID_QUESTAO, ID_ALTERNATIVA, CORRETA, DATA) VALUES(158, 40, 1, 3, 4, 15, '1', '2014-07-27 00:45:45');
INSERT INTO "STI"."USER"."ex_resposta" (ID_RESPOSTA, ID_QUESTIONARIO, ID_USUARIO, ID_DISCIPLINA, ID_QUESTAO, ID_ALTERNATIVA, CORRETA, DATA) VALUES(159, 41, 1, 3, 10, 37, '1', '2014-07-27 00:50:43');
INSERT INTO "STI"."USER"."ex_resposta" (ID_RESPOSTA, ID_QUESTIONARIO, ID_USUARIO, ID_DISCIPLINA, ID_QUESTAO, ID_ALTERNATIVA, CORRETA, DATA) VALUES(160, 41, 1, 3, 2, 5, '1', '2014-07-27 00:50:43');
INSERT INTO "STI"."USER"."ex_resposta" (ID_RESPOSTA, ID_QUESTIONARIO, ID_USUARIO, ID_DISCIPLINA, ID_QUESTAO, ID_ALTERNATIVA, CORRETA, DATA) VALUES(161, 42, 1, 3, 9, 35, '1', '2014-07-27 16:06:14');
INSERT INTO "STI"."USER"."ex_resposta" (ID_RESPOSTA, ID_QUESTIONARIO, ID_USUARIO, ID_DISCIPLINA, ID_QUESTAO, ID_ALTERNATIVA, CORRETA, DATA) VALUES(162, 42, 1, 3, 7, 28, '1', '2014-07-27 16:06:14');
INSERT INTO "STI"."USER"."ex_resposta" (ID_RESPOSTA, ID_QUESTIONARIO, ID_USUARIO, ID_DISCIPLINA, ID_QUESTAO, ID_ALTERNATIVA, CORRETA, DATA) VALUES(163, 43, 1, 3, 3, 9, '0', '2014-07-28 02:48:56');
INSERT INTO "STI"."USER"."ex_resposta" (ID_RESPOSTA, ID_QUESTIONARIO, ID_USUARIO, ID_DISCIPLINA, ID_QUESTAO, ID_ALTERNATIVA, CORRETA, DATA) VALUES(164, 43, 1, 3, 8, 30, '1', '2014-07-28 02:48:56');
INSERT INTO "STI"."USER"."ex_resposta" (ID_RESPOSTA, ID_QUESTIONARIO, ID_USUARIO, ID_DISCIPLINA, ID_QUESTAO, ID_ALTERNATIVA, CORRETA, DATA) VALUES(165, 43, 1, 3, 3, 10, '1', '2014-07-28 02:49:05');
INSERT INTO "STI"."USER"."ex_resposta" (ID_RESPOSTA, ID_QUESTIONARIO, ID_USUARIO, ID_DISCIPLINA, ID_QUESTAO, ID_ALTERNATIVA, CORRETA, DATA) VALUES(166, 43, 1, 3, 8, 30, '1', '2014-07-28 02:49:05');
INSERT INTO "STI"."USER"."ex_resposta" (ID_RESPOSTA, ID_QUESTIONARIO, ID_USUARIO, ID_DISCIPLINA, ID_QUESTAO, ID_ALTERNATIVA, CORRETA, DATA) VALUES(167, 44, 1, 3, 6, 23, '1', '2014-07-29 06:06:28');
INSERT INTO "STI"."USER"."ex_resposta" (ID_RESPOSTA, ID_QUESTIONARIO, ID_USUARIO, ID_DISCIPLINA, ID_QUESTAO, ID_ALTERNATIVA, CORRETA, DATA) VALUES(168, 44, 1, 3, 1, 3, '1', '2014-07-29 06:06:29');
INSERT INTO "STI"."USER"."ex_resposta" (ID_RESPOSTA, ID_QUESTIONARIO, ID_USUARIO, ID_DISCIPLINA, ID_QUESTAO, ID_ALTERNATIVA, CORRETA, DATA) VALUES(169, 45, 1, 3, 9, 35, '1', '2014-08-08 12:57:25');
INSERT INTO "STI"."USER"."ex_resposta" (ID_RESPOSTA, ID_QUESTIONARIO, ID_USUARIO, ID_DISCIPLINA, ID_QUESTAO, ID_ALTERNATIVA, CORRETA, DATA) VALUES(170, 45, 1, 3, 2, 5, '1', '2014-08-08 12:57:25');
INSERT INTO "STI"."USER"."ex_resposta" (ID_RESPOSTA, ID_QUESTIONARIO, ID_USUARIO, ID_DISCIPLINA, ID_QUESTAO, ID_ALTERNATIVA, CORRETA, DATA) VALUES(171, 46, 1, 3, 15, 57, '1', '2014-08-09 03:01:41');
INSERT INTO "STI"."USER"."ex_resposta" (ID_RESPOSTA, ID_QUESTIONARIO, ID_USUARIO, ID_DISCIPLINA, ID_QUESTAO, ID_ALTERNATIVA, CORRETA, DATA) VALUES(172, 46, 1, 3, 16, 61, '1', '2014-08-09 03:01:41');
INSERT INTO "STI"."USER"."ex_resposta" (ID_RESPOSTA, ID_QUESTIONARIO, ID_USUARIO, ID_DISCIPLINA, ID_QUESTAO, ID_ALTERNATIVA, CORRETA, DATA) VALUES(173, 46, 1, 3, 17, 67, '1', '2014-08-09 03:01:41');
INSERT INTO "STI"."USER"."ex_resposta" (ID_RESPOSTA, ID_QUESTIONARIO, ID_USUARIO, ID_DISCIPLINA, ID_QUESTAO, ID_ALTERNATIVA, CORRETA, DATA) VALUES(174, 47, 1, 3, 14, 55, '1', '2014-08-09 03:03:24');
INSERT INTO "STI"."USER"."ex_resposta" (ID_RESPOSTA, ID_QUESTIONARIO, ID_USUARIO, ID_DISCIPLINA, ID_QUESTAO, ID_ALTERNATIVA, CORRETA, DATA) VALUES(175, 47, 1, 3, 12, 47, '1', '2014-08-09 03:03:24');
INSERT INTO "STI"."USER"."ex_resposta" (ID_RESPOSTA, ID_QUESTIONARIO, ID_USUARIO, ID_DISCIPLINA, ID_QUESTAO, ID_ALTERNATIVA, CORRETA, DATA) VALUES(176, 47, 1, 3, 17, 67, '1', '2014-08-09 03:03:24');
INSERT INTO "STI"."USER"."ex_resposta" (ID_RESPOSTA, ID_QUESTIONARIO, ID_USUARIO, ID_DISCIPLINA, ID_QUESTAO, ID_ALTERNATIVA, CORRETA, DATA) VALUES(177, 48, 1, 3, 8, 30, '1', '2014-08-09 16:07:53');
INSERT INTO "STI"."USER"."ex_resposta" (ID_RESPOSTA, ID_QUESTIONARIO, ID_USUARIO, ID_DISCIPLINA, ID_QUESTAO, ID_ALTERNATIVA, CORRETA, DATA) VALUES(178, 48, 1, 3, 5, 20, '1', '2014-08-09 16:07:53');
INSERT INTO "STI"."USER"."ex_resposta" (ID_RESPOSTA, ID_QUESTIONARIO, ID_USUARIO, ID_DISCIPLINA, ID_QUESTAO, ID_ALTERNATIVA, CORRETA, DATA) VALUES(179, 48, 1, 3, 20, 79, '1', '2014-08-09 16:07:53');
INSERT INTO "STI"."USER"."ex_resposta" (ID_RESPOSTA, ID_QUESTIONARIO, ID_USUARIO, ID_DISCIPLINA, ID_QUESTAO, ID_ALTERNATIVA, CORRETA, DATA) VALUES(180, 49, 1, 3, 14, 55, '1', '2014-08-09 22:22:07');
INSERT INTO "STI"."USER"."ex_resposta" (ID_RESPOSTA, ID_QUESTIONARIO, ID_USUARIO, ID_DISCIPLINA, ID_QUESTAO, ID_ALTERNATIVA, CORRETA, DATA) VALUES(181, 49, 1, 3, 15, 57, '1', '2014-08-09 22:22:07');
INSERT INTO "STI"."USER"."ex_resposta" (ID_RESPOSTA, ID_QUESTIONARIO, ID_USUARIO, ID_DISCIPLINA, ID_QUESTAO, ID_ALTERNATIVA, CORRETA, DATA) VALUES(182, 49, 1, 3, 13, 50, '1', '2014-08-09 22:22:07');
INSERT INTO "STI"."USER"."ex_resposta" (ID_RESPOSTA, ID_QUESTIONARIO, ID_USUARIO, ID_DISCIPLINA, ID_QUESTAO, ID_ALTERNATIVA, CORRETA, DATA) VALUES(183, 49, 1, 3, 6, 23, '1', '2014-08-09 22:22:07');
INSERT INTO "STI"."USER"."ex_resposta" (ID_RESPOSTA, ID_QUESTIONARIO, ID_USUARIO, ID_DISCIPLINA, ID_QUESTAO, ID_ALTERNATIVA, CORRETA, DATA) VALUES(184, 50, 1, 3, 1, 3, '1', '2014-08-09 22:24:02');
INSERT INTO "STI"."USER"."ex_resposta" (ID_RESPOSTA, ID_QUESTIONARIO, ID_USUARIO, ID_DISCIPLINA, ID_QUESTAO, ID_ALTERNATIVA, CORRETA, DATA) VALUES(185, 50, 1, 3, 10, 37, '1', '2014-08-09 22:24:02');
INSERT INTO "STI"."USER"."ex_resposta" (ID_RESPOSTA, ID_QUESTIONARIO, ID_USUARIO, ID_DISCIPLINA, ID_QUESTAO, ID_ALTERNATIVA, CORRETA, DATA) VALUES(186, 50, 1, 3, 12, 47, '1', '2014-08-09 22:24:02');
INSERT INTO "STI"."USER"."ex_resposta" (ID_RESPOSTA, ID_QUESTIONARIO, ID_USUARIO, ID_DISCIPLINA, ID_QUESTAO, ID_ALTERNATIVA, CORRETA, DATA) VALUES(187, 50, 1, 3, 19, 73, '1', '2014-08-09 22:24:02');
INSERT INTO "STI"."USER"."ex_resposta" (ID_RESPOSTA, ID_QUESTIONARIO, ID_USUARIO, ID_DISCIPLINA, ID_QUESTAO, ID_ALTERNATIVA, CORRETA, DATA) VALUES(188, 51, 1, 3, 14, 55, '1', '2014-08-15 21:06:07');
INSERT INTO "STI"."USER"."ex_resposta" (ID_RESPOSTA, ID_QUESTIONARIO, ID_USUARIO, ID_DISCIPLINA, ID_QUESTAO, ID_ALTERNATIVA, CORRETA, DATA) VALUES(189, 51, 1, 3, 16, 62, '0', '2014-08-15 21:06:08');
INSERT INTO "STI"."USER"."ex_resposta" (ID_RESPOSTA, ID_QUESTIONARIO, ID_USUARIO, ID_DISCIPLINA, ID_QUESTAO, ID_ALTERNATIVA, CORRETA, DATA) VALUES(190, 51, 1, 3, 20, 78, '0', '2014-08-15 21:06:08');
INSERT INTO "STI"."USER"."ex_resposta" (ID_RESPOSTA, ID_QUESTIONARIO, ID_USUARIO, ID_DISCIPLINA, ID_QUESTAO, ID_ALTERNATIVA, CORRETA, DATA) VALUES(191, 52, 1, 3, 10, 39, '0', '2014-10-23 20:25:03');
INSERT INTO "STI"."USER"."ex_resposta" (ID_RESPOSTA, ID_QUESTIONARIO, ID_USUARIO, ID_DISCIPLINA, ID_QUESTAO, ID_ALTERNATIVA, CORRETA, DATA) VALUES(192, 52, 1, 3, 5, 18, '0', '2014-10-23 20:25:03');
INSERT INTO "STI"."USER"."ex_resposta" (ID_RESPOSTA, ID_QUESTIONARIO, ID_USUARIO, ID_DISCIPLINA, ID_QUESTAO, ID_ALTERNATIVA, CORRETA, DATA) VALUES(193, 52, 1, 3, 17, 68, '0', '2014-10-23 20:25:03');

INSERT INTO "STI"."USER"."hierarquia" (ID, ID_SUPEROBJETO, ID_SUBOBJETO, ORDEM, NIVEL) VALUES(1, 3, 4, 1, 1);
INSERT INTO "STI"."USER"."hierarquia" (ID, ID_SUPEROBJETO, ID_SUBOBJETO, ORDEM, NIVEL) VALUES(2, 3, 5, 2, 1);
INSERT INTO "STI"."USER"."hierarquia" (ID, ID_SUPEROBJETO, ID_SUBOBJETO, ORDEM, NIVEL) VALUES(3, 2, 16, 3, 1);
INSERT INTO "STI"."USER"."hierarquia" (ID, ID_SUPEROBJETO, ID_SUBOBJETO, ORDEM, NIVEL) VALUES(4, 2, 17, 4, 1);
INSERT INTO "STI"."USER"."hierarquia" (ID, ID_SUPEROBJETO, ID_SUBOBJETO, ORDEM, NIVEL) VALUES(5, 27, 24, 31, 1);
INSERT INTO "STI"."USER"."hierarquia" (ID, ID_SUPEROBJETO, ID_SUBOBJETO, ORDEM, NIVEL) VALUES(6, 27, 25, 47, 1);
INSERT INTO "STI"."USER"."hierarquia" (ID, ID_SUPEROBJETO, ID_SUBOBJETO, ORDEM, NIVEL) VALUES(7, 27, 26, 49, 1);
INSERT INTO "STI"."USER"."hierarquia" (ID, ID_SUPEROBJETO, ID_SUBOBJETO, ORDEM, NIVEL) VALUES(8, 24, 21, 30, 2);
INSERT INTO "STI"."USER"."hierarquia" (ID, ID_SUPEROBJETO, ID_SUBOBJETO, ORDEM, NIVEL) VALUES(9, 25, 22, 46, 2);
INSERT INTO "STI"."USER"."hierarquia" (ID, ID_SUPEROBJETO, ID_SUBOBJETO, ORDEM, NIVEL) VALUES(10, 26, 23, 12, 2);
INSERT INTO "STI"."USER"."hierarquia" (ID, ID_SUPEROBJETO, ID_SUBOBJETO, ORDEM, NIVEL) VALUES(11, 31, 35, 17, 3);
INSERT INTO "STI"."USER"."hierarquia" (ID, ID_SUPEROBJETO, ID_SUBOBJETO, ORDEM, NIVEL) VALUES(12, 21, 36, 32, 3);
INSERT INTO "STI"."USER"."hierarquia" (ID, ID_SUPEROBJETO, ID_SUBOBJETO, ORDEM, NIVEL) VALUES(13, 21, 37, 33, 3);
INSERT INTO "STI"."USER"."hierarquia" (ID, ID_SUPEROBJETO, ID_SUBOBJETO, ORDEM, NIVEL) VALUES(14, 21, 38, 34, 3);
INSERT INTO "STI"."USER"."hierarquia" (ID, ID_SUPEROBJETO, ID_SUBOBJETO, ORDEM, NIVEL) VALUES(15, 21, 39, 35, 3);
INSERT INTO "STI"."USER"."hierarquia" (ID, ID_SUPEROBJETO, ID_SUBOBJETO, ORDEM, NIVEL) VALUES(16, 21, 40, 36, 3);
INSERT INTO "STI"."USER"."hierarquia" (ID, ID_SUPEROBJETO, ID_SUBOBJETO, ORDEM, NIVEL) VALUES(17, 22, 41, 45, 3);
INSERT INTO "STI"."USER"."hierarquia" (ID, ID_SUPEROBJETO, ID_SUBOBJETO, ORDEM, NIVEL) VALUES(18, 22, 42, 48, 3);
INSERT INTO "STI"."USER"."hierarquia" (ID, ID_SUPEROBJETO, ID_SUBOBJETO, ORDEM, NIVEL) VALUES(19, 22, 43, 11, 3);
INSERT INTO "STI"."USER"."hierarquia" (ID, ID_SUPEROBJETO, ID_SUBOBJETO, ORDEM, NIVEL) VALUES(20, 22, 44, 13, 3);
INSERT INTO "STI"."USER"."hierarquia" (ID, ID_SUPEROBJETO, ID_SUBOBJETO, ORDEM, NIVEL) VALUES(21, 22, 45, 14, 3);
INSERT INTO "STI"."USER"."hierarquia" (ID, ID_SUPEROBJETO, ID_SUBOBJETO, ORDEM, NIVEL) VALUES(22, 22, 46, 15, 3);
INSERT INTO "STI"."USER"."hierarquia" (ID, ID_SUPEROBJETO, ID_SUBOBJETO, ORDEM, NIVEL) VALUES(23, 22, 47, 16, 3);
INSERT INTO "STI"."USER"."hierarquia" (ID, ID_SUPEROBJETO, ID_SUBOBJETO, ORDEM, NIVEL) VALUES(24, 20, 28, 26, 1);
INSERT INTO "STI"."USER"."hierarquia" (ID, ID_SUPEROBJETO, ID_SUBOBJETO, ORDEM, NIVEL) VALUES(25, 20, 29, 27, 1);
INSERT INTO "STI"."USER"."hierarquia" (ID, ID_SUPEROBJETO, ID_SUBOBJETO, ORDEM, NIVEL) VALUES(26, 20, 30, 28, 1);
INSERT INTO "STI"."USER"."hierarquia" (ID, ID_SUPEROBJETO, ID_SUBOBJETO, ORDEM, NIVEL) VALUES(27, 20, 32, 7, 1);
INSERT INTO "STI"."USER"."hierarquia" (ID, ID_SUPEROBJETO, ID_SUBOBJETO, ORDEM, NIVEL) VALUES(28, 20, 33, 9, 1);
INSERT INTO "STI"."USER"."hierarquia" (ID, ID_SUPEROBJETO, ID_SUBOBJETO, ORDEM, NIVEL) VALUES(29, 20, 34, 10, 1);
INSERT INTO "STI"."USER"."hierarquia" (ID, ID_SUPEROBJETO, ID_SUBOBJETO, ORDEM, NIVEL) VALUES(30, 23, 48, 18, 3);
INSERT INTO "STI"."USER"."hierarquia" (ID, ID_SUPEROBJETO, ID_SUBOBJETO, ORDEM, NIVEL) VALUES(31, 23, 49, 20, 3);
INSERT INTO "STI"."USER"."hierarquia" (ID, ID_SUPEROBJETO, ID_SUBOBJETO, ORDEM, NIVEL) VALUES(32, 23, 50, 21, 3);
INSERT INTO "STI"."USER"."hierarquia" (ID, ID_SUPEROBJETO, ID_SUBOBJETO, ORDEM, NIVEL) VALUES(33, 23, 51, 1, 3);
INSERT INTO "STI"."USER"."hierarquia" (ID, ID_SUPEROBJETO, ID_SUBOBJETO, ORDEM, NIVEL) VALUES(34, 23, 52, 2, 3);
INSERT INTO "STI"."USER"."hierarquia" (ID, ID_SUPEROBJETO, ID_SUBOBJETO, ORDEM, NIVEL) VALUES(35, 23, 53, 3, 3);
INSERT INTO "STI"."USER"."hierarquia" (ID, ID_SUPEROBJETO, ID_SUBOBJETO, ORDEM, NIVEL) VALUES(36, 23, 54, 4, 3);
INSERT INTO "STI"."USER"."hierarquia" (ID, ID_SUPEROBJETO, ID_SUBOBJETO, ORDEM, NIVEL) VALUES(37, 23, 55, 5, 3);
INSERT INTO "STI"."USER"."hierarquia" (ID, ID_SUPEROBJETO, ID_SUBOBJETO, ORDEM, NIVEL) VALUES(38, 23, 56, 6, 3);
INSERT INTO "STI"."USER"."hierarquia" (ID, ID_SUPEROBJETO, ID_SUBOBJETO, ORDEM, NIVEL) VALUES(39, 24, 31, 8, 2);
INSERT INTO "STI"."USER"."hierarquia" (ID, ID_SUPEROBJETO, ID_SUBOBJETO, ORDEM, NIVEL) VALUES(40, 21, 57, 37, 3);
INSERT INTO "STI"."USER"."hierarquia" (ID, ID_SUPEROBJETO, ID_SUBOBJETO, ORDEM, NIVEL) VALUES(41, 21, 58, 38, 3);
INSERT INTO "STI"."USER"."hierarquia" (ID, ID_SUPEROBJETO, ID_SUBOBJETO, ORDEM, NIVEL) VALUES(42, 59, 60, 50, 1);
INSERT INTO "STI"."USER"."hierarquia" (ID, ID_SUPEROBJETO, ID_SUBOBJETO, ORDEM, NIVEL) VALUES(43, 59, 61, 51, 1);
INSERT INTO "STI"."USER"."hierarquia" (ID, ID_SUPEROBJETO, ID_SUBOBJETO, ORDEM, NIVEL) VALUES(44, 59, 62, 52, 1);
INSERT INTO "STI"."USER"."hierarquia" (ID, ID_SUPEROBJETO, ID_SUBOBJETO, ORDEM, NIVEL) VALUES(45, 59, 63, 53, 1);
INSERT INTO "STI"."USER"."hierarquia" (ID, ID_SUPEROBJETO, ID_SUBOBJETO, ORDEM, NIVEL) VALUES(46, 20, 64, 22, 1);
INSERT INTO "STI"."USER"."hierarquia" (ID, ID_SUPEROBJETO, ID_SUBOBJETO, ORDEM, NIVEL) VALUES(47, 20, 65, 23, 1);
INSERT INTO "STI"."USER"."hierarquia" (ID, ID_SUPEROBJETO, ID_SUBOBJETO, ORDEM, NIVEL) VALUES(48, 20, 66, 24, 1);
INSERT INTO "STI"."USER"."hierarquia" (ID, ID_SUPEROBJETO, ID_SUBOBJETO, ORDEM, NIVEL) VALUES(49, 20, 67, 25, 1);
INSERT INTO "STI"."USER"."hierarquia" (ID, ID_SUPEROBJETO, ID_SUBOBJETO, ORDEM, NIVEL) VALUES(50, 59, 72, 54, 1);
INSERT INTO "STI"."USER"."hierarquia" (ID, ID_SUPEROBJETO, ID_SUBOBJETO, ORDEM, NIVEL) VALUES(51, 59, 73, 55, 1);
INSERT INTO "STI"."USER"."hierarquia" (ID, ID_SUPEROBJETO, ID_SUBOBJETO, ORDEM, NIVEL) VALUES(52, 41, 74, 19, 4);
INSERT INTO "STI"."USER"."hierarquia" (ID, ID_SUPEROBJETO, ID_SUBOBJETO, ORDEM, NIVEL) VALUES(53, 20, 75, 29, 1);
INSERT INTO "STI"."USER"."hierarquia" (ID, ID_SUPEROBJETO, ID_SUBOBJETO, ORDEM, NIVEL) VALUES(54, 21, 76, 40, 3);
INSERT INTO "STI"."USER"."hierarquia" (ID, ID_SUPEROBJETO, ID_SUBOBJETO, ORDEM, NIVEL) VALUES(55, 76, 77, 39, 4);
INSERT INTO "STI"."USER"."hierarquia" (ID, ID_SUPEROBJETO, ID_SUBOBJETO, ORDEM, NIVEL) VALUES(56, 76, 78, 41, 4);
INSERT INTO "STI"."USER"."hierarquia" (ID, ID_SUPEROBJETO, ID_SUBOBJETO, ORDEM, NIVEL) VALUES(57, 76, 79, 42, 4);
INSERT INTO "STI"."USER"."hierarquia" (ID, ID_SUPEROBJETO, ID_SUBOBJETO, ORDEM, NIVEL) VALUES(58, 76, 80, 43, 4);
INSERT INTO "STI"."USER"."hierarquia" (ID, ID_SUPEROBJETO, ID_SUBOBJETO, ORDEM, NIVEL) VALUES(59, 76, 81, 44, 4);

INSERT INTO "STI"."USER"."oav" (ID_OAV, ID_OBJETO, ID_ATRIBUTO, ID_METAOBJETO_O, ID_METAOBJETO_V, ID_VALOR, ID_PRIOR_OAV, ID_NEXT_OAV, DATA) VALUES(1, 1, 1, 0, 1, 0, 0, 2, '2011-05-30');
INSERT INTO "STI"."USER"."oav" (ID_OAV, ID_OBJETO, ID_ATRIBUTO, ID_METAOBJETO_O, ID_METAOBJETO_V, ID_VALOR, ID_PRIOR_OAV, ID_NEXT_OAV, DATA) VALUES(2, 0, 2, 1, 0, 1, 1, 3, '2011-05-30');
INSERT INTO "STI"."USER"."oav" (ID_OAV, ID_OBJETO, ID_ATRIBUTO, ID_METAOBJETO_O, ID_METAOBJETO_V, ID_VALOR, ID_PRIOR_OAV, ID_NEXT_OAV, DATA) VALUES(3, 0, 2, 1, 0, 2, 2, 0, '2011-05-30');
INSERT INTO "STI"."USER"."oav" (ID_OAV, ID_OBJETO, ID_ATRIBUTO, ID_METAOBJETO_O, ID_METAOBJETO_V, ID_VALOR, ID_PRIOR_OAV, ID_NEXT_OAV, DATA) VALUES(4, 1, 1, 0, 2, 0, 0, 5, '2011-05-30');
INSERT INTO "STI"."USER"."oav" (ID_OAV, ID_OBJETO, ID_ATRIBUTO, ID_METAOBJETO_O, ID_METAOBJETO_V, ID_VALOR, ID_PRIOR_OAV, ID_NEXT_OAV, DATA) VALUES(5, 0, 2, 2, 0, 3, 4, 6, '2011-05-30');
INSERT INTO "STI"."USER"."oav" (ID_OAV, ID_OBJETO, ID_ATRIBUTO, ID_METAOBJETO_O, ID_METAOBJETO_V, ID_VALOR, ID_PRIOR_OAV, ID_NEXT_OAV, DATA) VALUES(6, 0, 2, 2, 0, 4, 5, 7, '2011-05-30');
INSERT INTO "STI"."USER"."oav" (ID_OAV, ID_OBJETO, ID_ATRIBUTO, ID_METAOBJETO_O, ID_METAOBJETO_V, ID_VALOR, ID_PRIOR_OAV, ID_NEXT_OAV, DATA) VALUES(7, 0, 2, 2, 0, 5, 6, 8, '2011-05-30');
INSERT INTO "STI"."USER"."oav" (ID_OAV, ID_OBJETO, ID_ATRIBUTO, ID_METAOBJETO_O, ID_METAOBJETO_V, ID_VALOR, ID_PRIOR_OAV, ID_NEXT_OAV, DATA) VALUES(8, 0, 2, 2, 0, 6, 7, 9, '2011-05-30');
INSERT INTO "STI"."USER"."oav" (ID_OAV, ID_OBJETO, ID_ATRIBUTO, ID_METAOBJETO_O, ID_METAOBJETO_V, ID_VALOR, ID_PRIOR_OAV, ID_NEXT_OAV, DATA) VALUES(9, 0, 2, 2, 0, 7, 8, 10, '2011-05-30');
INSERT INTO "STI"."USER"."oav" (ID_OAV, ID_OBJETO, ID_ATRIBUTO, ID_METAOBJETO_O, ID_METAOBJETO_V, ID_VALOR, ID_PRIOR_OAV, ID_NEXT_OAV, DATA) VALUES(10, 0, 2, 2, 0, 8, 9, 11, '2011-05-30');
INSERT INTO "STI"."USER"."oav" (ID_OAV, ID_OBJETO, ID_ATRIBUTO, ID_METAOBJETO_O, ID_METAOBJETO_V, ID_VALOR, ID_PRIOR_OAV, ID_NEXT_OAV, DATA) VALUES(11, 0, 2, 2, 0, 9, 10, 12, '2011-05-30');
INSERT INTO "STI"."USER"."oav" (ID_OAV, ID_OBJETO, ID_ATRIBUTO, ID_METAOBJETO_O, ID_METAOBJETO_V, ID_VALOR, ID_PRIOR_OAV, ID_NEXT_OAV, DATA) VALUES(12, 0, 2, 2, 0, 24, 11, 13, '2011-05-30');
INSERT INTO "STI"."USER"."oav" (ID_OAV, ID_OBJETO, ID_ATRIBUTO, ID_METAOBJETO_O, ID_METAOBJETO_V, ID_VALOR, ID_PRIOR_OAV, ID_NEXT_OAV, DATA) VALUES(13, 0, 2, 2, 0, 25, 12, 0, '2011-05-30');
INSERT INTO "STI"."USER"."oav" (ID_OAV, ID_OBJETO, ID_ATRIBUTO, ID_METAOBJETO_O, ID_METAOBJETO_V, ID_VALOR, ID_PRIOR_OAV, ID_NEXT_OAV, DATA) VALUES(14, 1, 1, 0, 3, 0, 0, 15, '2011-06-20');
INSERT INTO "STI"."USER"."oav" (ID_OAV, ID_OBJETO, ID_ATRIBUTO, ID_METAOBJETO_O, ID_METAOBJETO_V, ID_VALOR, ID_PRIOR_OAV, ID_NEXT_OAV, DATA) VALUES(15, 2, 1, 0, 3, 0, 14, 16, '2011-06-20');
INSERT INTO "STI"."USER"."oav" (ID_OAV, ID_OBJETO, ID_ATRIBUTO, ID_METAOBJETO_O, ID_METAOBJETO_V, ID_VALOR, ID_PRIOR_OAV, ID_NEXT_OAV, DATA) VALUES(16, 0, 2, 3, 0, 20, 15, 17, '2011-06-20');
INSERT INTO "STI"."USER"."oav" (ID_OAV, ID_OBJETO, ID_ATRIBUTO, ID_METAOBJETO_O, ID_METAOBJETO_V, ID_VALOR, ID_PRIOR_OAV, ID_NEXT_OAV, DATA) VALUES(17, 0, 2, 3, 0, 21, 16, 18, '2011-06-20');
INSERT INTO "STI"."USER"."oav" (ID_OAV, ID_OBJETO, ID_ATRIBUTO, ID_METAOBJETO_O, ID_METAOBJETO_V, ID_VALOR, ID_PRIOR_OAV, ID_NEXT_OAV, DATA) VALUES(18, 0, 2, 3, 0, 18, 17, 19, '2011-06-20');
INSERT INTO "STI"."USER"."oav" (ID_OAV, ID_OBJETO, ID_ATRIBUTO, ID_METAOBJETO_O, ID_METAOBJETO_V, ID_VALOR, ID_PRIOR_OAV, ID_NEXT_OAV, DATA) VALUES(19, 0, 2, 3, 0, 19, 18, 20, '2011-06-20');
INSERT INTO "STI"."USER"."oav" (ID_OAV, ID_OBJETO, ID_ATRIBUTO, ID_METAOBJETO_O, ID_METAOBJETO_V, ID_VALOR, ID_PRIOR_OAV, ID_NEXT_OAV, DATA) VALUES(20, 0, 2, 3, 0, 26, 19, 21, '2011-06-20');
INSERT INTO "STI"."USER"."oav" (ID_OAV, ID_OBJETO, ID_ATRIBUTO, ID_METAOBJETO_O, ID_METAOBJETO_V, ID_VALOR, ID_PRIOR_OAV, ID_NEXT_OAV, DATA) VALUES(21, 0, 2, 3, 0, 27, 20, 0, '2011-06-20');
INSERT INTO "STI"."USER"."oav" (ID_OAV, ID_OBJETO, ID_ATRIBUTO, ID_METAOBJETO_O, ID_METAOBJETO_V, ID_VALOR, ID_PRIOR_OAV, ID_NEXT_OAV, DATA) VALUES(22, 2, 1, 0, 1, 0, 0, 23, '2011-06-29');
INSERT INTO "STI"."USER"."oav" (ID_OAV, ID_OBJETO, ID_ATRIBUTO, ID_METAOBJETO_O, ID_METAOBJETO_V, ID_VALOR, ID_PRIOR_OAV, ID_NEXT_OAV, DATA) VALUES(23, 0, 2, 1, 0, 10, 22, 24, '2011-06-29');
INSERT INTO "STI"."USER"."oav" (ID_OAV, ID_OBJETO, ID_ATRIBUTO, ID_METAOBJETO_O, ID_METAOBJETO_V, ID_VALOR, ID_PRIOR_OAV, ID_NEXT_OAV, DATA) VALUES(24, 0, 2, 1, 0, 11, 23, 25, '2011-06-29');
INSERT INTO "STI"."USER"."oav" (ID_OAV, ID_OBJETO, ID_ATRIBUTO, ID_METAOBJETO_O, ID_METAOBJETO_V, ID_VALOR, ID_PRIOR_OAV, ID_NEXT_OAV, DATA) VALUES(25, 0, 2, 1, 0, 12, 24, 26, '2011-06-29');
INSERT INTO "STI"."USER"."oav" (ID_OAV, ID_OBJETO, ID_ATRIBUTO, ID_METAOBJETO_O, ID_METAOBJETO_V, ID_VALOR, ID_PRIOR_OAV, ID_NEXT_OAV, DATA) VALUES(26, 0, 2, 1, 0, 12, 25, 27, '2011-06-29');
INSERT INTO "STI"."USER"."oav" (ID_OAV, ID_OBJETO, ID_ATRIBUTO, ID_METAOBJETO_O, ID_METAOBJETO_V, ID_VALOR, ID_PRIOR_OAV, ID_NEXT_OAV, DATA) VALUES(27, 0, 2, 1, 0, 13, 26, 0, '2011-06-29');
INSERT INTO "STI"."USER"."oav" (ID_OAV, ID_OBJETO, ID_ATRIBUTO, ID_METAOBJETO_O, ID_METAOBJETO_V, ID_VALOR, ID_PRIOR_OAV, ID_NEXT_OAV, DATA) VALUES(29, 0, 2, 2, 0, 14, 28, 30, '2011-07-12');
INSERT INTO "STI"."USER"."oav" (ID_OAV, ID_OBJETO, ID_ATRIBUTO, ID_METAOBJETO_O, ID_METAOBJETO_V, ID_VALOR, ID_PRIOR_OAV, ID_NEXT_OAV, DATA) VALUES(28, 2, 1, 0, 2, 0, 0, 29, '2011-07-12');
INSERT INTO "STI"."USER"."oav" (ID_OAV, ID_OBJETO, ID_ATRIBUTO, ID_METAOBJETO_O, ID_METAOBJETO_V, ID_VALOR, ID_PRIOR_OAV, ID_NEXT_OAV, DATA) VALUES(30, 0, 2, 2, 0, 15, 29, 31, '2011-07-12');
INSERT INTO "STI"."USER"."oav" (ID_OAV, ID_OBJETO, ID_ATRIBUTO, ID_METAOBJETO_O, ID_METAOBJETO_V, ID_VALOR, ID_PRIOR_OAV, ID_NEXT_OAV, DATA) VALUES(31, 0, 2, 2, 0, 16, 30, 32, '2011-07-12');
INSERT INTO "STI"."USER"."oav" (ID_OAV, ID_OBJETO, ID_ATRIBUTO, ID_METAOBJETO_O, ID_METAOBJETO_V, ID_VALOR, ID_PRIOR_OAV, ID_NEXT_OAV, DATA) VALUES(32, 0, 2, 2, 0, 17, 31, 0, '2011-07-12');

INSERT INTO "STI"."USER"."objeto" (ID_OBJETO, NOME, NOMEPLURAL, DATA, ID_USUARIO, TIPO, ITEM, DATA_ATUAL, ITEM_FLOAT, HABILITADO) VALUES(1, 'dado', 'dados', '2011-05-11', 1, 0, NULL, '2014-07-15 11:15:37', NULL, '1');
INSERT INTO "STI"."USER"."objeto" (ID_OBJETO, NOME, NOMEPLURAL, DATA, ID_USUARIO, TIPO, ITEM, DATA_ATUAL, ITEM_FLOAT, HABILITADO) VALUES(2, 'informação', 'informações', '2011-05-11', 1, 0, NULL, '2014-07-15 11:15:37', NULL, '1');
INSERT INTO "STI"."USER"."objeto" (ID_OBJETO, NOME, NOMEPLURAL, DATA, ID_USUARIO, TIPO, ITEM, DATA_ATUAL, ITEM_FLOAT, HABILITADO) VALUES(3, 'conhecimento', 'conhecimentos', '2011-09-20', 1, 0, NULL, '2014-07-15 11:15:37', NULL, '1');
INSERT INTO "STI"."USER"."objeto" (ID_OBJETO, NOME, NOMEPLURAL, DATA, ID_USUARIO, TIPO, ITEM, DATA_ATUAL, ITEM_FLOAT, HABILITADO) VALUES(4, 'conhecimento tácito', 'conhecimentos tácitos', '2011-09-21', 1, 0, NULL, '2014-07-15 11:15:37', NULL, '1');
INSERT INTO "STI"."USER"."objeto" (ID_OBJETO, NOME, NOMEPLURAL, DATA, ID_USUARIO, TIPO, ITEM, DATA_ATUAL, ITEM_FLOAT, HABILITADO) VALUES(5, 'conhecimento explícito', 'conhecimentos explícitos', '2011-09-21', 1, 0, NULL, '2014-07-15 11:15:37', NULL, '1');
INSERT INTO "STI"."USER"."objeto" (ID_OBJETO, NOME, NOMEPLURAL, DATA, ID_USUARIO, TIPO, ITEM, DATA_ATUAL, ITEM_FLOAT, HABILITADO) VALUES(6, 'tempo presente', '', '2011-10-21', 1, 1, NULL, '2014-07-15 11:15:37', NULL, '1');
INSERT INTO "STI"."USER"."objeto" (ID_OBJETO, NOME, NOMEPLURAL, DATA, ID_USUARIO, TIPO, ITEM, DATA_ATUAL, ITEM_FLOAT, HABILITADO) VALUES(7, 'auto representação', ' ', '2011-12-07', 1, 1, NULL, '2014-07-15 11:15:37', NULL, '1');
INSERT INTO "STI"."USER"."objeto" (ID_OBJETO, NOME, NOMEPLURAL, DATA, ID_USUARIO, TIPO, ITEM, DATA_ATUAL, ITEM_FLOAT, HABILITADO) VALUES(8, 'auto localização', ' ', '2011-12-07', 1, 1, NULL, '2014-07-15 11:15:37', NULL, '1');
INSERT INTO "STI"."USER"."objeto" (ID_OBJETO, NOME, NOMEPLURAL, DATA, ID_USUARIO, TIPO, ITEM, DATA_ATUAL, ITEM_FLOAT, HABILITADO) VALUES(9, 'auto objetivo', ' ', '2011-12-07', 1, 1, NULL, '2014-07-15 11:15:37', NULL, '1');
INSERT INTO "STI"."USER"."objeto" (ID_OBJETO, NOME, NOMEPLURAL, DATA, ID_USUARIO, TIPO, ITEM, DATA_ATUAL, ITEM_FLOAT, HABILITADO) VALUES(10, 'ajuda ao usuário', ' ', '2011-12-07', 1, 1, NULL, '2014-07-15 11:15:37', NULL, '1');
INSERT INTO "STI"."USER"."objeto" (ID_OBJETO, NOME, NOMEPLURAL, DATA, ID_USUARIO, TIPO, ITEM, DATA_ATUAL, ITEM_FLOAT, HABILITADO) VALUES(11, 'dia de hoje', ' ', '2011-12-08', 1, 1, NULL, '2014-07-15 11:15:37', NULL, '1');
INSERT INTO "STI"."USER"."objeto" (ID_OBJETO, NOME, NOMEPLURAL, DATA, ID_USUARIO, TIPO, ITEM, DATA_ATUAL, ITEM_FLOAT, HABILITADO) VALUES(12, 'minha episteme', '', '2012-05-20', 1, 1, NULL, '2014-07-15 11:15:37', NULL, '1');
INSERT INTO "STI"."USER"."objeto" (ID_OBJETO, NOME, NOMEPLURAL, DATA, ID_USUARIO, TIPO, ITEM, DATA_ATUAL, ITEM_FLOAT, HABILITADO) VALUES(13, 'sua episteme', '', '2012-09-12', 1, 1, NULL, '2014-07-15 11:15:37', NULL, '1');
INSERT INTO "STI"."USER"."objeto" (ID_OBJETO, NOME, NOMEPLURAL, DATA, ID_USUARIO, TIPO, ITEM, DATA_ATUAL, ITEM_FLOAT, HABILITADO) VALUES(14, 'complemento da episteme', '', '2012-09-20', 1, 1, NULL, '2014-07-15 11:15:37', NULL, '1');
INSERT INTO "STI"."USER"."objeto" (ID_OBJETO, NOME, NOMEPLURAL, DATA, ID_USUARIO, TIPO, ITEM, DATA_ATUAL, ITEM_FLOAT, HABILITADO) VALUES(15, 'gestão da informação', 'gestão de informações', '2012-10-23', 1, 0, NULL, '2014-07-15 11:15:37', NULL, '1');
INSERT INTO "STI"."USER"."objeto" (ID_OBJETO, NOME, NOMEPLURAL, DATA, ID_USUARIO, TIPO, ITEM, DATA_ATUAL, ITEM_FLOAT, HABILITADO) VALUES(16, 'informação operacional', 'informações operacionais', '2012-10-23', 1, 0, NULL, '2014-07-15 11:15:37', NULL, '1');
INSERT INTO "STI"."USER"."objeto" (ID_OBJETO, NOME, NOMEPLURAL, DATA, ID_USUARIO, TIPO, ITEM, DATA_ATUAL, ITEM_FLOAT, HABILITADO) VALUES(17, 'informação gerencial', 'informações gerenciais', '2012-10-23', 1, 0, NULL, '2014-07-15 11:15:37', NULL, '1');
INSERT INTO "STI"."USER"."objeto" (ID_OBJETO, NOME, NOMEPLURAL, DATA, ID_USUARIO, TIPO, ITEM, DATA_ATUAL, ITEM_FLOAT, HABILITADO) VALUES(18, 'hierarquia de objetos', '', '2013-05-16', 1, 1, NULL, '2014-07-15 11:15:37', NULL, '1');
INSERT INTO "STI"."USER"."objeto" (ID_OBJETO, NOME, NOMEPLURAL, DATA, ID_USUARIO, TIPO, ITEM, DATA_ATUAL, ITEM_FLOAT, HABILITADO) VALUES(19, 'pilha de objetos', '', '2013-05-28', 1, 1, NULL, '2014-07-15 11:15:37', NULL, '1');
INSERT INTO "STI"."USER"."objeto" (ID_OBJETO, NOME, NOMEPLURAL, DATA, ID_USUARIO, TIPO, ITEM, DATA_ATUAL, ITEM_FLOAT, HABILITADO) VALUES(20, 'inteligência artificial', '', '2014-06-05', 1, 0, '1', '2014-07-15 11:15:37', 11111111110, '1');
INSERT INTO "STI"."USER"."objeto" (ID_OBJETO, NOME, NOMEPLURAL, DATA, ID_USUARIO, TIPO, ITEM, DATA_ATUAL, ITEM_FLOAT, HABILITADO) VALUES(21, 'sistema especialista', 'sistemas especialistas', '2014-06-05', 1, 0, '2.1.1', '2014-07-28 11:15:37', 21111111110, '1');
INSERT INTO "STI"."USER"."objeto" (ID_OBJETO, NOME, NOMEPLURAL, DATA, ID_USUARIO, TIPO, ITEM, DATA_ATUAL, ITEM_FLOAT, HABILITADO) VALUES(22, 'rede neural', 'redes neurais', '2014-06-05', 1, 0, '2.2.1', '2014-07-27 22:25:37', 22111111110, '1');
INSERT INTO "STI"."USER"."objeto" (ID_OBJETO, NOME, NOMEPLURAL, DATA, ID_USUARIO, TIPO, ITEM, DATA_ATUAL, ITEM_FLOAT, HABILITADO) VALUES(23, 'algoritmo genético', 'algoritmos genéticos', '2014-06-05', 1, 0, '2.3.1', '2014-07-15 11:15:37', 1, '0');
INSERT INTO "STI"."USER"."objeto" (ID_OBJETO, NOME, NOMEPLURAL, DATA, ID_USUARIO, TIPO, ITEM, DATA_ATUAL, ITEM_FLOAT, HABILITADO) VALUES(24, 'linha simbólica', '', '2014-06-05', 1, 0, '2.1', '2014-07-17 11:33:00', 21111111110, '1');
INSERT INTO "STI"."USER"."objeto" (ID_OBJETO, NOME, NOMEPLURAL, DATA, ID_USUARIO, TIPO, ITEM, DATA_ATUAL, ITEM_FLOAT, HABILITADO) VALUES(25, 'linha conexionista', '', '2014-06-05', 1, 0, '2.2', '2014-07-15 11:15:37', 22111111110, '1');
INSERT INTO "STI"."USER"."objeto" (ID_OBJETO, NOME, NOMEPLURAL, DATA, ID_USUARIO, TIPO, ITEM, DATA_ATUAL, ITEM_FLOAT, HABILITADO) VALUES(26, 'linha evolucionária', '', '2014-06-05', 1, 0, '2.3', '2014-07-15 11:15:37', 23111111110, '1');
INSERT INTO "STI"."USER"."objeto" (ID_OBJETO, NOME, NOMEPLURAL, DATA, ID_USUARIO, TIPO, ITEM, DATA_ATUAL, ITEM_FLOAT, HABILITADO) VALUES(27, 'linhas de pesquisa', '', '2014-06-05', 1, 0, '2', '2014-07-15 11:15:37', 21111111110, '1');
INSERT INTO "STI"."USER"."objeto" (ID_OBJETO, NOME, NOMEPLURAL, DATA, ID_USUARIO, TIPO, ITEM, DATA_ATUAL, ITEM_FLOAT, HABILITADO) VALUES(28, 'ciências da inteligência artificial', '', '2014-06-05', 1, 0, '1.5', '2014-07-15 11:15:37', 15111111110, '1');
INSERT INTO "STI"."USER"."objeto" (ID_OBJETO, NOME, NOMEPLURAL, DATA, ID_USUARIO, TIPO, ITEM, DATA_ATUAL, ITEM_FLOAT, HABILITADO) VALUES(29, 'intratabilidade', '', '2014-06-05', 1, 0, '1.6', '2014-07-15 11:15:37', 16111111110, '1');
INSERT INTO "STI"."USER"."objeto" (ID_OBJETO, NOME, NOMEPLURAL, DATA, ID_USUARIO, TIPO, ITEM, DATA_ATUAL, ITEM_FLOAT, HABILITADO) VALUES(30, 'explosão combinatória', '', '2014-06-05', 1, 0, '1.7', '2014-07-15 11:15:37', 17111111110, '1');
INSERT INTO "STI"."USER"."objeto" (ID_OBJETO, NOME, NOMEPLURAL, DATA, ID_USUARIO, TIPO, ITEM, DATA_ATUAL, ITEM_FLOAT, HABILITADO) VALUES(31, 'engenharia ontológica', '', '2014-06-05', 1, 0, '2.1.2', '2014-07-15 11:15:37', 1, '0');
INSERT INTO "STI"."USER"."objeto" (ID_OBJETO, NOME, NOMEPLURAL, DATA, ID_USUARIO, TIPO, ITEM, DATA_ATUAL, ITEM_FLOAT, HABILITADO) VALUES(32, 'período clássico', '', '2014-06-05', 1, 0, '1.8', '2014-07-15 11:15:37', 1, '0');
INSERT INTO "STI"."USER"."objeto" (ID_OBJETO, NOME, NOMEPLURAL, DATA, ID_USUARIO, TIPO, ITEM, DATA_ATUAL, ITEM_FLOAT, HABILITADO) VALUES(33, 'período romântico', '', '2014-06-05', 1, 0, '1.9', '2014-07-15 11:15:37', 1, '0');
INSERT INTO "STI"."USER"."objeto" (ID_OBJETO, NOME, NOMEPLURAL, DATA, ID_USUARIO, TIPO, ITEM, DATA_ATUAL, ITEM_FLOAT, HABILITADO) VALUES(34, 'período moderno', '', '2014-06-05', 1, 0, '1.10', '2014-07-15 11:15:37', 1, '0');
INSERT INTO "STI"."USER"."objeto" (ID_OBJETO, NOME, NOMEPLURAL, DATA, ID_USUARIO, TIPO, ITEM, DATA_ATUAL, ITEM_FLOAT, HABILITADO) VALUES(35, 'ontologia', 'ontologias', '2014-06-06', 1, 0, '2.1.2.1', '2014-07-15 11:15:37', 1, '0');
INSERT INTO "STI"."USER"."objeto" (ID_OBJETO, NOME, NOMEPLURAL, DATA, ID_USUARIO, TIPO, ITEM, DATA_ATUAL, ITEM_FLOAT, HABILITADO) VALUES(36, 'MYCIN', '', '2014-06-08', 1, 0, '2.1.1.1', '2014-07-15 11:15:37', 21111111110, '1');
INSERT INTO "STI"."USER"."objeto" (ID_OBJETO, NOME, NOMEPLURAL, DATA, ID_USUARIO, TIPO, ITEM, DATA_ATUAL, ITEM_FLOAT, HABILITADO) VALUES(37, 'DENDRAL', '', '2014-06-09', 1, 0, '2.1.1.2', '2014-07-15 11:15:37', 21121111110, '1');
INSERT INTO "STI"."USER"."objeto" (ID_OBJETO, NOME, NOMEPLURAL, DATA, ID_USUARIO, TIPO, ITEM, DATA_ATUAL, ITEM_FLOAT, HABILITADO) VALUES(38, 'quadro negro', '', '2014-06-09', 1, 0, '2.1.1.3', '2014-07-15 11:15:37', 21131111110, '1');
INSERT INTO "STI"."USER"."objeto" (ID_OBJETO, NOME, NOMEPLURAL, DATA, ID_USUARIO, TIPO, ITEM, DATA_ATUAL, ITEM_FLOAT, HABILITADO) VALUES(39, 'motor de inferência', '', '2014-06-09', 1, 0, '2.1.1.4', '2014-07-15 11:15:37', 21141111110, '1');
INSERT INTO "STI"."USER"."objeto" (ID_OBJETO, NOME, NOMEPLURAL, DATA, ID_USUARIO, TIPO, ITEM, DATA_ATUAL, ITEM_FLOAT, HABILITADO) VALUES(40, 'base de conhecimento', '', '2014-06-09', 1, 0, '2.1.1.5', '2014-07-15 11:15:37', 21151111110, '1');
INSERT INTO "STI"."USER"."objeto" (ID_OBJETO, NOME, NOMEPLURAL, DATA, ID_USUARIO, TIPO, ITEM, DATA_ATUAL, ITEM_FLOAT, HABILITADO) VALUES(41, 'perceptron', 'perceptrons', '2014-06-09', 1, 0, '2.2.1.1', '2014-07-27 21:15:37', 22111111110, '1');
INSERT INTO "STI"."USER"."objeto" (ID_OBJETO, NOME, NOMEPLURAL, DATA, ID_USUARIO, TIPO, ITEM, DATA_ATUAL, ITEM_FLOAT, HABILITADO) VALUES(42, 'perceptron multicamadas', 'perceptrons multicamadas', '2014-06-09', 1, 0, '2.2.1.2', '2014-07-15 11:15:37', 22121111110, '1');
INSERT INTO "STI"."USER"."objeto" (ID_OBJETO, NOME, NOMEPLURAL, DATA, ID_USUARIO, TIPO, ITEM, DATA_ATUAL, ITEM_FLOAT, HABILITADO) VALUES(43, 'neurônio artificial', 'neurônios artificiais', '2014-06-09', 1, 0, '2.2.1.3', '2014-07-15 11:15:37', 1, '0');
INSERT INTO "STI"."USER"."objeto" (ID_OBJETO, NOME, NOMEPLURAL, DATA, ID_USUARIO, TIPO, ITEM, DATA_ATUAL, ITEM_FLOAT, HABILITADO) VALUES(44, 'sinapse', 'sinapses', '2014-06-09', 1, 0, '2.2.1.4', '2014-07-15 11:15:37', 1, '0');
INSERT INTO "STI"."USER"."objeto" (ID_OBJETO, NOME, NOMEPLURAL, DATA, ID_USUARIO, TIPO, ITEM, DATA_ATUAL, ITEM_FLOAT, HABILITADO) VALUES(45, 'peso', 'pesos', '2014-06-09', 1, 0, '2.2.1.5', '2014-07-15 11:15:37', 1, '0');
INSERT INTO "STI"."USER"."objeto" (ID_OBJETO, NOME, NOMEPLURAL, DATA, ID_USUARIO, TIPO, ITEM, DATA_ATUAL, ITEM_FLOAT, HABILITADO) VALUES(46, 'função de ativação', 'funções de ativação', '2014-06-09', 1, 0, '2.2.1.6', '2014-07-15 11:15:37', 1, '0');
INSERT INTO "STI"."USER"."objeto" (ID_OBJETO, NOME, NOMEPLURAL, DATA, ID_USUARIO, TIPO, ITEM, DATA_ATUAL, ITEM_FLOAT, HABILITADO) VALUES(47, 'função de transferência', 'funções de transferência', '2014-06-09', 1, 0, '2.2.1.7', '2014-07-15 11:15:37', 1, '0');
INSERT INTO "STI"."USER"."objeto" (ID_OBJETO, NOME, NOMEPLURAL, DATA, ID_USUARIO, TIPO, ITEM, DATA_ATUAL, ITEM_FLOAT, HABILITADO) VALUES(48, 'seleção', 'seleções', '2014-06-10', 1, 0, '2.3.1.1', '2014-07-15 11:15:37', 1, '0');
INSERT INTO "STI"."USER"."objeto" (ID_OBJETO, NOME, NOMEPLURAL, DATA, ID_USUARIO, TIPO, ITEM, DATA_ATUAL, ITEM_FLOAT, HABILITADO) VALUES(49, 'cruzamento', 'cruzamentos', '2014-06-10', 1, 0, '2.3.1.2', '2014-07-15 11:15:37', 1, '0');
INSERT INTO "STI"."USER"."objeto" (ID_OBJETO, NOME, NOMEPLURAL, DATA, ID_USUARIO, TIPO, ITEM, DATA_ATUAL, ITEM_FLOAT, HABILITADO) VALUES(50, 'mutação', 'mutações', '2014-06-10', 1, 0, '2.3.1.3', '2014-07-15 11:15:37', 1, '0');
INSERT INTO "STI"."USER"."objeto" (ID_OBJETO, NOME, NOMEPLURAL, DATA, ID_USUARIO, TIPO, ITEM, DATA_ATUAL, ITEM_FLOAT, HABILITADO) VALUES(51, 'elitismo', 'elitismos', '2014-06-10', 1, 0, '2.3.1.4', '2014-07-15 11:15:37', 1, '0');
INSERT INTO "STI"."USER"."objeto" (ID_OBJETO, NOME, NOMEPLURAL, DATA, ID_USUARIO, TIPO, ITEM, DATA_ATUAL, ITEM_FLOAT, HABILITADO) VALUES(52, 'cromossomo', 'cromossomos', '2014-06-10', 1, 0, '2.3.1.5', '2014-07-15 11:15:37', 1, '0');
INSERT INTO "STI"."USER"."objeto" (ID_OBJETO, NOME, NOMEPLURAL, DATA, ID_USUARIO, TIPO, ITEM, DATA_ATUAL, ITEM_FLOAT, HABILITADO) VALUES(53, 'gene', 'genes', '2014-06-10', 1, 0, '2.3.1.6', '2014-07-15 11:15:37', 1, '0');
INSERT INTO "STI"."USER"."objeto" (ID_OBJETO, NOME, NOMEPLURAL, DATA, ID_USUARIO, TIPO, ITEM, DATA_ATUAL, ITEM_FLOAT, HABILITADO) VALUES(54, 'alelo', 'alelos', '2014-06-10', 1, 0, '2.3.1.7', '2014-07-15 11:15:37', 1, '0');
INSERT INTO "STI"."USER"."objeto" (ID_OBJETO, NOME, NOMEPLURAL, DATA, ID_USUARIO, TIPO, ITEM, DATA_ATUAL, ITEM_FLOAT, HABILITADO) VALUES(55, 'função objetivo', 'funções objetivo', '2014-06-10', 1, 0, '2.3.1.8', '2014-07-15 11:15:37', 1, '0');
INSERT INTO "STI"."USER"."objeto" (ID_OBJETO, NOME, NOMEPLURAL, DATA, ID_USUARIO, TIPO, ITEM, DATA_ATUAL, ITEM_FLOAT, HABILITADO) VALUES(56, 'indivíduo', 'indivíduos', '2014-06-10', 1, 0, '2.3.1.9', '2014-07-15 11:15:37', 1, '0');
INSERT INTO "STI"."USER"."objeto" (ID_OBJETO, NOME, NOMEPLURAL, DATA, ID_USUARIO, TIPO, ITEM, DATA_ATUAL, ITEM_FLOAT, HABILITADO) VALUES(57, 'regra', 'regras', '2014-06-12', 1, 0, '2.1.1.6', '2014-07-15 11:15:37', 21161111110, '1');
INSERT INTO "STI"."USER"."objeto" (ID_OBJETO, NOME, NOMEPLURAL, DATA, ID_USUARIO, TIPO, ITEM, DATA_ATUAL, ITEM_FLOAT, HABILITADO) VALUES(58, 'fato', 'fatos', '2014-06-12', 1, 0, '2.1.1.7', '2014-07-15 11:15:37', 21171111110, '1');
INSERT INTO "STI"."USER"."objeto" (ID_OBJETO, NOME, NOMEPLURAL, DATA, ID_USUARIO, TIPO, ITEM, DATA_ATUAL, ITEM_FLOAT, HABILITADO) VALUES(59, 'personalidade', 'personalidades', '2014-06-12', 1, 0, '3', '2014-07-15 11:15:37', 31111111110, '1');
INSERT INTO "STI"."USER"."objeto" (ID_OBJETO, NOME, NOMEPLURAL, DATA, ID_USUARIO, TIPO, ITEM, DATA_ATUAL, ITEM_FLOAT, HABILITADO) VALUES(60, 'John McCarthy', '', '2014-06-12', 1, 0, '3.1', '2014-07-15 11:15:37', 31111111110, '1');
INSERT INTO "STI"."USER"."objeto" (ID_OBJETO, NOME, NOMEPLURAL, DATA, ID_USUARIO, TIPO, ITEM, DATA_ATUAL, ITEM_FLOAT, HABILITADO) VALUES(61, 'Marvin Minsky', '', '2014-06-12', 1, 0, '3.2', '2014-07-15 11:15:37', 32111111110, '1');
INSERT INTO "STI"."USER"."objeto" (ID_OBJETO, NOME, NOMEPLURAL, DATA, ID_USUARIO, TIPO, ITEM, DATA_ATUAL, ITEM_FLOAT, HABILITADO) VALUES(62, 'Nathaniel Rochester', '', '2014-06-12', 1, 0, '3.3', '2014-07-15 11:15:37', 33111111110, '1');
INSERT INTO "STI"."USER"."objeto" (ID_OBJETO, NOME, NOMEPLURAL, DATA, ID_USUARIO, TIPO, ITEM, DATA_ATUAL, ITEM_FLOAT, HABILITADO) VALUES(63, 'Claude Shannon', '', '2014-06-12', 1, 0, '3.4', '2014-07-15 11:15:37', 34111111110, '1');
INSERT INTO "STI"."USER"."objeto" (ID_OBJETO, NOME, NOMEPLURAL, DATA, ID_USUARIO, TIPO, ITEM, DATA_ATUAL, ITEM_FLOAT, HABILITADO) VALUES(64, 'pensar como ser humano', '', '2014-07-19', 1, 0, '1.1', '2014-07-19 20:01:27', 11111111110, '1');
INSERT INTO "STI"."USER"."objeto" (ID_OBJETO, NOME, NOMEPLURAL, DATA, ID_USUARIO, TIPO, ITEM, DATA_ATUAL, ITEM_FLOAT, HABILITADO) VALUES(65, 'pensar racionalmente', '', '2014-07-19', 1, 0, '1.2', '2014-07-19 20:02:52', 12111111110, '1');
INSERT INTO "STI"."USER"."objeto" (ID_OBJETO, NOME, NOMEPLURAL, DATA, ID_USUARIO, TIPO, ITEM, DATA_ATUAL, ITEM_FLOAT, HABILITADO) VALUES(66, 'agir como ser humano', '', '2014-07-19', 1, 0, '1.3', '2014-07-19 20:03:14', 13111111110, '1');
INSERT INTO "STI"."USER"."objeto" (ID_OBJETO, NOME, NOMEPLURAL, DATA, ID_USUARIO, TIPO, ITEM, DATA_ATUAL, ITEM_FLOAT, HABILITADO) VALUES(67, 'agir racionalmente', '', '2014-07-19', 1, 0, '1.4', '2014-07-19 21:16:33', 14111111110, '1');
INSERT INTO "STI"."USER"."objeto" (ID_OBJETO, NOME, NOMEPLURAL, DATA, ID_USUARIO, TIPO, ITEM, DATA_ATUAL, ITEM_FLOAT, HABILITADO) VALUES(68, 'lista de exercícios', '', '2014-07-22', 1, 1, NULL, '2014-07-24 21:16:33', NULL, '1');
INSERT INTO "STI"."USER"."objeto" (ID_OBJETO, NOME, NOMEPLURAL, DATA, ID_USUARIO, TIPO, ITEM, DATA_ATUAL, ITEM_FLOAT, HABILITADO) VALUES(69, 'aproveitamento geral', '', '2014-07-24', 1, 1, NULL, '2014-07-24 21:16:33', NULL, '1');
INSERT INTO "STI"."USER"."objeto" (ID_OBJETO, NOME, NOMEPLURAL, DATA, ID_USUARIO, TIPO, ITEM, DATA_ATUAL, ITEM_FLOAT, HABILITADO) VALUES(70, 'aproveitamento detalhado', '', '2014-07-24', 1, 1, NULL, '2014-07-24 21:16:33', NULL, '1');
INSERT INTO "STI"."USER"."objeto" (ID_OBJETO, NOME, NOMEPLURAL, DATA, ID_USUARIO, TIPO, ITEM, DATA_ATUAL, ITEM_FLOAT, HABILITADO) VALUES(71, 'reforço de objetos', '', '2014-07-24', 1, 1, NULL, '2014-07-24 11:19:29', NULL, '1');
INSERT INTO "STI"."USER"."objeto" (ID_OBJETO, NOME, NOMEPLURAL, DATA, ID_USUARIO, TIPO, ITEM, DATA_ATUAL, ITEM_FLOAT, HABILITADO) VALUES(72, 'Norbert Wiener', '', '2014-07-27', 1, 0, '3.5', '2014-07-27 18:45:26', 35111111110, '1');
INSERT INTO "STI"."USER"."objeto" (ID_OBJETO, NOME, NOMEPLURAL, DATA, ID_USUARIO, TIPO, ITEM, DATA_ATUAL, ITEM_FLOAT, HABILITADO) VALUES(73, 'Frank Rosenblatt', '', '2014-07-27', 1, 0, '3.6', '2014-07-27 20:52:31', 36111111110, '1');
INSERT INTO "STI"."USER"."objeto" (ID_OBJETO, NOME, NOMEPLURAL, DATA, ID_USUARIO, TIPO, ITEM, DATA_ATUAL, ITEM_FLOAT, HABILITADO) VALUES(74, 'Mark I', '', '2014-07-27', 1, 0, '2.2.1.1.1', '2014-07-28 22:22:08', 1, '0');
INSERT INTO "STI"."USER"."objeto" (ID_OBJETO, NOME, NOMEPLURAL, DATA, ID_USUARIO, TIPO, ITEM, DATA_ATUAL, ITEM_FLOAT, HABILITADO) VALUES(75, 'Conferência de Dartmouth', '', '2014-07-28', 1, 0, '1.8', '2014-07-28 11:20:12', 18111111110, '1');
INSERT INTO "STI"."USER"."objeto" (ID_OBJETO, NOME, NOMEPLURAL, DATA, ID_USUARIO, TIPO, ITEM, DATA_ATUAL, ITEM_FLOAT, HABILITADO) VALUES(76, 'construção de um sistema especialista', '', '2014-08-08', 1, 0, '2.1.1.8', '2014-08-08 20:12:40', 21181111110, '1');
INSERT INTO "STI"."USER"."objeto" (ID_OBJETO, NOME, NOMEPLURAL, DATA, ID_USUARIO, TIPO, ITEM, DATA_ATUAL, ITEM_FLOAT, HABILITADO) VALUES(77, 'identificação do domínio do problema', '', '2014-08-08', 1, 0, '2.1.1.8.1', '2014-08-08 20:13:18', 21181111110, '1');
INSERT INTO "STI"."USER"."objeto" (ID_OBJETO, NOME, NOMEPLURAL, DATA, ID_USUARIO, TIPO, ITEM, DATA_ATUAL, ITEM_FLOAT, HABILITADO) VALUES(78, 'aquisição de conhecimento', '', '2014-08-08', 1, 0, '2.1.1.8.2', '2014-08-08 20:13:40', 21182111110, '1');
INSERT INTO "STI"."USER"."objeto" (ID_OBJETO, NOME, NOMEPLURAL, DATA, ID_USUARIO, TIPO, ITEM, DATA_ATUAL, ITEM_FLOAT, HABILITADO) VALUES(79, 'organização e representação do conhecimento', '', '2014-08-08', 1, 0, '2.1.1.8.3', '2014-08-08 20:13:56', 21183111110, '1');
INSERT INTO "STI"."USER"."objeto" (ID_OBJETO, NOME, NOMEPLURAL, DATA, ID_USUARIO, TIPO, ITEM, DATA_ATUAL, ITEM_FLOAT, HABILITADO) VALUES(80, 'implementação do sistema especialista', '', '2014-08-08', 1, 0, '2.1.1.8.4', '2014-08-08 20:14:00', 21184111110, '1');
INSERT INTO "STI"."USER"."objeto" (ID_OBJETO, NOME, NOMEPLURAL, DATA, ID_USUARIO, TIPO, ITEM, DATA_ATUAL, ITEM_FLOAT, HABILITADO) VALUES(81, 'testes e validação do sistema especialista', '', '2014-08-08', 1, 0, '2.1.1.8.5', '2014-08-08 22:50:10', 21185111110, '1');

INSERT INTO "STI"."USER"."objeto_disciplina" (ID, ID_OBJETO, ID_DISCIPLINA) VALUES(1, 1, 1);
INSERT INTO "STI"."USER"."objeto_disciplina" (ID, ID_OBJETO, ID_DISCIPLINA) VALUES(2, 2, 1);
INSERT INTO "STI"."USER"."objeto_disciplina" (ID, ID_OBJETO, ID_DISCIPLINA) VALUES(3, 3, 1);
INSERT INTO "STI"."USER"."objeto_disciplina" (ID, ID_OBJETO, ID_DISCIPLINA) VALUES(4, 4, 1);
INSERT INTO "STI"."USER"."objeto_disciplina" (ID, ID_OBJETO, ID_DISCIPLINA) VALUES(5, 5, 1);
INSERT INTO "STI"."USER"."objeto_disciplina" (ID, ID_OBJETO, ID_DISCIPLINA) VALUES(6, 15, 1);
INSERT INTO "STI"."USER"."objeto_disciplina" (ID, ID_OBJETO, ID_DISCIPLINA) VALUES(7, 16, 1);
INSERT INTO "STI"."USER"."objeto_disciplina" (ID, ID_OBJETO, ID_DISCIPLINA) VALUES(8, 17, 1);
INSERT INTO "STI"."USER"."objeto_disciplina" (ID, ID_OBJETO, ID_DISCIPLINA) VALUES(9, 20, 3);
INSERT INTO "STI"."USER"."objeto_disciplina" (ID, ID_OBJETO, ID_DISCIPLINA) VALUES(10, 21, 3);
INSERT INTO "STI"."USER"."objeto_disciplina" (ID, ID_OBJETO, ID_DISCIPLINA) VALUES(11, 22, 3);
INSERT INTO "STI"."USER"."objeto_disciplina" (ID, ID_OBJETO, ID_DISCIPLINA) VALUES(12, 23, 3);
INSERT INTO "STI"."USER"."objeto_disciplina" (ID, ID_OBJETO, ID_DISCIPLINA) VALUES(13, 24, 3);
INSERT INTO "STI"."USER"."objeto_disciplina" (ID, ID_OBJETO, ID_DISCIPLINA) VALUES(14, 25, 3);
INSERT INTO "STI"."USER"."objeto_disciplina" (ID, ID_OBJETO, ID_DISCIPLINA) VALUES(15, 26, 3);
INSERT INTO "STI"."USER"."objeto_disciplina" (ID, ID_OBJETO, ID_DISCIPLINA) VALUES(16, 27, 3);
INSERT INTO "STI"."USER"."objeto_disciplina" (ID, ID_OBJETO, ID_DISCIPLINA) VALUES(17, 28, 3);
INSERT INTO "STI"."USER"."objeto_disciplina" (ID, ID_OBJETO, ID_DISCIPLINA) VALUES(18, 29, 3);
INSERT INTO "STI"."USER"."objeto_disciplina" (ID, ID_OBJETO, ID_DISCIPLINA) VALUES(19, 30, 3);
INSERT INTO "STI"."USER"."objeto_disciplina" (ID, ID_OBJETO, ID_DISCIPLINA) VALUES(20, 31, 3);
INSERT INTO "STI"."USER"."objeto_disciplina" (ID, ID_OBJETO, ID_DISCIPLINA) VALUES(21, 32, 3);
INSERT INTO "STI"."USER"."objeto_disciplina" (ID, ID_OBJETO, ID_DISCIPLINA) VALUES(22, 33, 3);
INSERT INTO "STI"."USER"."objeto_disciplina" (ID, ID_OBJETO, ID_DISCIPLINA) VALUES(23, 34, 3);
INSERT INTO "STI"."USER"."objeto_disciplina" (ID, ID_OBJETO, ID_DISCIPLINA) VALUES(24, 35, 3);
INSERT INTO "STI"."USER"."objeto_disciplina" (ID, ID_OBJETO, ID_DISCIPLINA) VALUES(25, 36, 3);
INSERT INTO "STI"."USER"."objeto_disciplina" (ID, ID_OBJETO, ID_DISCIPLINA) VALUES(26, 37, 3);
INSERT INTO "STI"."USER"."objeto_disciplina" (ID, ID_OBJETO, ID_DISCIPLINA) VALUES(0, 38, 3);
INSERT INTO "STI"."USER"."objeto_disciplina" (ID, ID_OBJETO, ID_DISCIPLINA) VALUES(28, 39, 3);
INSERT INTO "STI"."USER"."objeto_disciplina" (ID, ID_OBJETO, ID_DISCIPLINA) VALUES(29, 40, 3);
INSERT INTO "STI"."USER"."objeto_disciplina" (ID, ID_OBJETO, ID_DISCIPLINA) VALUES(30, 41, 3);
INSERT INTO "STI"."USER"."objeto_disciplina" (ID, ID_OBJETO, ID_DISCIPLINA) VALUES(31, 42, 3);
INSERT INTO "STI"."USER"."objeto_disciplina" (ID, ID_OBJETO, ID_DISCIPLINA) VALUES(32, 43, 3);
INSERT INTO "STI"."USER"."objeto_disciplina" (ID, ID_OBJETO, ID_DISCIPLINA) VALUES(33, 44, 3);
INSERT INTO "STI"."USER"."objeto_disciplina" (ID, ID_OBJETO, ID_DISCIPLINA) VALUES(34, 45, 3);
INSERT INTO "STI"."USER"."objeto_disciplina" (ID, ID_OBJETO, ID_DISCIPLINA) VALUES(35, 46, 3);
INSERT INTO "STI"."USER"."objeto_disciplina" (ID, ID_OBJETO, ID_DISCIPLINA) VALUES(36, 47, 3);
INSERT INTO "STI"."USER"."objeto_disciplina" (ID, ID_OBJETO, ID_DISCIPLINA) VALUES(37, 48, 3);
INSERT INTO "STI"."USER"."objeto_disciplina" (ID, ID_OBJETO, ID_DISCIPLINA) VALUES(38, 49, 3);
INSERT INTO "STI"."USER"."objeto_disciplina" (ID, ID_OBJETO, ID_DISCIPLINA) VALUES(39, 50, 3);
INSERT INTO "STI"."USER"."objeto_disciplina" (ID, ID_OBJETO, ID_DISCIPLINA) VALUES(40, 51, 3);
INSERT INTO "STI"."USER"."objeto_disciplina" (ID, ID_OBJETO, ID_DISCIPLINA) VALUES(41, 52, 3);
INSERT INTO "STI"."USER"."objeto_disciplina" (ID, ID_OBJETO, ID_DISCIPLINA) VALUES(42, 53, 3);
INSERT INTO "STI"."USER"."objeto_disciplina" (ID, ID_OBJETO, ID_DISCIPLINA) VALUES(43, 54, 3);
INSERT INTO "STI"."USER"."objeto_disciplina" (ID, ID_OBJETO, ID_DISCIPLINA) VALUES(44, 55, 3);
INSERT INTO "STI"."USER"."objeto_disciplina" (ID, ID_OBJETO, ID_DISCIPLINA) VALUES(45, 56, 3);
INSERT INTO "STI"."USER"."objeto_disciplina" (ID, ID_OBJETO, ID_DISCIPLINA) VALUES(46, 57, 3);
INSERT INTO "STI"."USER"."objeto_disciplina" (ID, ID_OBJETO, ID_DISCIPLINA) VALUES(47, 58, 3);
INSERT INTO "STI"."USER"."objeto_disciplina" (ID, ID_OBJETO, ID_DISCIPLINA) VALUES(48, 59, 3);
INSERT INTO "STI"."USER"."objeto_disciplina" (ID, ID_OBJETO, ID_DISCIPLINA) VALUES(49, 60, 3);
INSERT INTO "STI"."USER"."objeto_disciplina" (ID, ID_OBJETO, ID_DISCIPLINA) VALUES(50, 61, 3);
INSERT INTO "STI"."USER"."objeto_disciplina" (ID, ID_OBJETO, ID_DISCIPLINA) VALUES(51, 62, 3);
INSERT INTO "STI"."USER"."objeto_disciplina" (ID, ID_OBJETO, ID_DISCIPLINA) VALUES(52, 63, 3);
INSERT INTO "STI"."USER"."objeto_disciplina" (ID, ID_OBJETO, ID_DISCIPLINA) VALUES(53, 64, 3);
INSERT INTO "STI"."USER"."objeto_disciplina" (ID, ID_OBJETO, ID_DISCIPLINA) VALUES(54, 65, 3);
INSERT INTO "STI"."USER"."objeto_disciplina" (ID, ID_OBJETO, ID_DISCIPLINA) VALUES(55, 66, 3);
INSERT INTO "STI"."USER"."objeto_disciplina" (ID, ID_OBJETO, ID_DISCIPLINA) VALUES(56, 67, 3);
INSERT INTO "STI"."USER"."objeto_disciplina" (ID, ID_OBJETO, ID_DISCIPLINA) VALUES(57, 72, 3);
INSERT INTO "STI"."USER"."objeto_disciplina" (ID, ID_OBJETO, ID_DISCIPLINA) VALUES(58, 73, 3);
INSERT INTO "STI"."USER"."objeto_disciplina" (ID, ID_OBJETO, ID_DISCIPLINA) VALUES(59, 74, 3);
INSERT INTO "STI"."USER"."objeto_disciplina" (ID, ID_OBJETO, ID_DISCIPLINA) VALUES(60, 75, 3);
INSERT INTO "STI"."USER"."objeto_disciplina" (ID, ID_OBJETO, ID_DISCIPLINA) VALUES(61, 76, 3);
INSERT INTO "STI"."USER"."objeto_disciplina" (ID, ID_OBJETO, ID_DISCIPLINA) VALUES(62, 77, 3);
INSERT INTO "STI"."USER"."objeto_disciplina" (ID, ID_OBJETO, ID_DISCIPLINA) VALUES(63, 78, 3);
INSERT INTO "STI"."USER"."objeto_disciplina" (ID, ID_OBJETO, ID_DISCIPLINA) VALUES(64, 79, 3);
INSERT INTO "STI"."USER"."objeto_disciplina" (ID, ID_OBJETO, ID_DISCIPLINA) VALUES(65, 80, 3);
INSERT INTO "STI"."USER"."objeto_disciplina" (ID, ID_OBJETO, ID_DISCIPLINA) VALUES(66, 81, 3);

INSERT INTO "STI"."USER"."objeto_subarea" (ID_OBJETO, ID_SUBAREA) VALUES(1, 58);
INSERT INTO "STI"."USER"."objeto_subarea" (ID_OBJETO, ID_SUBAREA) VALUES(1, 58);
INSERT INTO "STI"."USER"."objeto_subarea" (ID_OBJETO, ID_SUBAREA) VALUES(1, 59);
INSERT INTO "STI"."USER"."objeto_subarea" (ID_OBJETO, ID_SUBAREA) VALUES(1, 59);
INSERT INTO "STI"."USER"."objeto_subarea" (ID_OBJETO, ID_SUBAREA) VALUES(2, 58);
INSERT INTO "STI"."USER"."objeto_subarea" (ID_OBJETO, ID_SUBAREA) VALUES(2, 58);
INSERT INTO "STI"."USER"."objeto_subarea" (ID_OBJETO, ID_SUBAREA) VALUES(2, 59);
INSERT INTO "STI"."USER"."objeto_subarea" (ID_OBJETO, ID_SUBAREA) VALUES(2, 59);

INSERT INTO "STI"."USER"."orav" (ID_ORAV, ID_OBJETO, ID_RELACAO, ID_ATRIBUTO, ID_VALOR, ID_PROXIMO, PROBABILIDADE, TEMPO, DATA) VALUES(1, 1, 0, 1, 1, NULL, NULL, NULL, '2011-05-30');
INSERT INTO "STI"."USER"."orav" (ID_ORAV, ID_OBJETO, ID_RELACAO, ID_ATRIBUTO, ID_VALOR, ID_PROXIMO, PROBABILIDADE, TEMPO, DATA) VALUES(2, 1, 0, 1, 2, NULL, NULL, NULL, '2011-05-30');
INSERT INTO "STI"."USER"."orav" (ID_ORAV, ID_OBJETO, ID_RELACAO, ID_ATRIBUTO, ID_VALOR, ID_PROXIMO, PROBABILIDADE, TEMPO, DATA) VALUES(3, 1, 0, 2, 3, NULL, NULL, NULL, '2011-05-30');
INSERT INTO "STI"."USER"."orav" (ID_ORAV, ID_OBJETO, ID_RELACAO, ID_ATRIBUTO, ID_VALOR, ID_PROXIMO, PROBABILIDADE, TEMPO, DATA) VALUES(4, 1, 0, 2, 4, NULL, NULL, NULL, '2011-05-30');
INSERT INTO "STI"."USER"."orav" (ID_ORAV, ID_OBJETO, ID_RELACAO, ID_ATRIBUTO, ID_VALOR, ID_PROXIMO, PROBABILIDADE, TEMPO, DATA) VALUES(5, 1, 0, 2, 5, NULL, NULL, NULL, '2011-05-30');
INSERT INTO "STI"."USER"."orav" (ID_ORAV, ID_OBJETO, ID_RELACAO, ID_ATRIBUTO, ID_VALOR, ID_PROXIMO, PROBABILIDADE, TEMPO, DATA) VALUES(6, 1, 0, 2, 6, NULL, NULL, NULL, '2011-05-30');
INSERT INTO "STI"."USER"."orav" (ID_ORAV, ID_OBJETO, ID_RELACAO, ID_ATRIBUTO, ID_VALOR, ID_PROXIMO, PROBABILIDADE, TEMPO, DATA) VALUES(7, 1, 0, 2, 7, NULL, NULL, NULL, '2011-05-30');
INSERT INTO "STI"."USER"."orav" (ID_ORAV, ID_OBJETO, ID_RELACAO, ID_ATRIBUTO, ID_VALOR, ID_PROXIMO, PROBABILIDADE, TEMPO, DATA) VALUES(8, 1, 0, 2, 8, NULL, NULL, NULL, '2011-05-30');
INSERT INTO "STI"."USER"."orav" (ID_ORAV, ID_OBJETO, ID_RELACAO, ID_ATRIBUTO, ID_VALOR, ID_PROXIMO, PROBABILIDADE, TEMPO, DATA) VALUES(9, 1, 0, 2, 9, NULL, NULL, NULL, '2011-05-30');
INSERT INTO "STI"."USER"."orav" (ID_ORAV, ID_OBJETO, ID_RELACAO, ID_ATRIBUTO, ID_VALOR, ID_PROXIMO, PROBABILIDADE, TEMPO, DATA) VALUES(10, 1, 0, 2, 24, NULL, NULL, NULL, '2011-05-30');
INSERT INTO "STI"."USER"."orav" (ID_ORAV, ID_OBJETO, ID_RELACAO, ID_ATRIBUTO, ID_VALOR, ID_PROXIMO, PROBABILIDADE, TEMPO, DATA) VALUES(11, 1, 0, 2, 25, NULL, NULL, NULL, '2011-05-30');
INSERT INTO "STI"."USER"."orav" (ID_ORAV, ID_OBJETO, ID_RELACAO, ID_ATRIBUTO, ID_VALOR, ID_PROXIMO, PROBABILIDADE, TEMPO, DATA) VALUES(12, 0, 1, 3, 20, NULL, NULL, NULL, '2011-06-20');
INSERT INTO "STI"."USER"."orav" (ID_ORAV, ID_OBJETO, ID_RELACAO, ID_ATRIBUTO, ID_VALOR, ID_PROXIMO, PROBABILIDADE, TEMPO, DATA) VALUES(13, 0, 1, 3, 21, NULL, NULL, NULL, '2011-06-20');
INSERT INTO "STI"."USER"."orav" (ID_ORAV, ID_OBJETO, ID_RELACAO, ID_ATRIBUTO, ID_VALOR, ID_PROXIMO, PROBABILIDADE, TEMPO, DATA) VALUES(14, 0, 1, 3, 18, NULL, NULL, NULL, '2011-06-20');
INSERT INTO "STI"."USER"."orav" (ID_ORAV, ID_OBJETO, ID_RELACAO, ID_ATRIBUTO, ID_VALOR, ID_PROXIMO, PROBABILIDADE, TEMPO, DATA) VALUES(15, 0, 1, 3, 19, NULL, NULL, NULL, '2011-06-20');
INSERT INTO "STI"."USER"."orav" (ID_ORAV, ID_OBJETO, ID_RELACAO, ID_ATRIBUTO, ID_VALOR, ID_PROXIMO, PROBABILIDADE, TEMPO, DATA) VALUES(16, 0, 1, 3, 26, NULL, NULL, NULL, '2011-06-20');
INSERT INTO "STI"."USER"."orav" (ID_ORAV, ID_OBJETO, ID_RELACAO, ID_ATRIBUTO, ID_VALOR, ID_PROXIMO, PROBABILIDADE, TEMPO, DATA) VALUES(17, 0, 1, 3, 27, NULL, NULL, NULL, '2011-06-20');
INSERT INTO "STI"."USER"."orav" (ID_ORAV, ID_OBJETO, ID_RELACAO, ID_ATRIBUTO, ID_VALOR, ID_PROXIMO, PROBABILIDADE, TEMPO, DATA) VALUES(18, 2, 0, 1, 10, NULL, NULL, NULL, '2011-06-29');
INSERT INTO "STI"."USER"."orav" (ID_ORAV, ID_OBJETO, ID_RELACAO, ID_ATRIBUTO, ID_VALOR, ID_PROXIMO, PROBABILIDADE, TEMPO, DATA) VALUES(19, 2, 0, 1, 11, NULL, NULL, NULL, '2011-06-29');
INSERT INTO "STI"."USER"."orav" (ID_ORAV, ID_OBJETO, ID_RELACAO, ID_ATRIBUTO, ID_VALOR, ID_PROXIMO, PROBABILIDADE, TEMPO, DATA) VALUES(20, 2, 0, 1, 12, NULL, NULL, NULL, '2011-06-29');
INSERT INTO "STI"."USER"."orav" (ID_ORAV, ID_OBJETO, ID_RELACAO, ID_ATRIBUTO, ID_VALOR, ID_PROXIMO, PROBABILIDADE, TEMPO, DATA) VALUES(21, 2, 0, 1, 12, NULL, NULL, NULL, '2011-06-29');
INSERT INTO "STI"."USER"."orav" (ID_ORAV, ID_OBJETO, ID_RELACAO, ID_ATRIBUTO, ID_VALOR, ID_PROXIMO, PROBABILIDADE, TEMPO, DATA) VALUES(22, 2, 0, 1, 13, NULL, NULL, NULL, '2011-06-29');
INSERT INTO "STI"."USER"."orav" (ID_ORAV, ID_OBJETO, ID_RELACAO, ID_ATRIBUTO, ID_VALOR, ID_PROXIMO, PROBABILIDADE, TEMPO, DATA) VALUES(23, 2, 0, 2, 14, NULL, NULL, NULL, '2011-07-12');
INSERT INTO "STI"."USER"."orav" (ID_ORAV, ID_OBJETO, ID_RELACAO, ID_ATRIBUTO, ID_VALOR, ID_PROXIMO, PROBABILIDADE, TEMPO, DATA) VALUES(24, 2, 0, 2, 15, NULL, NULL, NULL, '2011-07-12');
INSERT INTO "STI"."USER"."orav" (ID_ORAV, ID_OBJETO, ID_RELACAO, ID_ATRIBUTO, ID_VALOR, ID_PROXIMO, PROBABILIDADE, TEMPO, DATA) VALUES(25, 2, 0, 2, 16, NULL, NULL, NULL, '2011-07-12');
INSERT INTO "STI"."USER"."orav" (ID_ORAV, ID_OBJETO, ID_RELACAO, ID_ATRIBUTO, ID_VALOR, ID_PROXIMO, PROBABILIDADE, TEMPO, DATA) VALUES(26, 2, 0, 2, 17, NULL, NULL, NULL, '2011-07-12');
INSERT INTO "STI"."USER"."orav" (ID_ORAV, ID_OBJETO, ID_RELACAO, ID_ATRIBUTO, ID_VALOR, ID_PROXIMO, PROBABILIDADE, TEMPO, DATA) VALUES(27, 3, 0, 1, 28, NULL, NULL, NULL, '2011-09-20');
INSERT INTO "STI"."USER"."orav" (ID_ORAV, ID_OBJETO, ID_RELACAO, ID_ATRIBUTO, ID_VALOR, ID_PROXIMO, PROBABILIDADE, TEMPO, DATA) VALUES(28, 4, 0, 1, 29, NULL, NULL, NULL, '2011-09-21');
INSERT INTO "STI"."USER"."orav" (ID_ORAV, ID_OBJETO, ID_RELACAO, ID_ATRIBUTO, ID_VALOR, ID_PROXIMO, PROBABILIDADE, TEMPO, DATA) VALUES(29, 5, 0, 1, 30, NULL, NULL, NULL, '2011-09-21');
INSERT INTO "STI"."USER"."orav" (ID_ORAV, ID_OBJETO, ID_RELACAO, ID_ATRIBUTO, ID_VALOR, ID_PROXIMO, PROBABILIDADE, TEMPO, DATA) VALUES(30, 3, 0, 22, 31, NULL, NULL, NULL, '2011-10-25');
INSERT INTO "STI"."USER"."orav" (ID_ORAV, ID_OBJETO, ID_RELACAO, ID_ATRIBUTO, ID_VALOR, ID_PROXIMO, PROBABILIDADE, TEMPO, DATA) VALUES(31, 3, 0, 22, 32, NULL, NULL, NULL, '2011-10-25');
INSERT INTO "STI"."USER"."orav" (ID_ORAV, ID_OBJETO, ID_RELACAO, ID_ATRIBUTO, ID_VALOR, ID_PROXIMO, PROBABILIDADE, TEMPO, DATA) VALUES(32, 3, 0, 22, 33, NULL, NULL, NULL, '2011-10-27');
INSERT INTO "STI"."USER"."orav" (ID_ORAV, ID_OBJETO, ID_RELACAO, ID_ATRIBUTO, ID_VALOR, ID_PROXIMO, PROBABILIDADE, TEMPO, DATA) VALUES(33, 3, 0, 22, 34, NULL, NULL, NULL, '2011-10-27');
INSERT INTO "STI"."USER"."orav" (ID_ORAV, ID_OBJETO, ID_RELACAO, ID_ATRIBUTO, ID_VALOR, ID_PROXIMO, PROBABILIDADE, TEMPO, DATA) VALUES(34, 3, 0, 22, 35, NULL, NULL, NULL, '2011-10-27');
INSERT INTO "STI"."USER"."orav" (ID_ORAV, ID_OBJETO, ID_RELACAO, ID_ATRIBUTO, ID_VALOR, ID_PROXIMO, PROBABILIDADE, TEMPO, DATA) VALUES(35, 3, 0, 22, 36, NULL, NULL, NULL, '2011-10-27');
INSERT INTO "STI"."USER"."orav" (ID_ORAV, ID_OBJETO, ID_RELACAO, ID_ATRIBUTO, ID_VALOR, ID_PROXIMO, PROBABILIDADE, TEMPO, DATA) VALUES(36, 1, 0, 1, 37, NULL, NULL, NULL, '2012-02-08');
INSERT INTO "STI"."USER"."orav" (ID_ORAV, ID_OBJETO, ID_RELACAO, ID_ATRIBUTO, ID_VALOR, ID_PROXIMO, PROBABILIDADE, TEMPO, DATA) VALUES(37, 1, 0, 4, 38, NULL, NULL, NULL, '2012-02-08');
INSERT INTO "STI"."USER"."orav" (ID_ORAV, ID_OBJETO, ID_RELACAO, ID_ATRIBUTO, ID_VALOR, ID_PROXIMO, PROBABILIDADE, TEMPO, DATA) VALUES(38, 1, 0, 4, 39, NULL, NULL, NULL, '2012-02-08');
INSERT INTO "STI"."USER"."orav" (ID_ORAV, ID_OBJETO, ID_RELACAO, ID_ATRIBUTO, ID_VALOR, ID_PROXIMO, PROBABILIDADE, TEMPO, DATA) VALUES(39, 2, 0, 1, 40, NULL, NULL, NULL, '2012-02-08');
INSERT INTO "STI"."USER"."orav" (ID_ORAV, ID_OBJETO, ID_RELACAO, ID_ATRIBUTO, ID_VALOR, ID_PROXIMO, PROBABILIDADE, TEMPO, DATA) VALUES(40, 2, 0, 4, 41, NULL, NULL, NULL, '2012-02-08');
INSERT INTO "STI"."USER"."orav" (ID_ORAV, ID_OBJETO, ID_RELACAO, ID_ATRIBUTO, ID_VALOR, ID_PROXIMO, PROBABILIDADE, TEMPO, DATA) VALUES(41, 0, 1, 3, 42, NULL, NULL, NULL, '2012-02-08');
INSERT INTO "STI"."USER"."orav" (ID_ORAV, ID_OBJETO, ID_RELACAO, ID_ATRIBUTO, ID_VALOR, ID_PROXIMO, PROBABILIDADE, TEMPO, DATA) VALUES(42, 3, 0, 1, 43, NULL, NULL, NULL, '2012-02-08');
INSERT INTO "STI"."USER"."orav" (ID_ORAV, ID_OBJETO, ID_RELACAO, ID_ATRIBUTO, ID_VALOR, ID_PROXIMO, PROBABILIDADE, TEMPO, DATA) VALUES(43, 3, 0, 4, 44, NULL, NULL, NULL, '2012-02-08');
INSERT INTO "STI"."USER"."orav" (ID_ORAV, ID_OBJETO, ID_RELACAO, ID_ATRIBUTO, ID_VALOR, ID_PROXIMO, PROBABILIDADE, TEMPO, DATA) VALUES(44, 0, 2, 14, 45, NULL, NULL, NULL, '2012-10-01');
INSERT INTO "STI"."USER"."orav" (ID_ORAV, ID_OBJETO, ID_RELACAO, ID_ATRIBUTO, ID_VALOR, ID_PROXIMO, PROBABILIDADE, TEMPO, DATA) VALUES(45, 15, 0, 1, 46, NULL, NULL, NULL, '2012-10-23');
INSERT INTO "STI"."USER"."orav" (ID_ORAV, ID_OBJETO, ID_RELACAO, ID_ATRIBUTO, ID_VALOR, ID_PROXIMO, PROBABILIDADE, TEMPO, DATA) VALUES(46, 15, 0, 4, 47, NULL, NULL, NULL, '2012-10-23');
INSERT INTO "STI"."USER"."orav" (ID_ORAV, ID_OBJETO, ID_RELACAO, ID_ATRIBUTO, ID_VALOR, ID_PROXIMO, PROBABILIDADE, TEMPO, DATA) VALUES(47, 16, 0, 1, 48, NULL, NULL, NULL, '2012-10-23');
INSERT INTO "STI"."USER"."orav" (ID_ORAV, ID_OBJETO, ID_RELACAO, ID_ATRIBUTO, ID_VALOR, ID_PROXIMO, PROBABILIDADE, TEMPO, DATA) VALUES(48, 16, 0, 4, 49, NULL, NULL, NULL, '2012-10-23');
INSERT INTO "STI"."USER"."orav" (ID_ORAV, ID_OBJETO, ID_RELACAO, ID_ATRIBUTO, ID_VALOR, ID_PROXIMO, PROBABILIDADE, TEMPO, DATA) VALUES(49, 16, 0, 2, 50, NULL, NULL, NULL, '2012-10-23');
INSERT INTO "STI"."USER"."orav" (ID_ORAV, ID_OBJETO, ID_RELACAO, ID_ATRIBUTO, ID_VALOR, ID_PROXIMO, PROBABILIDADE, TEMPO, DATA) VALUES(50, 16, 0, 2, 51, NULL, NULL, NULL, '2012-10-23');
INSERT INTO "STI"."USER"."orav" (ID_ORAV, ID_OBJETO, ID_RELACAO, ID_ATRIBUTO, ID_VALOR, ID_PROXIMO, PROBABILIDADE, TEMPO, DATA) VALUES(51, 16, 0, 2, 52, NULL, NULL, NULL, '2012-10-23');
INSERT INTO "STI"."USER"."orav" (ID_ORAV, ID_OBJETO, ID_RELACAO, ID_ATRIBUTO, ID_VALOR, ID_PROXIMO, PROBABILIDADE, TEMPO, DATA) VALUES(52, 16, 0, 2, 53, NULL, NULL, NULL, '2012-10-23');
INSERT INTO "STI"."USER"."orav" (ID_ORAV, ID_OBJETO, ID_RELACAO, ID_ATRIBUTO, ID_VALOR, ID_PROXIMO, PROBABILIDADE, TEMPO, DATA) VALUES(53, 17, 0, 1, 54, NULL, NULL, NULL, '2012-10-23');
INSERT INTO "STI"."USER"."orav" (ID_ORAV, ID_OBJETO, ID_RELACAO, ID_ATRIBUTO, ID_VALOR, ID_PROXIMO, PROBABILIDADE, TEMPO, DATA) VALUES(54, 17, 0, 4, 55, NULL, NULL, NULL, '2012-10-23');
INSERT INTO "STI"."USER"."orav" (ID_ORAV, ID_OBJETO, ID_RELACAO, ID_ATRIBUTO, ID_VALOR, ID_PROXIMO, PROBABILIDADE, TEMPO, DATA) VALUES(55, 17, 0, 2, 56, NULL, NULL, NULL, '2012-10-23');
INSERT INTO "STI"."USER"."orav" (ID_ORAV, ID_OBJETO, ID_RELACAO, ID_ATRIBUTO, ID_VALOR, ID_PROXIMO, PROBABILIDADE, TEMPO, DATA) VALUES(56, 17, 0, 2, 57, NULL, NULL, NULL, '2012-10-23');
INSERT INTO "STI"."USER"."orav" (ID_ORAV, ID_OBJETO, ID_RELACAO, ID_ATRIBUTO, ID_VALOR, ID_PROXIMO, PROBABILIDADE, TEMPO, DATA) VALUES(57, 2, 0, 22, 58, NULL, NULL, NULL, '2012-10-23');
INSERT INTO "STI"."USER"."orav" (ID_ORAV, ID_OBJETO, ID_RELACAO, ID_ATRIBUTO, ID_VALOR, ID_PROXIMO, PROBABILIDADE, TEMPO, DATA) VALUES(58, 2, 0, 22, 59, NULL, NULL, NULL, '2012-10-23');
INSERT INTO "STI"."USER"."orav" (ID_ORAV, ID_OBJETO, ID_RELACAO, ID_ATRIBUTO, ID_VALOR, ID_PROXIMO, PROBABILIDADE, TEMPO, DATA) VALUES(59, 1, 0, 5, 60, NULL, NULL, NULL, '2012-10-24');
INSERT INTO "STI"."USER"."orav" (ID_ORAV, ID_OBJETO, ID_RELACAO, ID_ATRIBUTO, ID_VALOR, ID_PROXIMO, PROBABILIDADE, TEMPO, DATA) VALUES(60, 2, 0, 5, 60, NULL, NULL, NULL, '2012-10-24');
INSERT INTO "STI"."USER"."orav" (ID_ORAV, ID_OBJETO, ID_RELACAO, ID_ATRIBUTO, ID_VALOR, ID_PROXIMO, PROBABILIDADE, TEMPO, DATA) VALUES(61, 3, 0, 5, 60, NULL, NULL, NULL, '2012-10-24');
INSERT INTO "STI"."USER"."orav" (ID_ORAV, ID_OBJETO, ID_RELACAO, ID_ATRIBUTO, ID_VALOR, ID_PROXIMO, PROBABILIDADE, TEMPO, DATA) VALUES(62, 1, 0, 5, 61, NULL, NULL, NULL, '2012-10-24');
INSERT INTO "STI"."USER"."orav" (ID_ORAV, ID_OBJETO, ID_RELACAO, ID_ATRIBUTO, ID_VALOR, ID_PROXIMO, PROBABILIDADE, TEMPO, DATA) VALUES(63, 2, 0, 5, 61, NULL, NULL, NULL, '2012-10-24');
INSERT INTO "STI"."USER"."orav" (ID_ORAV, ID_OBJETO, ID_RELACAO, ID_ATRIBUTO, ID_VALOR, ID_PROXIMO, PROBABILIDADE, TEMPO, DATA) VALUES(64, 3, 0, 5, 61, NULL, NULL, NULL, '2012-10-24');
INSERT INTO "STI"."USER"."orav" (ID_ORAV, ID_OBJETO, ID_RELACAO, ID_ATRIBUTO, ID_VALOR, ID_PROXIMO, PROBABILIDADE, TEMPO, DATA) VALUES(65, 1, 0, 5, 62, NULL, NULL, NULL, '2012-10-24');
INSERT INTO "STI"."USER"."orav" (ID_ORAV, ID_OBJETO, ID_RELACAO, ID_ATRIBUTO, ID_VALOR, ID_PROXIMO, PROBABILIDADE, TEMPO, DATA) VALUES(66, 2, 0, 5, 62, NULL, NULL, NULL, '2012-10-24');
INSERT INTO "STI"."USER"."orav" (ID_ORAV, ID_OBJETO, ID_RELACAO, ID_ATRIBUTO, ID_VALOR, ID_PROXIMO, PROBABILIDADE, TEMPO, DATA) VALUES(67, 3, 0, 5, 62, NULL, NULL, NULL, '2012-10-24');
INSERT INTO "STI"."USER"."orav" (ID_ORAV, ID_OBJETO, ID_RELACAO, ID_ATRIBUTO, ID_VALOR, ID_PROXIMO, PROBABILIDADE, TEMPO, DATA) VALUES(68, 30, 0, 1, 63, NULL, NULL, NULL, '2014-06-05');
INSERT INTO "STI"."USER"."orav" (ID_ORAV, ID_OBJETO, ID_RELACAO, ID_ATRIBUTO, ID_VALOR, ID_PROXIMO, PROBABILIDADE, TEMPO, DATA) VALUES(69, 24, 0, 32, 64, NULL, NULL, NULL, '2014-06-05');
INSERT INTO "STI"."USER"."orav" (ID_ORAV, ID_OBJETO, ID_RELACAO, ID_ATRIBUTO, ID_VALOR, ID_PROXIMO, PROBABILIDADE, TEMPO, DATA) VALUES(70, 24, 0, 32, 65, NULL, NULL, NULL, '2014-06-05');
INSERT INTO "STI"."USER"."orav" (ID_ORAV, ID_OBJETO, ID_RELACAO, ID_ATRIBUTO, ID_VALOR, ID_PROXIMO, PROBABILIDADE, TEMPO, DATA) VALUES(71, 24, 0, 32, 66, NULL, NULL, NULL, '2014-06-05');
INSERT INTO "STI"."USER"."orav" (ID_ORAV, ID_OBJETO, ID_RELACAO, ID_ATRIBUTO, ID_VALOR, ID_PROXIMO, PROBABILIDADE, TEMPO, DATA) VALUES(72, 21, 0, 1, 67, NULL, NULL, NULL, '2014-06-06');
INSERT INTO "STI"."USER"."orav" (ID_ORAV, ID_OBJETO, ID_RELACAO, ID_ATRIBUTO, ID_VALOR, ID_PROXIMO, PROBABILIDADE, TEMPO, DATA) VALUES(73, 22, 0, 1, 68, NULL, NULL, NULL, '2014-06-06');
INSERT INTO "STI"."USER"."orav" (ID_ORAV, ID_OBJETO, ID_RELACAO, ID_ATRIBUTO, ID_VALOR, ID_PROXIMO, PROBABILIDADE, TEMPO, DATA) VALUES(74, 23, 0, 1, 69, NULL, NULL, NULL, '2014-06-06');
INSERT INTO "STI"."USER"."orav" (ID_ORAV, ID_OBJETO, ID_RELACAO, ID_ATRIBUTO, ID_VALOR, ID_PROXIMO, PROBABILIDADE, TEMPO, DATA) VALUES(75, 25, 0, 1, 70, NULL, NULL, NULL, '2014-06-06');
INSERT INTO "STI"."USER"."orav" (ID_ORAV, ID_OBJETO, ID_RELACAO, ID_ATRIBUTO, ID_VALOR, ID_PROXIMO, PROBABILIDADE, TEMPO, DATA) VALUES(76, 24, 0, 1, 71, NULL, NULL, NULL, '2014-06-06');
INSERT INTO "STI"."USER"."orav" (ID_ORAV, ID_OBJETO, ID_RELACAO, ID_ATRIBUTO, ID_VALOR, ID_PROXIMO, PROBABILIDADE, TEMPO, DATA) VALUES(77, 26, 0, 1, 72, NULL, NULL, NULL, '2014-06-06');
INSERT INTO "STI"."USER"."orav" (ID_ORAV, ID_OBJETO, ID_RELACAO, ID_ATRIBUTO, ID_VALOR, ID_PROXIMO, PROBABILIDADE, TEMPO, DATA) VALUES(78, 24, 0, 2, 73, NULL, NULL, NULL, '2014-06-06');
INSERT INTO "STI"."USER"."orav" (ID_ORAV, ID_OBJETO, ID_RELACAO, ID_ATRIBUTO, ID_VALOR, ID_PROXIMO, PROBABILIDADE, TEMPO, DATA) VALUES(79, 25, 0, 2, 74, NULL, NULL, NULL, '2014-06-06');
INSERT INTO "STI"."USER"."orav" (ID_ORAV, ID_OBJETO, ID_RELACAO, ID_ATRIBUTO, ID_VALOR, ID_PROXIMO, PROBABILIDADE, TEMPO, DATA) VALUES(80, 26, 0, 2, 75, NULL, NULL, NULL, '2014-06-06');
INSERT INTO "STI"."USER"."orav" (ID_ORAV, ID_OBJETO, ID_RELACAO, ID_ATRIBUTO, ID_VALOR, ID_PROXIMO, PROBABILIDADE, TEMPO, DATA) VALUES(81, 21, 0, 2, 76, NULL, NULL, NULL, '2014-06-06');
INSERT INTO "STI"."USER"."orav" (ID_ORAV, ID_OBJETO, ID_RELACAO, ID_ATRIBUTO, ID_VALOR, ID_PROXIMO, PROBABILIDADE, TEMPO, DATA) VALUES(82, 21, 0, 2, 77, NULL, NULL, NULL, '2014-06-06');
INSERT INTO "STI"."USER"."orav" (ID_ORAV, ID_OBJETO, ID_RELACAO, ID_ATRIBUTO, ID_VALOR, ID_PROXIMO, PROBABILIDADE, TEMPO, DATA) VALUES(83, 22, 0, 2, 78, NULL, NULL, NULL, '2014-06-06');
INSERT INTO "STI"."USER"."orav" (ID_ORAV, ID_OBJETO, ID_RELACAO, ID_ATRIBUTO, ID_VALOR, ID_PROXIMO, PROBABILIDADE, TEMPO, DATA) VALUES(84, 22, 0, 2, 79, NULL, NULL, NULL, '2014-06-06');
INSERT INTO "STI"."USER"."orav" (ID_ORAV, ID_OBJETO, ID_RELACAO, ID_ATRIBUTO, ID_VALOR, ID_PROXIMO, PROBABILIDADE, TEMPO, DATA) VALUES(85, 35, 0, 1, 80, NULL, NULL, NULL, '2014-06-06');
INSERT INTO "STI"."USER"."orav" (ID_ORAV, ID_OBJETO, ID_RELACAO, ID_ATRIBUTO, ID_VALOR, ID_PROXIMO, PROBABILIDADE, TEMPO, DATA) VALUES(86, 21, 0, 53, 81, NULL, NULL, NULL, '2014-06-06');
INSERT INTO "STI"."USER"."orav" (ID_ORAV, ID_OBJETO, ID_RELACAO, ID_ATRIBUTO, ID_VALOR, ID_PROXIMO, PROBABILIDADE, TEMPO, DATA) VALUES(87, 21, 0, 53, 82, NULL, NULL, NULL, '2014-06-06');
INSERT INTO "STI"."USER"."orav" (ID_ORAV, ID_OBJETO, ID_RELACAO, ID_ATRIBUTO, ID_VALOR, ID_PROXIMO, PROBABILIDADE, TEMPO, DATA) VALUES(88, 21, 0, 53, 83, NULL, NULL, NULL, '2014-06-06');
INSERT INTO "STI"."USER"."orav" (ID_ORAV, ID_OBJETO, ID_RELACAO, ID_ATRIBUTO, ID_VALOR, ID_PROXIMO, PROBABILIDADE, TEMPO, DATA) VALUES(89, 21, 0, 53, 84, NULL, NULL, NULL, '2014-06-06');
INSERT INTO "STI"."USER"."orav" (ID_ORAV, ID_OBJETO, ID_RELACAO, ID_ATRIBUTO, ID_VALOR, ID_PROXIMO, PROBABILIDADE, TEMPO, DATA) VALUES(90, 21, 0, 53, 85, NULL, NULL, NULL, '2014-06-06');
INSERT INTO "STI"."USER"."orav" (ID_ORAV, ID_OBJETO, ID_RELACAO, ID_ATRIBUTO, ID_VALOR, ID_PROXIMO, PROBABILIDADE, TEMPO, DATA) VALUES(91, 29, 0, 1, 86, NULL, NULL, NULL, '2014-06-07');
INSERT INTO "STI"."USER"."orav" (ID_ORAV, ID_OBJETO, ID_RELACAO, ID_ATRIBUTO, ID_VALOR, ID_PROXIMO, PROBABILIDADE, TEMPO, DATA) VALUES(92, 31, 0, 1, 87, NULL, NULL, NULL, '2014-06-07');
INSERT INTO "STI"."USER"."orav" (ID_ORAV, ID_OBJETO, ID_RELACAO, ID_ATRIBUTO, ID_VALOR, ID_PROXIMO, PROBABILIDADE, TEMPO, DATA) VALUES(93, 20, 0, 54, 88, 211, NULL, NULL, '2014-06-07');
INSERT INTO "STI"."USER"."orav" (ID_ORAV, ID_OBJETO, ID_RELACAO, ID_ATRIBUTO, ID_VALOR, ID_PROXIMO, PROBABILIDADE, TEMPO, DATA) VALUES(94, 20, 0, 54, 89, 212, NULL, NULL, '2014-06-07');
INSERT INTO "STI"."USER"."orav" (ID_ORAV, ID_OBJETO, ID_RELACAO, ID_ATRIBUTO, ID_VALOR, ID_PROXIMO, PROBABILIDADE, TEMPO, DATA) VALUES(95, 28, 0, 55, 90, NULL, NULL, NULL, '2014-06-07');
INSERT INTO "STI"."USER"."orav" (ID_ORAV, ID_OBJETO, ID_RELACAO, ID_ATRIBUTO, ID_VALOR, ID_PROXIMO, PROBABILIDADE, TEMPO, DATA) VALUES(96, 28, 0, 55, 91, NULL, NULL, NULL, '2014-06-07');
INSERT INTO "STI"."USER"."orav" (ID_ORAV, ID_OBJETO, ID_RELACAO, ID_ATRIBUTO, ID_VALOR, ID_PROXIMO, PROBABILIDADE, TEMPO, DATA) VALUES(97, 28, 0, 55, 92, NULL, NULL, NULL, '2014-06-07');
INSERT INTO "STI"."USER"."orav" (ID_ORAV, ID_OBJETO, ID_RELACAO, ID_ATRIBUTO, ID_VALOR, ID_PROXIMO, PROBABILIDADE, TEMPO, DATA) VALUES(98, 28, 0, 55, 93, NULL, NULL, NULL, '2014-06-07');
INSERT INTO "STI"."USER"."orav" (ID_ORAV, ID_OBJETO, ID_RELACAO, ID_ATRIBUTO, ID_VALOR, ID_PROXIMO, PROBABILIDADE, TEMPO, DATA) VALUES(99, 28, 0, 55, 94, NULL, NULL, NULL, '2014-06-07');
INSERT INTO "STI"."USER"."orav" (ID_ORAV, ID_OBJETO, ID_RELACAO, ID_ATRIBUTO, ID_VALOR, ID_PROXIMO, PROBABILIDADE, TEMPO, DATA) VALUES(100, 28, 0, 55, 95, NULL, NULL, NULL, '2014-06-07');
INSERT INTO "STI"."USER"."orav" (ID_ORAV, ID_OBJETO, ID_RELACAO, ID_ATRIBUTO, ID_VALOR, ID_PROXIMO, PROBABILIDADE, TEMPO, DATA) VALUES(101, 28, 0, 55, 96, NULL, NULL, NULL, '2014-06-07');
INSERT INTO "STI"."USER"."orav" (ID_ORAV, ID_OBJETO, ID_RELACAO, ID_ATRIBUTO, ID_VALOR, ID_PROXIMO, PROBABILIDADE, TEMPO, DATA) VALUES(102, 28, 0, 55, 97, NULL, NULL, NULL, '2014-06-07');
INSERT INTO "STI"."USER"."orav" (ID_ORAV, ID_OBJETO, ID_RELACAO, ID_ATRIBUTO, ID_VALOR, ID_PROXIMO, PROBABILIDADE, TEMPO, DATA) VALUES(103, 22, 0, 53, 98, NULL, NULL, NULL, '2014-06-07');
INSERT INTO "STI"."USER"."orav" (ID_ORAV, ID_OBJETO, ID_RELACAO, ID_ATRIBUTO, ID_VALOR, ID_PROXIMO, PROBABILIDADE, TEMPO, DATA) VALUES(104, 22, 0, 53, 99, NULL, NULL, NULL, '2014-06-07');
INSERT INTO "STI"."USER"."orav" (ID_ORAV, ID_OBJETO, ID_RELACAO, ID_ATRIBUTO, ID_VALOR, ID_PROXIMO, PROBABILIDADE, TEMPO, DATA) VALUES(105, 22, 0, 53, 100, NULL, NULL, NULL, '2014-06-07');
INSERT INTO "STI"."USER"."orav" (ID_ORAV, ID_OBJETO, ID_RELACAO, ID_ATRIBUTO, ID_VALOR, ID_PROXIMO, PROBABILIDADE, TEMPO, DATA) VALUES(106, 22, 0, 53, 101, NULL, NULL, NULL, '2014-06-07');
INSERT INTO "STI"."USER"."orav" (ID_ORAV, ID_OBJETO, ID_RELACAO, ID_ATRIBUTO, ID_VALOR, ID_PROXIMO, PROBABILIDADE, TEMPO, DATA) VALUES(107, 22, 0, 53, 102, NULL, NULL, NULL, '2014-06-07');
INSERT INTO "STI"."USER"."orav" (ID_ORAV, ID_OBJETO, ID_RELACAO, ID_ATRIBUTO, ID_VALOR, ID_PROXIMO, PROBABILIDADE, TEMPO, DATA) VALUES(108, 22, 0, 53, 103, NULL, NULL, NULL, '2014-06-07');
INSERT INTO "STI"."USER"."orav" (ID_ORAV, ID_OBJETO, ID_RELACAO, ID_ATRIBUTO, ID_VALOR, ID_PROXIMO, PROBABILIDADE, TEMPO, DATA) VALUES(109, 36, 0, 1, 104, NULL, NULL, NULL, '2014-06-08');
INSERT INTO "STI"."USER"."orav" (ID_ORAV, ID_OBJETO, ID_RELACAO, ID_ATRIBUTO, ID_VALOR, ID_PROXIMO, PROBABILIDADE, TEMPO, DATA) VALUES(110, 36, 0, 4, 105, NULL, NULL, NULL, '2014-06-08');
INSERT INTO "STI"."USER"."orav" (ID_ORAV, ID_OBJETO, ID_RELACAO, ID_ATRIBUTO, ID_VALOR, ID_PROXIMO, PROBABILIDADE, TEMPO, DATA) VALUES(111, 0, 3, 14, 106, NULL, NULL, NULL, '2014-06-08');
INSERT INTO "STI"."USER"."orav" (ID_ORAV, ID_OBJETO, ID_RELACAO, ID_ATRIBUTO, ID_VALOR, ID_PROXIMO, PROBABILIDADE, TEMPO, DATA) VALUES(112, 0, 4, 14, 107, NULL, NULL, NULL, '2014-06-08');
INSERT INTO "STI"."USER"."orav" (ID_ORAV, ID_OBJETO, ID_RELACAO, ID_ATRIBUTO, ID_VALOR, ID_PROXIMO, PROBABILIDADE, TEMPO, DATA) VALUES(113, 0, 5, 14, 108, NULL, NULL, NULL, '2014-06-08');
INSERT INTO "STI"."USER"."orav" (ID_ORAV, ID_OBJETO, ID_RELACAO, ID_ATRIBUTO, ID_VALOR, ID_PROXIMO, PROBABILIDADE, TEMPO, DATA) VALUES(114, 23, 0, 53, 109, NULL, NULL, NULL, '2014-06-08');
INSERT INTO "STI"."USER"."orav" (ID_ORAV, ID_OBJETO, ID_RELACAO, ID_ATRIBUTO, ID_VALOR, ID_PROXIMO, PROBABILIDADE, TEMPO, DATA) VALUES(115, 23, 0, 53, 110, NULL, NULL, NULL, '2014-06-08');
INSERT INTO "STI"."USER"."orav" (ID_ORAV, ID_OBJETO, ID_RELACAO, ID_ATRIBUTO, ID_VALOR, ID_PROXIMO, PROBABILIDADE, TEMPO, DATA) VALUES(116, 0, 5, 3, 111, NULL, NULL, NULL, '2014-06-08');
INSERT INTO "STI"."USER"."orav" (ID_ORAV, ID_OBJETO, ID_RELACAO, ID_ATRIBUTO, ID_VALOR, ID_PROXIMO, PROBABILIDADE, TEMPO, DATA) VALUES(117, 21, 0, 56, 112, NULL, NULL, NULL, '2014-06-08');
INSERT INTO "STI"."USER"."orav" (ID_ORAV, ID_OBJETO, ID_RELACAO, ID_ATRIBUTO, ID_VALOR, ID_PROXIMO, PROBABILIDADE, TEMPO, DATA) VALUES(118, 21, 0, 56, 113, NULL, NULL, NULL, '2014-06-08');
INSERT INTO "STI"."USER"."orav" (ID_ORAV, ID_OBJETO, ID_RELACAO, ID_ATRIBUTO, ID_VALOR, ID_PROXIMO, PROBABILIDADE, TEMPO, DATA) VALUES(119, 21, 0, 56, 114, NULL, NULL, NULL, '2014-06-08');
INSERT INTO "STI"."USER"."orav" (ID_ORAV, ID_OBJETO, ID_RELACAO, ID_ATRIBUTO, ID_VALOR, ID_PROXIMO, PROBABILIDADE, TEMPO, DATA) VALUES(120, 37, 0, 1, 115, NULL, NULL, NULL, '2014-06-08');
INSERT INTO "STI"."USER"."orav" (ID_ORAV, ID_OBJETO, ID_RELACAO, ID_ATRIBUTO, ID_VALOR, ID_PROXIMO, PROBABILIDADE, TEMPO, DATA) VALUES(121, 38, 0, 1, 116, NULL, NULL, NULL, '2014-06-09');
INSERT INTO "STI"."USER"."orav" (ID_ORAV, ID_OBJETO, ID_RELACAO, ID_ATRIBUTO, ID_VALOR, ID_PROXIMO, PROBABILIDADE, TEMPO, DATA) VALUES(122, 39, 0, 1, 117, NULL, NULL, NULL, '2014-06-09');
INSERT INTO "STI"."USER"."orav" (ID_ORAV, ID_OBJETO, ID_RELACAO, ID_ATRIBUTO, ID_VALOR, ID_PROXIMO, PROBABILIDADE, TEMPO, DATA) VALUES(123, 40, 0, 1, 118, NULL, NULL, NULL, '2014-06-09');
INSERT INTO "STI"."USER"."orav" (ID_ORAV, ID_OBJETO, ID_RELACAO, ID_ATRIBUTO, ID_VALOR, ID_PROXIMO, PROBABILIDADE, TEMPO, DATA) VALUES(124, 22, 0, 57, 119, NULL, NULL, NULL, '2014-06-09');
INSERT INTO "STI"."USER"."orav" (ID_ORAV, ID_OBJETO, ID_RELACAO, ID_ATRIBUTO, ID_VALOR, ID_PROXIMO, PROBABILIDADE, TEMPO, DATA) VALUES(125, 22, 0, 57, 120, NULL, NULL, NULL, '2014-06-09');
INSERT INTO "STI"."USER"."orav" (ID_ORAV, ID_OBJETO, ID_RELACAO, ID_ATRIBUTO, ID_VALOR, ID_PROXIMO, PROBABILIDADE, TEMPO, DATA) VALUES(126, 22, 0, 57, 121, NULL, NULL, NULL, '2014-06-09');
INSERT INTO "STI"."USER"."orav" (ID_ORAV, ID_OBJETO, ID_RELACAO, ID_ATRIBUTO, ID_VALOR, ID_PROXIMO, PROBABILIDADE, TEMPO, DATA) VALUES(127, 22, 0, 57, 122, NULL, NULL, NULL, '2014-06-09');
INSERT INTO "STI"."USER"."orav" (ID_ORAV, ID_OBJETO, ID_RELACAO, ID_ATRIBUTO, ID_VALOR, ID_PROXIMO, PROBABILIDADE, TEMPO, DATA) VALUES(128, 41, 0, 1, 123, NULL, NULL, NULL, '2014-06-09');
INSERT INTO "STI"."USER"."orav" (ID_ORAV, ID_OBJETO, ID_RELACAO, ID_ATRIBUTO, ID_VALOR, ID_PROXIMO, PROBABILIDADE, TEMPO, DATA) VALUES(129, 41, 0, 1, 124, NULL, NULL, NULL, '2014-06-09');
INSERT INTO "STI"."USER"."orav" (ID_ORAV, ID_OBJETO, ID_RELACAO, ID_ATRIBUTO, ID_VALOR, ID_PROXIMO, PROBABILIDADE, TEMPO, DATA) VALUES(130, 42, 0, 1, 125, NULL, NULL, NULL, '2014-06-09');
INSERT INTO "STI"."USER"."orav" (ID_ORAV, ID_OBJETO, ID_RELACAO, ID_ATRIBUTO, ID_VALOR, ID_PROXIMO, PROBABILIDADE, TEMPO, DATA) VALUES(131, 43, 0, 1, 126, NULL, NULL, NULL, '2014-06-09');
INSERT INTO "STI"."USER"."orav" (ID_ORAV, ID_OBJETO, ID_RELACAO, ID_ATRIBUTO, ID_VALOR, ID_PROXIMO, PROBABILIDADE, TEMPO, DATA) VALUES(132, 44, 0, 1, 127, NULL, NULL, NULL, '2014-06-09');
INSERT INTO "STI"."USER"."orav" (ID_ORAV, ID_OBJETO, ID_RELACAO, ID_ATRIBUTO, ID_VALOR, ID_PROXIMO, PROBABILIDADE, TEMPO, DATA) VALUES(133, 45, 0, 1, 127, NULL, NULL, NULL, '2014-06-09');
INSERT INTO "STI"."USER"."orav" (ID_ORAV, ID_OBJETO, ID_RELACAO, ID_ATRIBUTO, ID_VALOR, ID_PROXIMO, PROBABILIDADE, TEMPO, DATA) VALUES(134, 0, 6, 14, 128, NULL, NULL, NULL, '2014-06-09');
INSERT INTO "STI"."USER"."orav" (ID_ORAV, ID_OBJETO, ID_RELACAO, ID_ATRIBUTO, ID_VALOR, ID_PROXIMO, PROBABILIDADE, TEMPO, DATA) VALUES(135, 46, 0, 1, 129, NULL, NULL, NULL, '2014-06-09');
INSERT INTO "STI"."USER"."orav" (ID_ORAV, ID_OBJETO, ID_RELACAO, ID_ATRIBUTO, ID_VALOR, ID_PROXIMO, PROBABILIDADE, TEMPO, DATA) VALUES(136, 47, 0, 1, 130, NULL, NULL, NULL, '2014-06-09');
INSERT INTO "STI"."USER"."orav" (ID_ORAV, ID_OBJETO, ID_RELACAO, ID_ATRIBUTO, ID_VALOR, ID_PROXIMO, PROBABILIDADE, TEMPO, DATA) VALUES(137, 0, 7, 14, 128, NULL, NULL, NULL, '2014-06-09');
INSERT INTO "STI"."USER"."orav" (ID_ORAV, ID_OBJETO, ID_RELACAO, ID_ATRIBUTO, ID_VALOR, ID_PROXIMO, PROBABILIDADE, TEMPO, DATA) VALUES(138, 23, 0, 58, 131, NULL, NULL, NULL, '2014-06-10');
INSERT INTO "STI"."USER"."orav" (ID_ORAV, ID_OBJETO, ID_RELACAO, ID_ATRIBUTO, ID_VALOR, ID_PROXIMO, PROBABILIDADE, TEMPO, DATA) VALUES(139, 23, 0, 58, 132, NULL, NULL, NULL, '2014-06-10');
INSERT INTO "STI"."USER"."orav" (ID_ORAV, ID_OBJETO, ID_RELACAO, ID_ATRIBUTO, ID_VALOR, ID_PROXIMO, PROBABILIDADE, TEMPO, DATA) VALUES(140, 23, 0, 58, 133, NULL, NULL, NULL, '2014-06-10');
INSERT INTO "STI"."USER"."orav" (ID_ORAV, ID_OBJETO, ID_RELACAO, ID_ATRIBUTO, ID_VALOR, ID_PROXIMO, PROBABILIDADE, TEMPO, DATA) VALUES(141, 23, 0, 58, 134, NULL, NULL, NULL, '2014-06-10');
INSERT INTO "STI"."USER"."orav" (ID_ORAV, ID_OBJETO, ID_RELACAO, ID_ATRIBUTO, ID_VALOR, ID_PROXIMO, PROBABILIDADE, TEMPO, DATA) VALUES(142, 48, 0, 1, 135, NULL, NULL, NULL, '2014-06-10');
INSERT INTO "STI"."USER"."orav" (ID_ORAV, ID_OBJETO, ID_RELACAO, ID_ATRIBUTO, ID_VALOR, ID_PROXIMO, PROBABILIDADE, TEMPO, DATA) VALUES(143, 49, 0, 1, 136, NULL, NULL, NULL, '2014-06-10');
INSERT INTO "STI"."USER"."orav" (ID_ORAV, ID_OBJETO, ID_RELACAO, ID_ATRIBUTO, ID_VALOR, ID_PROXIMO, PROBABILIDADE, TEMPO, DATA) VALUES(144, 50, 0, 1, 137, NULL, NULL, NULL, '2014-06-10');
INSERT INTO "STI"."USER"."orav" (ID_ORAV, ID_OBJETO, ID_RELACAO, ID_ATRIBUTO, ID_VALOR, ID_PROXIMO, PROBABILIDADE, TEMPO, DATA) VALUES(145, 51, 0, 1, 138, NULL, NULL, NULL, '2014-06-10');
INSERT INTO "STI"."USER"."orav" (ID_ORAV, ID_OBJETO, ID_RELACAO, ID_ATRIBUTO, ID_VALOR, ID_PROXIMO, PROBABILIDADE, TEMPO, DATA) VALUES(146, 52, 0, 1, 139, NULL, NULL, NULL, '2014-06-10');
INSERT INTO "STI"."USER"."orav" (ID_ORAV, ID_OBJETO, ID_RELACAO, ID_ATRIBUTO, ID_VALOR, ID_PROXIMO, PROBABILIDADE, TEMPO, DATA) VALUES(147, 53, 0, 1, 140, NULL, NULL, NULL, '2014-06-10');
INSERT INTO "STI"."USER"."orav" (ID_ORAV, ID_OBJETO, ID_RELACAO, ID_ATRIBUTO, ID_VALOR, ID_PROXIMO, PROBABILIDADE, TEMPO, DATA) VALUES(148, 54, 0, 1, 141, NULL, NULL, NULL, '2014-06-10');
INSERT INTO "STI"."USER"."orav" (ID_ORAV, ID_OBJETO, ID_RELACAO, ID_ATRIBUTO, ID_VALOR, ID_PROXIMO, PROBABILIDADE, TEMPO, DATA) VALUES(149, 55, 0, 1, 142, NULL, NULL, NULL, '2014-06-10');
INSERT INTO "STI"."USER"."orav" (ID_ORAV, ID_OBJETO, ID_RELACAO, ID_ATRIBUTO, ID_VALOR, ID_PROXIMO, PROBABILIDADE, TEMPO, DATA) VALUES(150, 56, 0, 1, 143, NULL, NULL, NULL, '2014-06-10');
INSERT INTO "STI"."USER"."orav" (ID_ORAV, ID_OBJETO, ID_RELACAO, ID_ATRIBUTO, ID_VALOR, ID_PROXIMO, PROBABILIDADE, TEMPO, DATA) VALUES(151, 0, 8, 14, 128, NULL, NULL, NULL, '2014-06-10');
INSERT INTO "STI"."USER"."orav" (ID_ORAV, ID_OBJETO, ID_RELACAO, ID_ATRIBUTO, ID_VALOR, ID_PROXIMO, PROBABILIDADE, TEMPO, DATA) VALUES(152, 27, 0, 22, 144, NULL, NULL, NULL, '2014-06-10');
INSERT INTO "STI"."USER"."orav" (ID_ORAV, ID_OBJETO, ID_RELACAO, ID_ATRIBUTO, ID_VALOR, ID_PROXIMO, PROBABILIDADE, TEMPO, DATA) VALUES(153, 27, 0, 22, 145, NULL, NULL, NULL, '2014-06-10');
INSERT INTO "STI"."USER"."orav" (ID_ORAV, ID_OBJETO, ID_RELACAO, ID_ATRIBUTO, ID_VALOR, ID_PROXIMO, PROBABILIDADE, TEMPO, DATA) VALUES(154, 27, 0, 22, 146, NULL, NULL, NULL, '2014-06-10');
INSERT INTO "STI"."USER"."orav" (ID_ORAV, ID_OBJETO, ID_RELACAO, ID_ATRIBUTO, ID_VALOR, ID_PROXIMO, PROBABILIDADE, TEMPO, DATA) VALUES(155, 57, 0, 1, 147, NULL, NULL, NULL, '2014-06-12');
INSERT INTO "STI"."USER"."orav" (ID_ORAV, ID_OBJETO, ID_RELACAO, ID_ATRIBUTO, ID_VALOR, ID_PROXIMO, PROBABILIDADE, TEMPO, DATA) VALUES(156, 58, 0, 1, 148, NULL, NULL, NULL, '2014-06-12');
INSERT INTO "STI"."USER"."orav" (ID_ORAV, ID_OBJETO, ID_RELACAO, ID_ATRIBUTO, ID_VALOR, ID_PROXIMO, PROBABILIDADE, TEMPO, DATA) VALUES(157, 21, 0, 26, 149, 163, NULL, NULL, '2014-06-14');
INSERT INTO "STI"."USER"."orav" (ID_ORAV, ID_OBJETO, ID_RELACAO, ID_ATRIBUTO, ID_VALOR, ID_PROXIMO, PROBABILIDADE, TEMPO, DATA) VALUES(158, 21, 0, 28, 149, 163, NULL, NULL, '2014-06-14');
INSERT INTO "STI"."USER"."orav" (ID_ORAV, ID_OBJETO, ID_RELACAO, ID_ATRIBUTO, ID_VALOR, ID_PROXIMO, PROBABILIDADE, TEMPO, DATA) VALUES(159, 57, 0, 2, 150, NULL, NULL, NULL, '2014-06-18');
INSERT INTO "STI"."USER"."orav" (ID_ORAV, ID_OBJETO, ID_RELACAO, ID_ATRIBUTO, ID_VALOR, ID_PROXIMO, PROBABILIDADE, TEMPO, DATA) VALUES(160, 57, 0, 2, 151, NULL, NULL, NULL, '2014-06-18');
INSERT INTO "STI"."USER"."orav" (ID_ORAV, ID_OBJETO, ID_RELACAO, ID_ATRIBUTO, ID_VALOR, ID_PROXIMO, PROBABILIDADE, TEMPO, DATA) VALUES(161, 41, 0, 26, 152, NULL, NULL, NULL, '2014-06-18');
INSERT INTO "STI"."USER"."orav" (ID_ORAV, ID_OBJETO, ID_RELACAO, ID_ATRIBUTO, ID_VALOR, ID_PROXIMO, PROBABILIDADE, TEMPO, DATA) VALUES(162, 41, 0, 28, 152, NULL, NULL, NULL, '2014-06-18');
INSERT INTO "STI"."USER"."orav" (ID_ORAV, ID_OBJETO, ID_RELACAO, ID_ATRIBUTO, ID_VALOR, ID_PROXIMO, PROBABILIDADE, TEMPO, DATA) VALUES(163, 21, 0, 4, 153, NULL, 0.50, NULL, '2014-06-25');
INSERT INTO "STI"."USER"."orav" (ID_ORAV, ID_OBJETO, ID_RELACAO, ID_ATRIBUTO, ID_VALOR, ID_PROXIMO, PROBABILIDADE, TEMPO, DATA) VALUES(164, 21, 0, 5, 154, NULL, NULL, NULL, '2014-07-12');
INSERT INTO "STI"."USER"."orav" (ID_ORAV, ID_OBJETO, ID_RELACAO, ID_ATRIBUTO, ID_VALOR, ID_PROXIMO, PROBABILIDADE, TEMPO, DATA) VALUES(165, 36, 0, 5, 155, NULL, NULL, NULL, '2014-07-12');
INSERT INTO "STI"."USER"."orav" (ID_ORAV, ID_OBJETO, ID_RELACAO, ID_ATRIBUTO, ID_VALOR, ID_PROXIMO, PROBABILIDADE, TEMPO, DATA) VALUES(166, 36, 0, 5, 156, NULL, NULL, NULL, '2014-07-12');
INSERT INTO "STI"."USER"."orav" (ID_ORAV, ID_OBJETO, ID_RELACAO, ID_ATRIBUTO, ID_VALOR, ID_PROXIMO, PROBABILIDADE, TEMPO, DATA) VALUES(167, 37, 0, 5, 157, NULL, NULL, NULL, '2014-07-12');
INSERT INTO "STI"."USER"."orav" (ID_ORAV, ID_OBJETO, ID_RELACAO, ID_ATRIBUTO, ID_VALOR, ID_PROXIMO, PROBABILIDADE, TEMPO, DATA) VALUES(168, 22, 0, 5, 158, NULL, NULL, NULL, '2014-07-12');
INSERT INTO "STI"."USER"."orav" (ID_ORAV, ID_OBJETO, ID_RELACAO, ID_ATRIBUTO, ID_VALOR, ID_PROXIMO, PROBABILIDADE, TEMPO, DATA) VALUES(169, 22, 0, 5, 159, NULL, NULL, NULL, '2014-07-12');
INSERT INTO "STI"."USER"."orav" (ID_ORAV, ID_OBJETO, ID_RELACAO, ID_ATRIBUTO, ID_VALOR, ID_PROXIMO, PROBABILIDADE, TEMPO, DATA) VALUES(170, 22, 0, 5, 160, NULL, NULL, NULL, '2014-07-12');
INSERT INTO "STI"."USER"."orav" (ID_ORAV, ID_OBJETO, ID_RELACAO, ID_ATRIBUTO, ID_VALOR, ID_PROXIMO, PROBABILIDADE, TEMPO, DATA) VALUES(171, 22, 0, 5, 161, NULL, NULL, NULL, '2014-07-12');
INSERT INTO "STI"."USER"."orav" (ID_ORAV, ID_OBJETO, ID_RELACAO, ID_ATRIBUTO, ID_VALOR, ID_PROXIMO, PROBABILIDADE, TEMPO, DATA) VALUES(172, 41, 0, 5, 162, NULL, NULL, NULL, '2014-07-12');
INSERT INTO "STI"."USER"."orav" (ID_ORAV, ID_OBJETO, ID_RELACAO, ID_ATRIBUTO, ID_VALOR, ID_PROXIMO, PROBABILIDADE, TEMPO, DATA) VALUES(173, 41, 0, 5, 163, NULL, NULL, NULL, '2014-07-12');
INSERT INTO "STI"."USER"."orav" (ID_ORAV, ID_OBJETO, ID_RELACAO, ID_ATRIBUTO, ID_VALOR, ID_PROXIMO, PROBABILIDADE, TEMPO, DATA) VALUES(174, 41, 0, 5, 164, NULL, NULL, NULL, '2014-07-12');
INSERT INTO "STI"."USER"."orav" (ID_ORAV, ID_OBJETO, ID_RELACAO, ID_ATRIBUTO, ID_VALOR, ID_PROXIMO, PROBABILIDADE, TEMPO, DATA) VALUES(175, 42, 0, 5, 165, NULL, NULL, NULL, '2014-07-12');
INSERT INTO "STI"."USER"."orav" (ID_ORAV, ID_OBJETO, ID_RELACAO, ID_ATRIBUTO, ID_VALOR, ID_PROXIMO, PROBABILIDADE, TEMPO, DATA) VALUES(176, 42, 0, 5, 166, NULL, NULL, NULL, '2014-07-12');
INSERT INTO "STI"."USER"."orav" (ID_ORAV, ID_OBJETO, ID_RELACAO, ID_ATRIBUTO, ID_VALOR, ID_PROXIMO, PROBABILIDADE, TEMPO, DATA) VALUES(177, 46, 0, 5, 167, NULL, NULL, NULL, '2014-07-12');
INSERT INTO "STI"."USER"."orav" (ID_ORAV, ID_OBJETO, ID_RELACAO, ID_ATRIBUTO, ID_VALOR, ID_PROXIMO, PROBABILIDADE, TEMPO, DATA) VALUES(178, 23, 0, 5, 168, NULL, NULL, NULL, '2014-07-12');
INSERT INTO "STI"."USER"."orav" (ID_ORAV, ID_OBJETO, ID_RELACAO, ID_ATRIBUTO, ID_VALOR, ID_PROXIMO, PROBABILIDADE, TEMPO, DATA) VALUES(179, 23, 0, 5, 169, NULL, NULL, NULL, '2014-07-12');
INSERT INTO "STI"."USER"."orav" (ID_ORAV, ID_OBJETO, ID_RELACAO, ID_ATRIBUTO, ID_VALOR, ID_PROXIMO, PROBABILIDADE, TEMPO, DATA) VALUES(180, 23, 0, 5, 170, NULL, NULL, NULL, '2014-07-12');
INSERT INTO "STI"."USER"."orav" (ID_ORAV, ID_OBJETO, ID_RELACAO, ID_ATRIBUTO, ID_VALOR, ID_PROXIMO, PROBABILIDADE, TEMPO, DATA) VALUES(181, 23, 0, 5, 171, NULL, NULL, NULL, '2014-07-12');
INSERT INTO "STI"."USER"."orav" (ID_ORAV, ID_OBJETO, ID_RELACAO, ID_ATRIBUTO, ID_VALOR, ID_PROXIMO, PROBABILIDADE, TEMPO, DATA) VALUES(182, 60, 0, 60, 172, NULL, 1.00, 2, '2014-07-13');
INSERT INTO "STI"."USER"."orav" (ID_ORAV, ID_OBJETO, ID_RELACAO, ID_ATRIBUTO, ID_VALOR, ID_PROXIMO, PROBABILIDADE, TEMPO, DATA) VALUES(183, 60, 0, 59, 173, 184, NULL, 2, '2014-07-13');
INSERT INTO "STI"."USER"."orav" (ID_ORAV, ID_OBJETO, ID_RELACAO, ID_ATRIBUTO, ID_VALOR, ID_PROXIMO, PROBABILIDADE, TEMPO, DATA) VALUES(184, 60, 0, 59, 174, 185, 1.00, 2, '2014-07-13');
INSERT INTO "STI"."USER"."orav" (ID_ORAV, ID_OBJETO, ID_RELACAO, ID_ATRIBUTO, ID_VALOR, ID_PROXIMO, PROBABILIDADE, TEMPO, DATA) VALUES(185, 60, 0, 59, 175, 182, 1.00, 2, '2014-07-13');
INSERT INTO "STI"."USER"."orav" (ID_ORAV, ID_OBJETO, ID_RELACAO, ID_ATRIBUTO, ID_VALOR, ID_PROXIMO, PROBABILIDADE, TEMPO, DATA) VALUES(186, 60, 0, 5, 176, NULL, NULL, NULL, '2014-07-13');
INSERT INTO "STI"."USER"."orav" (ID_ORAV, ID_OBJETO, ID_RELACAO, ID_ATRIBUTO, ID_VALOR, ID_PROXIMO, PROBABILIDADE, TEMPO, DATA) VALUES(187, 60, 0, 5, 177, NULL, NULL, NULL, '2014-07-13');
INSERT INTO "STI"."USER"."orav" (ID_ORAV, ID_OBJETO, ID_RELACAO, ID_ATRIBUTO, ID_VALOR, ID_PROXIMO, PROBABILIDADE, TEMPO, DATA) VALUES(188, 62, 0, 60, 178, NULL, 1.00, 2, '2014-07-13');
INSERT INTO "STI"."USER"."orav" (ID_ORAV, ID_OBJETO, ID_RELACAO, ID_ATRIBUTO, ID_VALOR, ID_PROXIMO, PROBABILIDADE, TEMPO, DATA) VALUES(189, 62, 0, 59, 179, 190, NULL, 2, '2014-07-13');
INSERT INTO "STI"."USER"."orav" (ID_ORAV, ID_OBJETO, ID_RELACAO, ID_ATRIBUTO, ID_VALOR, ID_PROXIMO, PROBABILIDADE, TEMPO, DATA) VALUES(190, 62, 0, 59, 180, 191, 1.00, 2, '2014-07-13');
INSERT INTO "STI"."USER"."orav" (ID_ORAV, ID_OBJETO, ID_RELACAO, ID_ATRIBUTO, ID_VALOR, ID_PROXIMO, PROBABILIDADE, TEMPO, DATA) VALUES(191, 62, 0, 59, 181, 188, 1.00, 2, '2014-07-13');
INSERT INTO "STI"."USER"."orav" (ID_ORAV, ID_OBJETO, ID_RELACAO, ID_ATRIBUTO, ID_VALOR, ID_PROXIMO, PROBABILIDADE, TEMPO, DATA) VALUES(192, 62, 0, 5, 182, NULL, NULL, NULL, '2014-07-13');
INSERT INTO "STI"."USER"."orav" (ID_ORAV, ID_OBJETO, ID_RELACAO, ID_ATRIBUTO, ID_VALOR, ID_PROXIMO, PROBABILIDADE, TEMPO, DATA) VALUES(193, 61, 0, 60, 183, NULL, 1.00, 2, '2014-07-13');
INSERT INTO "STI"."USER"."orav" (ID_ORAV, ID_OBJETO, ID_RELACAO, ID_ATRIBUTO, ID_VALOR, ID_PROXIMO, PROBABILIDADE, TEMPO, DATA) VALUES(194, 61, 0, 59, 184, 195, 1.00, 2, '2014-07-13');
INSERT INTO "STI"."USER"."orav" (ID_ORAV, ID_OBJETO, ID_RELACAO, ID_ATRIBUTO, ID_VALOR, ID_PROXIMO, PROBABILIDADE, TEMPO, DATA) VALUES(195, 61, 0, 59, 185, 196, 1.00, 2, '2014-07-13');
INSERT INTO "STI"."USER"."orav" (ID_ORAV, ID_OBJETO, ID_RELACAO, ID_ATRIBUTO, ID_VALOR, ID_PROXIMO, PROBABILIDADE, TEMPO, DATA) VALUES(196, 61, 0, 59, 186, 197, 1.00, 3, '2014-07-13');
INSERT INTO "STI"."USER"."orav" (ID_ORAV, ID_OBJETO, ID_RELACAO, ID_ATRIBUTO, ID_VALOR, ID_PROXIMO, PROBABILIDADE, TEMPO, DATA) VALUES(197, 61, 0, 59, 187, 198, 1.00, 2, '2014-07-13');
INSERT INTO "STI"."USER"."orav" (ID_ORAV, ID_OBJETO, ID_RELACAO, ID_ATRIBUTO, ID_VALOR, ID_PROXIMO, PROBABILIDADE, TEMPO, DATA) VALUES(198, 61, 0, 59, 188, 193, 1.00, 2, '2014-07-13');
INSERT INTO "STI"."USER"."orav" (ID_ORAV, ID_OBJETO, ID_RELACAO, ID_ATRIBUTO, ID_VALOR, ID_PROXIMO, PROBABILIDADE, TEMPO, DATA) VALUES(199, 61, 0, 5, 189, NULL, NULL, NULL, '2014-07-13');
INSERT INTO "STI"."USER"."orav" (ID_ORAV, ID_OBJETO, ID_RELACAO, ID_ATRIBUTO, ID_VALOR, ID_PROXIMO, PROBABILIDADE, TEMPO, DATA) VALUES(200, 63, 0, 60, 190, NULL, 1.00, 2, '2014-07-13');
INSERT INTO "STI"."USER"."orav" (ID_ORAV, ID_OBJETO, ID_RELACAO, ID_ATRIBUTO, ID_VALOR, ID_PROXIMO, PROBABILIDADE, TEMPO, DATA) VALUES(201, 63, 0, 59, 191, 202, NULL, 2, '2014-07-13');
INSERT INTO "STI"."USER"."orav" (ID_ORAV, ID_OBJETO, ID_RELACAO, ID_ATRIBUTO, ID_VALOR, ID_PROXIMO, PROBABILIDADE, TEMPO, DATA) VALUES(202, 63, 0, 59, 192, 203, 1.00, 2, '2014-07-13');
INSERT INTO "STI"."USER"."orav" (ID_ORAV, ID_OBJETO, ID_RELACAO, ID_ATRIBUTO, ID_VALOR, ID_PROXIMO, PROBABILIDADE, TEMPO, DATA) VALUES(203, 63, 0, 59, 193, 200, 1.00, 2, '2014-07-13');
INSERT INTO "STI"."USER"."orav" (ID_ORAV, ID_OBJETO, ID_RELACAO, ID_ATRIBUTO, ID_VALOR, ID_PROXIMO, PROBABILIDADE, TEMPO, DATA) VALUES(204, 63, 0, 5, 194, NULL, NULL, NULL, '2014-07-13');
INSERT INTO "STI"."USER"."orav" (ID_ORAV, ID_OBJETO, ID_RELACAO, ID_ATRIBUTO, ID_VALOR, ID_PROXIMO, PROBABILIDADE, TEMPO, DATA) VALUES(205, 64, 0, 1, 195, NULL, NULL, NULL, '2014-07-19');
INSERT INTO "STI"."USER"."orav" (ID_ORAV, ID_OBJETO, ID_RELACAO, ID_ATRIBUTO, ID_VALOR, ID_PROXIMO, PROBABILIDADE, TEMPO, DATA) VALUES(206, 64, 0, 1, 196, NULL, NULL, NULL, '2014-07-19');
INSERT INTO "STI"."USER"."orav" (ID_ORAV, ID_OBJETO, ID_RELACAO, ID_ATRIBUTO, ID_VALOR, ID_PROXIMO, PROBABILIDADE, TEMPO, DATA) VALUES(207, 65, 0, 1, 197, NULL, NULL, NULL, '2014-07-19');
INSERT INTO "STI"."USER"."orav" (ID_ORAV, ID_OBJETO, ID_RELACAO, ID_ATRIBUTO, ID_VALOR, ID_PROXIMO, PROBABILIDADE, TEMPO, DATA) VALUES(208, 65, 0, 1, 198, NULL, NULL, NULL, '2014-07-19');
INSERT INTO "STI"."USER"."orav" (ID_ORAV, ID_OBJETO, ID_RELACAO, ID_ATRIBUTO, ID_VALOR, ID_PROXIMO, PROBABILIDADE, TEMPO, DATA) VALUES(209, 66, 0, 1, 199, NULL, NULL, NULL, '2014-07-19');
INSERT INTO "STI"."USER"."orav" (ID_ORAV, ID_OBJETO, ID_RELACAO, ID_ATRIBUTO, ID_VALOR, ID_PROXIMO, PROBABILIDADE, TEMPO, DATA) VALUES(210, 67, 0, 1, 200, NULL, NULL, NULL, '2014-07-19');
INSERT INTO "STI"."USER"."orav" (ID_ORAV, ID_OBJETO, ID_RELACAO, ID_ATRIBUTO, ID_VALOR, ID_PROXIMO, PROBABILIDADE, TEMPO, DATA) VALUES(211, 20, 0, 28, 201, NULL, 1.00, 2, '2014-07-19');
INSERT INTO "STI"."USER"."orav" (ID_ORAV, ID_OBJETO, ID_RELACAO, ID_ATRIBUTO, ID_VALOR, ID_PROXIMO, PROBABILIDADE, TEMPO, DATA) VALUES(212, 20, 0, 26, 201, NULL, 1.00, 2, '2014-07-19');
INSERT INTO "STI"."USER"."orav" (ID_ORAV, ID_OBJETO, ID_RELACAO, ID_ATRIBUTO, ID_VALOR, ID_PROXIMO, PROBABILIDADE, TEMPO, DATA) VALUES(213, 29, 0, 2, 202, 214, NULL, 2, '2014-07-19');
INSERT INTO "STI"."USER"."orav" (ID_ORAV, ID_OBJETO, ID_RELACAO, ID_ATRIBUTO, ID_VALOR, ID_PROXIMO, PROBABILIDADE, TEMPO, DATA) VALUES(214, 29, 0, 26, 203, 215, 1.00, 2, '2014-07-19');
INSERT INTO "STI"."USER"."orav" (ID_ORAV, ID_OBJETO, ID_RELACAO, ID_ATRIBUTO, ID_VALOR, ID_PROXIMO, PROBABILIDADE, TEMPO, DATA) VALUES(215, 29, 0, 4, 204, 236, 1.00, 2, '2014-07-19');
INSERT INTO "STI"."USER"."orav" (ID_ORAV, ID_OBJETO, ID_RELACAO, ID_ATRIBUTO, ID_VALOR, ID_PROXIMO, PROBABILIDADE, TEMPO, DATA) VALUES(216, 72, 0, 59, 205, 217, 1.00, 2, '2014-07-27');
INSERT INTO "STI"."USER"."orav" (ID_ORAV, ID_OBJETO, ID_RELACAO, ID_ATRIBUTO, ID_VALOR, ID_PROXIMO, PROBABILIDADE, TEMPO, DATA) VALUES(217, 72, 0, 59, 206, 218, 1.00, 2, '2014-07-27');
INSERT INTO "STI"."USER"."orav" (ID_ORAV, ID_OBJETO, ID_RELACAO, ID_ATRIBUTO, ID_VALOR, ID_PROXIMO, PROBABILIDADE, TEMPO, DATA) VALUES(218, 72, 0, 59, 207, 219, 1.00, 2, '2014-07-27');
INSERT INTO "STI"."USER"."orav" (ID_ORAV, ID_OBJETO, ID_RELACAO, ID_ATRIBUTO, ID_VALOR, ID_PROXIMO, PROBABILIDADE, TEMPO, DATA) VALUES(219, 72, 0, 59, 208, 220, 1.00, 2, '2014-07-27');
INSERT INTO "STI"."USER"."orav" (ID_ORAV, ID_OBJETO, ID_RELACAO, ID_ATRIBUTO, ID_VALOR, ID_PROXIMO, PROBABILIDADE, TEMPO, DATA) VALUES(220, 72, 0, 59, 209, 222, 1.00, 2, '2014-07-27');
INSERT INTO "STI"."USER"."orav" (ID_ORAV, ID_OBJETO, ID_RELACAO, ID_ATRIBUTO, ID_VALOR, ID_PROXIMO, PROBABILIDADE, TEMPO, DATA) VALUES(221, 72, 0, 5, 210, NULL, NULL, NULL, '2014-07-27');
INSERT INTO "STI"."USER"."orav" (ID_ORAV, ID_OBJETO, ID_RELACAO, ID_ATRIBUTO, ID_VALOR, ID_PROXIMO, PROBABILIDADE, TEMPO, DATA) VALUES(222, 72, 0, 60, 211, NULL, 1.00, 2, '2014-07-27');
INSERT INTO "STI"."USER"."orav" (ID_ORAV, ID_OBJETO, ID_RELACAO, ID_ATRIBUTO, ID_VALOR, ID_PROXIMO, PROBABILIDADE, TEMPO, DATA) VALUES(223, 73, 0, 59, 212, 224, NULL, 2, '2014-07-27');
INSERT INTO "STI"."USER"."orav" (ID_ORAV, ID_OBJETO, ID_RELACAO, ID_ATRIBUTO, ID_VALOR, ID_PROXIMO, PROBABILIDADE, TEMPO, DATA) VALUES(224, 73, 0, 59, 213, 225, 1.00, 2, '2014-07-27');
INSERT INTO "STI"."USER"."orav" (ID_ORAV, ID_OBJETO, ID_RELACAO, ID_ATRIBUTO, ID_VALOR, ID_PROXIMO, PROBABILIDADE, TEMPO, DATA) VALUES(225, 73, 0, 59, 214, 226, 1.00, 2, '2014-07-27');
INSERT INTO "STI"."USER"."orav" (ID_ORAV, ID_OBJETO, ID_RELACAO, ID_ATRIBUTO, ID_VALOR, ID_PROXIMO, PROBABILIDADE, TEMPO, DATA) VALUES(226, 73, 0, 60, 215, NULL, 1.00, 2, '2014-07-27');
INSERT INTO "STI"."USER"."orav" (ID_ORAV, ID_OBJETO, ID_RELACAO, ID_ATRIBUTO, ID_VALOR, ID_PROXIMO, PROBABILIDADE, TEMPO, DATA) VALUES(227, 73, 0, 5, 216, NULL, NULL, NULL, '2014-07-27');
INSERT INTO "STI"."USER"."orav" (ID_ORAV, ID_OBJETO, ID_RELACAO, ID_ATRIBUTO, ID_VALOR, ID_PROXIMO, PROBABILIDADE, TEMPO, DATA) VALUES(228, 73, 0, 5, 217, NULL, NULL, NULL, '2014-07-27');
INSERT INTO "STI"."USER"."orav" (ID_ORAV, ID_OBJETO, ID_RELACAO, ID_ATRIBUTO, ID_VALOR, ID_PROXIMO, PROBABILIDADE, TEMPO, DATA) VALUES(229, 41, 0, 1, 218, NULL, NULL, NULL, '2014-07-27');
INSERT INTO "STI"."USER"."orav" (ID_ORAV, ID_OBJETO, ID_RELACAO, ID_ATRIBUTO, ID_VALOR, ID_PROXIMO, PROBABILIDADE, TEMPO, DATA) VALUES(230, 41, 0, 2, 219, NULL, NULL, NULL, '2014-07-27');
INSERT INTO "STI"."USER"."orav" (ID_ORAV, ID_OBJETO, ID_RELACAO, ID_ATRIBUTO, ID_VALOR, ID_PROXIMO, PROBABILIDADE, TEMPO, DATA) VALUES(231, 74, 0, 1, 220, 232, 1.00, 1, '2014-07-27');
INSERT INTO "STI"."USER"."orav" (ID_ORAV, ID_OBJETO, ID_RELACAO, ID_ATRIBUTO, ID_VALOR, ID_PROXIMO, PROBABILIDADE, TEMPO, DATA) VALUES(232, 74, 0, 26, 221, 233, 1.00, 8, '2014-07-27');
INSERT INTO "STI"."USER"."orav" (ID_ORAV, ID_OBJETO, ID_RELACAO, ID_ATRIBUTO, ID_VALOR, ID_PROXIMO, PROBABILIDADE, TEMPO, DATA) VALUES(233, 74, 0, 28, 222, NULL, 1.00, 1, '2014-07-27');
INSERT INTO "STI"."USER"."orav" (ID_ORAV, ID_OBJETO, ID_RELACAO, ID_ATRIBUTO, ID_VALOR, ID_PROXIMO, PROBABILIDADE, TEMPO, DATA) VALUES(234, 0, 9, 3, 223, NULL, NULL, NULL, '2014-07-27');
INSERT INTO "STI"."USER"."orav" (ID_ORAV, ID_OBJETO, ID_RELACAO, ID_ATRIBUTO, ID_VALOR, ID_PROXIMO, PROBABILIDADE, TEMPO, DATA) VALUES(235, 0, 9, 3, 224, NULL, NULL, NULL, '2014-07-27');
INSERT INTO "STI"."USER"."orav" (ID_ORAV, ID_OBJETO, ID_RELACAO, ID_ATRIBUTO, ID_VALOR, ID_PROXIMO, PROBABILIDADE, TEMPO, DATA) VALUES(236, 29, 0, 5, 225, NULL, 1.00, 1, '2014-07-27');
INSERT INTO "STI"."USER"."orav" (ID_ORAV, ID_OBJETO, ID_RELACAO, ID_ATRIBUTO, ID_VALOR, ID_PROXIMO, PROBABILIDADE, TEMPO, DATA) VALUES(237, 21, 0, 61, 226, NULL, NULL, NULL, '2014-07-28');
INSERT INTO "STI"."USER"."orav" (ID_ORAV, ID_OBJETO, ID_RELACAO, ID_ATRIBUTO, ID_VALOR, ID_PROXIMO, PROBABILIDADE, TEMPO, DATA) VALUES(238, 75, 0, 1, 227, NULL, NULL, NULL, '2014-07-28');
INSERT INTO "STI"."USER"."orav" (ID_ORAV, ID_OBJETO, ID_RELACAO, ID_ATRIBUTO, ID_VALOR, ID_PROXIMO, PROBABILIDADE, TEMPO, DATA) VALUES(239, 75, 0, 5, 228, NULL, NULL, NULL, '2014-07-28');
INSERT INTO "STI"."USER"."orav" (ID_ORAV, ID_OBJETO, ID_RELACAO, ID_ATRIBUTO, ID_VALOR, ID_PROXIMO, PROBABILIDADE, TEMPO, DATA) VALUES(240, 41, 0, 61, 229, NULL, NULL, NULL, '2014-07-28');
INSERT INTO "STI"."USER"."orav" (ID_ORAV, ID_OBJETO, ID_RELACAO, ID_ATRIBUTO, ID_VALOR, ID_PROXIMO, PROBABILIDADE, TEMPO, DATA) VALUES(241, 42, 0, 61, 230, NULL, NULL, NULL, '2014-07-28');
INSERT INTO "STI"."USER"."orav" (ID_ORAV, ID_OBJETO, ID_RELACAO, ID_ATRIBUTO, ID_VALOR, ID_PROXIMO, PROBABILIDADE, TEMPO, DATA) VALUES(242, 42, 0, 61, 231, NULL, NULL, NULL, '2014-07-28');
INSERT INTO "STI"."USER"."orav" (ID_ORAV, ID_OBJETO, ID_RELACAO, ID_ATRIBUTO, ID_VALOR, ID_PROXIMO, PROBABILIDADE, TEMPO, DATA) VALUES(243, 22, 0, 61, 232, NULL, NULL, NULL, '2014-07-29');
INSERT INTO "STI"."USER"."orav" (ID_ORAV, ID_OBJETO, ID_RELACAO, ID_ATRIBUTO, ID_VALOR, ID_PROXIMO, PROBABILIDADE, TEMPO, DATA) VALUES(244, 41, 0, 10, 233, NULL, NULL, NULL, '2014-07-29');
INSERT INTO "STI"."USER"."orav" (ID_ORAV, ID_OBJETO, ID_RELACAO, ID_ATRIBUTO, ID_VALOR, ID_PROXIMO, PROBABILIDADE, TEMPO, DATA) VALUES(245, 41, 0, 8, 234, NULL, NULL, NULL, '2014-07-29');
INSERT INTO "STI"."USER"."orav" (ID_ORAV, ID_OBJETO, ID_RELACAO, ID_ATRIBUTO, ID_VALOR, ID_PROXIMO, PROBABILIDADE, TEMPO, DATA) VALUES(246, 76, 0, 23, 235, NULL, NULL, NULL, '2014-08-08');
INSERT INTO "STI"."USER"."orav" (ID_ORAV, ID_OBJETO, ID_RELACAO, ID_ATRIBUTO, ID_VALOR, ID_PROXIMO, PROBABILIDADE, TEMPO, DATA) VALUES(247, 76, 0, 23, 236, NULL, NULL, NULL, '2014-08-08');
INSERT INTO "STI"."USER"."orav" (ID_ORAV, ID_OBJETO, ID_RELACAO, ID_ATRIBUTO, ID_VALOR, ID_PROXIMO, PROBABILIDADE, TEMPO, DATA) VALUES(248, 76, 0, 23, 237, NULL, NULL, NULL, '2014-08-08');
INSERT INTO "STI"."USER"."orav" (ID_ORAV, ID_OBJETO, ID_RELACAO, ID_ATRIBUTO, ID_VALOR, ID_PROXIMO, PROBABILIDADE, TEMPO, DATA) VALUES(249, 76, 0, 23, 238, NULL, NULL, NULL, '2014-08-08');
INSERT INTO "STI"."USER"."orav" (ID_ORAV, ID_OBJETO, ID_RELACAO, ID_ATRIBUTO, ID_VALOR, ID_PROXIMO, PROBABILIDADE, TEMPO, DATA) VALUES(250, 76, 0, 23, 239, NULL, NULL, NULL, '2014-08-08');
INSERT INTO "STI"."USER"."orav" (ID_ORAV, ID_OBJETO, ID_RELACAO, ID_ATRIBUTO, ID_VALOR, ID_PROXIMO, PROBABILIDADE, TEMPO, DATA) VALUES(251, 77, 0, 1, 240, NULL, NULL, NULL, '2014-08-08');
INSERT INTO "STI"."USER"."orav" (ID_ORAV, ID_OBJETO, ID_RELACAO, ID_ATRIBUTO, ID_VALOR, ID_PROXIMO, PROBABILIDADE, TEMPO, DATA) VALUES(252, 78, 0, 1, 241, NULL, NULL, NULL, '2014-08-08');
INSERT INTO "STI"."USER"."orav" (ID_ORAV, ID_OBJETO, ID_RELACAO, ID_ATRIBUTO, ID_VALOR, ID_PROXIMO, PROBABILIDADE, TEMPO, DATA) VALUES(253, 78, 0, 4, 242, NULL, NULL, NULL, '2014-08-08');
INSERT INTO "STI"."USER"."orav" (ID_ORAV, ID_OBJETO, ID_RELACAO, ID_ATRIBUTO, ID_VALOR, ID_PROXIMO, PROBABILIDADE, TEMPO, DATA) VALUES(254, 79, 0, 1, 243, NULL, NULL, NULL, '2014-08-08');
INSERT INTO "STI"."USER"."orav" (ID_ORAV, ID_OBJETO, ID_RELACAO, ID_ATRIBUTO, ID_VALOR, ID_PROXIMO, PROBABILIDADE, TEMPO, DATA) VALUES(255, 80, 0, 1, 244, NULL, NULL, NULL, '2014-08-08');
INSERT INTO "STI"."USER"."orav" (ID_ORAV, ID_OBJETO, ID_RELACAO, ID_ATRIBUTO, ID_VALOR, ID_PROXIMO, PROBABILIDADE, TEMPO, DATA) VALUES(256, 81, 0, 1, 245, NULL, NULL, NULL, '2014-08-08');

INSERT INTO "STI"."USER"."pergunta" (ID_PERGUNTA, TEXTO, DATA, ID_USUARIO, ID_STATUS) VALUES(1, 'o que é __o1', '2011-06-27', 1, 1);
INSERT INTO "STI"."USER"."pergunta" (ID_PERGUNTA, TEXTO, DATA, ID_USUARIO, ID_STATUS) VALUES(2, 'qual o significado de __o1', '2011-06-27', 1, 1);
INSERT INTO "STI"."USER"."pergunta" (ID_PERGUNTA, TEXTO, DATA, ID_USUARIO, ID_STATUS) VALUES(3, 'que é __o1', '2011-06-27', 1, 1);
INSERT INTO "STI"."USER"."pergunta" (ID_PERGUNTA, TEXTO, DATA, ID_USUARIO, ID_STATUS) VALUES(4, 'que significa __o1', '2011-06-27', 1, 1);
INSERT INTO "STI"."USER"."pergunta" (ID_PERGUNTA, TEXTO, DATA, ID_USUARIO, ID_STATUS) VALUES(5, 'dê um exemplo de __o1', '2011-06-27', 1, 2);
INSERT INTO "STI"."USER"."pergunta" (ID_PERGUNTA, TEXTO, DATA, ID_USUARIO, ID_STATUS) VALUES(6, 'mostre um exemplo de __o1', '2011-06-27', 1, 2);
INSERT INTO "STI"."USER"."pergunta" (ID_PERGUNTA, TEXTO, DATA, ID_USUARIO, ID_STATUS) VALUES(7, 'diga um exemplo de __o1', '2011-06-27', 1, 2);
INSERT INTO "STI"."USER"."pergunta" (ID_PERGUNTA, TEXTO, DATA, ID_USUARIO, ID_STATUS) VALUES(8, 'fale um exemplo de __o1', '2011-06-27', 1, 2);
INSERT INTO "STI"."USER"."pergunta" (ID_PERGUNTA, TEXTO, DATA, ID_USUARIO, ID_STATUS) VALUES(9, 'tem relação entre __o1 e __o2', '2011-06-27', 1, 1);
INSERT INTO "STI"."USER"."pergunta" (ID_PERGUNTA, TEXTO, DATA, ID_USUARIO, ID_STATUS) VALUES(10, 'qual a relação entre __o1 e __o2', '2011-06-27', 1, 1);
INSERT INTO "STI"."USER"."pergunta" (ID_PERGUNTA, TEXTO, DATA, ID_USUARIO, ID_STATUS) VALUES(11, 'defina __o1', '2011-06-27', 1, 2);
INSERT INTO "STI"."USER"."pergunta" (ID_PERGUNTA, TEXTO, DATA, ID_USUARIO, ID_STATUS) VALUES(12, 'qual a definição de __o1', '2011-06-27', 1, 1);
INSERT INTO "STI"."USER"."pergunta" (ID_PERGUNTA, TEXTO, DATA, ID_USUARIO, ID_STATUS) VALUES(13, 'tem algum conceito de __o1', '2011-06-27', 1, 4);
INSERT INTO "STI"."USER"."pergunta" (ID_PERGUNTA, TEXTO, DATA, ID_USUARIO, ID_STATUS) VALUES(14, 'há conceito sobre __o1', '2011-06-27', 1, 4);
INSERT INTO "STI"."USER"."pergunta" (ID_PERGUNTA, TEXTO, DATA, ID_USUARIO, ID_STATUS) VALUES(15, 'existe conceito sobre __o1', '2011-06-27', 1, 4);
INSERT INTO "STI"."USER"."pergunta" (ID_PERGUNTA, TEXTO, DATA, ID_USUARIO, ID_STATUS) VALUES(16, 'existe conceito de __o1', '2011-06-27', 1, 4);
INSERT INTO "STI"."USER"."pergunta" (ID_PERGUNTA, TEXTO, DATA, ID_USUARIO, ID_STATUS) VALUES(17, 'há definição de __o1', '2011-06-27', 1, 4);
INSERT INTO "STI"."USER"."pergunta" (ID_PERGUNTA, TEXTO, DATA, ID_USUARIO, ID_STATUS) VALUES(18, 'há definição sobre __o1', '2011-06-27', 1, 4);
INSERT INTO "STI"."USER"."pergunta" (ID_PERGUNTA, TEXTO, DATA, ID_USUARIO, ID_STATUS) VALUES(19, 'por que __o1 é __o2', '2011-06-27', 1, 1);
INSERT INTO "STI"."USER"."pergunta" (ID_PERGUNTA, TEXTO, DATA, ID_USUARIO, ID_STATUS) VALUES(20, 'por que __o1 não é __o2', '2011-06-27', 1, 3);
INSERT INTO "STI"."USER"."pergunta" (ID_PERGUNTA, TEXTO, DATA, ID_USUARIO, ID_STATUS) VALUES(21, 'como se divide __o1', '2011-07-14', 1, 1);
INSERT INTO "STI"."USER"."pergunta" (ID_PERGUNTA, TEXTO, DATA, ID_USUARIO, ID_STATUS) VALUES(22, 'como se classifica __o1', '2011-07-14', 1, 1);
INSERT INTO "STI"."USER"."pergunta" (ID_PERGUNTA, TEXTO, DATA, ID_USUARIO, ID_STATUS) VALUES(23, 'como é dividido __o1', '2011-07-14', 1, 1);
INSERT INTO "STI"."USER"."pergunta" (ID_PERGUNTA, TEXTO, DATA, ID_USUARIO, ID_STATUS) VALUES(24, 'como são classificados __o1', '2011-07-14', 1, 1);
INSERT INTO "STI"."USER"."pergunta" (ID_PERGUNTA, TEXTO, DATA, ID_USUARIO, ID_STATUS) VALUES(25, 'quais são os elementos de __o1', '2011-07-14', 1, 1);
INSERT INTO "STI"."USER"."pergunta" (ID_PERGUNTA, TEXTO, DATA, ID_USUARIO, ID_STATUS) VALUES(26, 'como se compõe __o1', '2011-07-14', 1, 1);
INSERT INTO "STI"."USER"."pergunta" (ID_PERGUNTA, TEXTO, DATA, ID_USUARIO, ID_STATUS) VALUES(27, 'que conhecimento você tem sobre __o1', '2011-07-18', 1, 1);
INSERT INTO "STI"."USER"."pergunta" (ID_PERGUNTA, TEXTO, DATA, ID_USUARIO, ID_STATUS) VALUES(28, 'o que você conhece sobre __o1', '2011-07-18', 1, 1);
INSERT INTO "STI"."USER"."pergunta" (ID_PERGUNTA, TEXTO, DATA, ID_USUARIO, ID_STATUS) VALUES(29, 'o que você sabe sobre __o1', '2011-07-19', 1, 1);
INSERT INTO "STI"."USER"."pergunta" (ID_PERGUNTA, TEXTO, DATA, ID_USUARIO, ID_STATUS) VALUES(30, 'que horas são', '2011-10-21', 1, 1);
INSERT INTO "STI"."USER"."pergunta" (ID_PERGUNTA, TEXTO, DATA, ID_USUARIO, ID_STATUS) VALUES(31, 'quais são os tipos de __o1', '2011-10-25', 1, 1);
INSERT INTO "STI"."USER"."pergunta" (ID_PERGUNTA, TEXTO, DATA, ID_USUARIO, ID_STATUS) VALUES(32, 'quais os tipos de __o1', '2011-10-25', 1, 1);
INSERT INTO "STI"."USER"."pergunta" (ID_PERGUNTA, TEXTO, DATA, ID_USUARIO, ID_STATUS) VALUES(33, 'onde você está', '2011-12-07', 1, 1);
INSERT INTO "STI"."USER"."pergunta" (ID_PERGUNTA, TEXTO, DATA, ID_USUARIO, ID_STATUS) VALUES(34, 'quem é você', '2011-12-07', 1, 1);
INSERT INTO "STI"."USER"."pergunta" (ID_PERGUNTA, TEXTO, DATA, ID_USUARIO, ID_STATUS) VALUES(35, 'o que tenho que fazer', '2011-12-07', 1, 1);
INSERT INTO "STI"."USER"."pergunta" (ID_PERGUNTA, TEXTO, DATA, ID_USUARIO, ID_STATUS) VALUES(36, 'como eu faço para perguntar', '2011-12-07', 1, 1);
INSERT INTO "STI"."USER"."pergunta" (ID_PERGUNTA, TEXTO, DATA, ID_USUARIO, ID_STATUS) VALUES(37, 'o que você faz', '2011-12-07', 1, 1);
INSERT INTO "STI"."USER"."pergunta" (ID_PERGUNTA, TEXTO, DATA, ID_USUARIO, ID_STATUS) VALUES(38, 'que dia é hoje', '2011-12-08', 1, 1);
INSERT INTO "STI"."USER"."pergunta" (ID_PERGUNTA, TEXTO, DATA, ID_USUARIO, ID_STATUS) VALUES(39, 'tem mais alguma coisa sobre __o1', '2012-02-08', 1, 1);
INSERT INTO "STI"."USER"."pergunta" (ID_PERGUNTA, TEXTO, DATA, ID_USUARIO, ID_STATUS) VALUES(40, 'que conteúdo você tem', '2012-05-20', 1, 1);
INSERT INTO "STI"."USER"."pergunta" (ID_PERGUNTA, TEXTO, DATA, ID_USUARIO, ID_STATUS) VALUES(41, 'quais objetos você tem', '2012-05-20', 1, 1);
INSERT INTO "STI"."USER"."pergunta" (ID_PERGUNTA, TEXTO, DATA, ID_USUARIO, ID_STATUS) VALUES(42, 'quais objetos você sabe', '2012-05-20', 1, 1);
INSERT INTO "STI"."USER"."pergunta" (ID_PERGUNTA, TEXTO, DATA, ID_USUARIO, ID_STATUS) VALUES(43, 'quais objetos de aprendizagem', '2012-05-20', 1, 1);
INSERT INTO "STI"."USER"."pergunta" (ID_PERGUNTA, TEXTO, DATA, ID_USUARIO, ID_STATUS) VALUES(44, 'que objetos de aprendizagem', '2012-05-20', 1, 1);
INSERT INTO "STI"."USER"."pergunta" (ID_PERGUNTA, TEXTO, DATA, ID_USUARIO, ID_STATUS) VALUES(45, 'que conteúdos você possui', '2012-05-20', 1, 1);
INSERT INTO "STI"."USER"."pergunta" (ID_PERGUNTA, TEXTO, DATA, ID_USUARIO, ID_STATUS) VALUES(46, 'que objetos você possui', '2012-05-20', 1, 1);
INSERT INTO "STI"."USER"."pergunta" (ID_PERGUNTA, TEXTO, DATA, ID_USUARIO, ID_STATUS) VALUES(47, 'quais conteúdos você sabe', '2012-05-20', 1, 1);
INSERT INTO "STI"."USER"."pergunta" (ID_PERGUNTA, TEXTO, DATA, ID_USUARIO, ID_STATUS) VALUES(48, 'que objetos você sabe', '2012-05-20', 1, 1);
INSERT INTO "STI"."USER"."pergunta" (ID_PERGUNTA, TEXTO, DATA, ID_USUARIO, ID_STATUS) VALUES(49, 'que objetos de aprendizagem você sabe', '2012-05-20', 1, 1);
INSERT INTO "STI"."USER"."pergunta" (ID_PERGUNTA, TEXTO, DATA, ID_USUARIO, ID_STATUS) VALUES(50, 'que objetos de aprendizagem você tem', '2012-05-20', 1, 1);
INSERT INTO "STI"."USER"."pergunta" (ID_PERGUNTA, TEXTO, DATA, ID_USUARIO, ID_STATUS) VALUES(51, 'quais objetos de aprendizagem você conhece', '2012-05-20', 1, 1);
INSERT INTO "STI"."USER"."pergunta" (ID_PERGUNTA, TEXTO, DATA, ID_USUARIO, ID_STATUS) VALUES(52, 'quais objetos você conhece', '2012-05-20', 1, 1);
INSERT INTO "STI"."USER"."pergunta" (ID_PERGUNTA, TEXTO, DATA, ID_USUARIO, ID_STATUS) VALUES(53, 'quais conteúdos você conhece', '2012-05-20', 1, 1);
INSERT INTO "STI"."USER"."pergunta" (ID_PERGUNTA, TEXTO, DATA, ID_USUARIO, ID_STATUS) VALUES(54, 'fale sobre __o1', '2012-06-13', 1, 1);
INSERT INTO "STI"."USER"."pergunta" (ID_PERGUNTA, TEXTO, DATA, ID_USUARIO, ID_STATUS) VALUES(55, 'como se define __o1', '2012-06-13', 1, 1);
INSERT INTO "STI"."USER"."pergunta" (ID_PERGUNTA, TEXTO, DATA, ID_USUARIO, ID_STATUS) VALUES(56, 'como se conceitua __o1', '2012-06-13', 1, 1);
INSERT INTO "STI"."USER"."pergunta" (ID_PERGUNTA, TEXTO, DATA, ID_USUARIO, ID_STATUS) VALUES(57, 'quais objetos eu já estudei', '2012-09-12', 1, 1);
INSERT INTO "STI"."USER"."pergunta" (ID_PERGUNTA, TEXTO, DATA, ID_USUARIO, ID_STATUS) VALUES(58, 'que objetos já estudei', '2012-09-12', 1, 1);
INSERT INTO "STI"."USER"."pergunta" (ID_PERGUNTA, TEXTO, DATA, ID_USUARIO, ID_STATUS) VALUES(59, 'que objetos eu já estudei', '2012-09-12', 1, 1);
INSERT INTO "STI"."USER"."pergunta" (ID_PERGUNTA, TEXTO, DATA, ID_USUARIO, ID_STATUS) VALUES(60, 'o que eu já estudei', '2012-09-12', 1, 1);
INSERT INTO "STI"."USER"."pergunta" (ID_PERGUNTA, TEXTO, DATA, ID_USUARIO, ID_STATUS) VALUES(61, 'que eu já estudei', '2012-09-12', 1, 1);
INSERT INTO "STI"."USER"."pergunta" (ID_PERGUNTA, TEXTO, DATA, ID_USUARIO, ID_STATUS) VALUES(62, 'que objetos eu já vi', '2012-09-12', 1, 1);
INSERT INTO "STI"."USER"."pergunta" (ID_PERGUNTA, TEXTO, DATA, ID_USUARIO, ID_STATUS) VALUES(63, 'o que já estudei', '2012-09-12', 1, 1);
INSERT INTO "STI"."USER"."pergunta" (ID_PERGUNTA, TEXTO, DATA, ID_USUARIO, ID_STATUS) VALUES(64, 'quantos objetos já estudei', '2012-09-12', 1, 1);
INSERT INTO "STI"."USER"."pergunta" (ID_PERGUNTA, TEXTO, DATA, ID_USUARIO, ID_STATUS) VALUES(65, 'que conteúdos eu já estudei', '2012-09-20', 1, 1);
INSERT INTO "STI"."USER"."pergunta" (ID_PERGUNTA, TEXTO, DATA, ID_USUARIO, ID_STATUS) VALUES(66, 'que conteúdos já estudei', '2012-09-20', 1, 1);
INSERT INTO "STI"."USER"."pergunta" (ID_PERGUNTA, TEXTO, DATA, ID_USUARIO, ID_STATUS) VALUES(67, 'que conteúdos já vi', '2012-09-20', 1, 1);
INSERT INTO "STI"."USER"."pergunta" (ID_PERGUNTA, TEXTO, DATA, ID_USUARIO, ID_STATUS) VALUES(68, 'que conteúdos eu já vi', '2012-09-20', 1, 1);
INSERT INTO "STI"."USER"."pergunta" (ID_PERGUNTA, TEXTO, DATA, ID_USUARIO, ID_STATUS) VALUES(69, 'quais conteúdos já estudei', '2012-09-20', 1, 1);
INSERT INTO "STI"."USER"."pergunta" (ID_PERGUNTA, TEXTO, DATA, ID_USUARIO, ID_STATUS) VALUES(70, 'quais conteúdos já vi', '2012-09-20', 1, 1);
INSERT INTO "STI"."USER"."pergunta" (ID_PERGUNTA, TEXTO, DATA, ID_USUARIO, ID_STATUS) VALUES(71, 'o que eu já vi', '2012-09-20', 1, 1);
INSERT INTO "STI"."USER"."pergunta" (ID_PERGUNTA, TEXTO, DATA, ID_USUARIO, ID_STATUS) VALUES(72, 'o que falta eu estudar', '2012-09-20', 1, 1);
INSERT INTO "STI"."USER"."pergunta" (ID_PERGUNTA, TEXTO, DATA, ID_USUARIO, ID_STATUS) VALUES(73, 'o que falta ver', '2012-09-20', 1, 1);
INSERT INTO "STI"."USER"."pergunta" (ID_PERGUNTA, TEXTO, DATA, ID_USUARIO, ID_STATUS) VALUES(74, 'o que está faltando estudar', '2012-09-20', 1, 1);
INSERT INTO "STI"."USER"."pergunta" (ID_PERGUNTA, TEXTO, DATA, ID_USUARIO, ID_STATUS) VALUES(75, 'o que está faltando ver', '2012-09-20', 1, 1);
INSERT INTO "STI"."USER"."pergunta" (ID_PERGUNTA, TEXTO, DATA, ID_USUARIO, ID_STATUS) VALUES(76, 'que que falta estudar', '2012-09-20', 1, 1);
INSERT INTO "STI"."USER"."pergunta" (ID_PERGUNTA, TEXTO, DATA, ID_USUARIO, ID_STATUS) VALUES(77, 'que que falta ver', '2012-09-20', 1, 1);
INSERT INTO "STI"."USER"."pergunta" (ID_PERGUNTA, TEXTO, DATA, ID_USUARIO, ID_STATUS) VALUES(78, 'que conteúdo está faltando', '2012-09-20', 1, 1);
INSERT INTO "STI"."USER"."pergunta" (ID_PERGUNTA, TEXTO, DATA, ID_USUARIO, ID_STATUS) VALUES(79, 'que objetos falta estudar', '2012-09-20', 1, 1);
INSERT INTO "STI"."USER"."pergunta" (ID_PERGUNTA, TEXTO, DATA, ID_USUARIO, ID_STATUS) VALUES(80, 'que objeto falta estudar', '2012-09-20', 1, 1);
INSERT INTO "STI"."USER"."pergunta" (ID_PERGUNTA, TEXTO, DATA, ID_USUARIO, ID_STATUS) VALUES(81, 'que conteúdos falta estudar', '2012-09-20', 1, 1);
INSERT INTO "STI"."USER"."pergunta" (ID_PERGUNTA, TEXTO, DATA, ID_USUARIO, ID_STATUS) VALUES(82, 'que conteúdos falta ver', '2012-09-20', 1, 1);
INSERT INTO "STI"."USER"."pergunta" (ID_PERGUNTA, TEXTO, DATA, ID_USUARIO, ID_STATUS) VALUES(83, 'quais objetos faltam para estudar', '2012-09-20', 1, 1);
INSERT INTO "STI"."USER"."pergunta" (ID_PERGUNTA, TEXTO, DATA, ID_USUARIO, ID_STATUS) VALUES(84, 'quais conteúdos faltam para estudar', '2012-09-20', 1, 1);
INSERT INTO "STI"."USER"."pergunta" (ID_PERGUNTA, TEXTO, DATA, ID_USUARIO, ID_STATUS) VALUES(85, 'quais objetos faltam para ver', '2012-09-20', 1, 1);
INSERT INTO "STI"."USER"."pergunta" (ID_PERGUNTA, TEXTO, DATA, ID_USUARIO, ID_STATUS) VALUES(86, 'quais conteúdos faltam para ver', '2012-09-20', 1, 1);
INSERT INTO "STI"."USER"."pergunta" (ID_PERGUNTA, TEXTO, DATA, ID_USUARIO, ID_STATUS) VALUES(87, '__o1 é a mesma coisa que __o2', '2012-10-01', 1, 1);
INSERT INTO "STI"."USER"."pergunta" (ID_PERGUNTA, TEXTO, DATA, ID_USUARIO, ID_STATUS) VALUES(88, 'conceitue __o1', '2012-10-23', 1, 1);
INSERT INTO "STI"."USER"."pergunta" (ID_PERGUNTA, TEXTO, DATA, ID_USUARIO, ID_STATUS) VALUES(89, 'você tem link sobre __o1', '2012-10-24', 1, 1);
INSERT INTO "STI"."USER"."pergunta" (ID_PERGUNTA, TEXTO, DATA, ID_USUARIO, ID_STATUS) VALUES(90, 'há link sobre __o1', '2012-10-24', 1, 1);
INSERT INTO "STI"."USER"."pergunta" (ID_PERGUNTA, TEXTO, DATA, ID_USUARIO, ID_STATUS) VALUES(91, 'existe link sobre __o1', '2012-10-24', 1, 1);
INSERT INTO "STI"."USER"."pergunta" (ID_PERGUNTA, TEXTO, DATA, ID_USUARIO, ID_STATUS) VALUES(92, 'você tem links sobre __o1', '2012-10-24', 1, 1);
INSERT INTO "STI"."USER"."pergunta" (ID_PERGUNTA, TEXTO, DATA, ID_USUARIO, ID_STATUS) VALUES(93, 'há links sobre __o1', '2012-10-24', 1, 1);
INSERT INTO "STI"."USER"."pergunta" (ID_PERGUNTA, TEXTO, DATA, ID_USUARIO, ID_STATUS) VALUES(94, 'existem links sobre __o1', '2012-10-24', 1, 1);
INSERT INTO "STI"."USER"."pergunta" (ID_PERGUNTA, TEXTO, DATA, ID_USUARIO, ID_STATUS) VALUES(95, 'tem algum link sobre __o1', '2012-10-24', 1, 1);
INSERT INTO "STI"."USER"."pergunta" (ID_PERGUNTA, TEXTO, DATA, ID_USUARIO, ID_STATUS) VALUES(96, 'dê um link sobre __o1', '2012-10-24', 1, 1);
INSERT INTO "STI"."USER"."pergunta" (ID_PERGUNTA, TEXTO, DATA, ID_USUARIO, ID_STATUS) VALUES(97, 'dê algum link sobre __o1', '2012-10-24', 1, 1);
INSERT INTO "STI"."USER"."pergunta" (ID_PERGUNTA, TEXTO, DATA, ID_USUARIO, ID_STATUS) VALUES(98, 'dê links sobre __o1', '2012-10-24', 1, 1);
INSERT INTO "STI"."USER"."pergunta" (ID_PERGUNTA, TEXTO, DATA, ID_USUARIO, ID_STATUS) VALUES(99, 'dê alguns links sobre __o1', '2012-10-24', 1, 1);
INSERT INTO "STI"."USER"."pergunta" (ID_PERGUNTA, TEXTO, DATA, ID_USUARIO, ID_STATUS) VALUES(100, 'dê algum link sobre __o1', '2012-10-24', 1, 1);
INSERT INTO "STI"."USER"."pergunta" (ID_PERGUNTA, TEXTO, DATA, ID_USUARIO, ID_STATUS) VALUES(101, 'dê o mapa da episteme', '2012-05-15', 1, 1);
INSERT INTO "STI"."USER"."pergunta" (ID_PERGUNTA, TEXTO, DATA, ID_USUARIO, ID_STATUS) VALUES(102, 'dê o mapa ontológico', '2012-05-15', 1, 1);
INSERT INTO "STI"."USER"."pergunta" (ID_PERGUNTA, TEXTO, DATA, ID_USUARIO, ID_STATUS) VALUES(103, 'mostre o mapa da episteme', '2012-05-15', 1, 1);
INSERT INTO "STI"."USER"."pergunta" (ID_PERGUNTA, TEXTO, DATA, ID_USUARIO, ID_STATUS) VALUES(104, 'mostre o mapa ontológico', '2012-05-15', 1, 1);
INSERT INTO "STI"."USER"."pergunta" (ID_PERGUNTA, TEXTO, DATA, ID_USUARIO, ID_STATUS) VALUES(105, 'mostre a ontologia da disciplina', '2012-05-15', 1, 1);
INSERT INTO "STI"."USER"."pergunta" (ID_PERGUNTA, TEXTO, DATA, ID_USUARIO, ID_STATUS) VALUES(106, 'dê a hierarquia de objetos', '2012-05-16', 1, 1);
INSERT INTO "STI"."USER"."pergunta" (ID_PERGUNTA, TEXTO, DATA, ID_USUARIO, ID_STATUS) VALUES(107, 'mostre a hierarquia de objetos', '2012-05-16', 1, 1);
INSERT INTO "STI"."USER"."pergunta" (ID_PERGUNTA, TEXTO, DATA, ID_USUARIO, ID_STATUS) VALUES(108, 'acesse a pilha de objetos ', '2013-05-28', 1, 1);
INSERT INTO "STI"."USER"."pergunta" (ID_PERGUNTA, TEXTO, DATA, ID_USUARIO, ID_STATUS) VALUES(109, 'acesse a pilha de objetos consultados', '2013-05-28', 1, 1);
INSERT INTO "STI"."USER"."pergunta" (ID_PERGUNTA, TEXTO, DATA, ID_USUARIO, ID_STATUS) VALUES(110, 'acesse a pilha de objetos consultados', '2013-05-28', 1, 1);
INSERT INTO "STI"."USER"."pergunta" (ID_PERGUNTA, TEXTO, DATA, ID_USUARIO, ID_STATUS) VALUES(111, 'existe relação entre __o1 e __o2', '2013-08-25', 1, 1);
INSERT INTO "STI"."USER"."pergunta" (ID_PERGUNTA, TEXTO, DATA, ID_USUARIO, ID_STATUS) VALUES(112, 'existe algo a ver entre __o1 e __o2', '2013-08-25', 1, 1);
INSERT INTO "STI"."USER"."pergunta" (ID_PERGUNTA, TEXTO, DATA, ID_USUARIO, ID_STATUS) VALUES(113, 'mostre as triplas rdf', '2013-09-26', 1, 1);
INSERT INTO "STI"."USER"."pergunta" (ID_PERGUNTA, TEXTO, DATA, ID_USUARIO, ID_STATUS) VALUES(114, 'mostre a ontologia no formato OWL', '2013-09-27', 1, 1);
INSERT INTO "STI"."USER"."pergunta" (ID_PERGUNTA, TEXTO, DATA, ID_USUARIO, ID_STATUS) VALUES(115, 'mostre o mapa r2rml', '2013-10-04', 1, 1);
INSERT INTO "STI"."USER"."pergunta" (ID_PERGUNTA, TEXTO, DATA, ID_USUARIO, ID_STATUS) VALUES(116, 'qual a aplicação de __o1', '2014-06-06', 1, 1);
INSERT INTO "STI"."USER"."pergunta" (ID_PERGUNTA, TEXTO, DATA, ID_USUARIO, ID_STATUS) VALUES(117, 'quais as aplicações de __o1', '2014-06-06', 1, 1);
INSERT INTO "STI"."USER"."pergunta" (ID_PERGUNTA, TEXTO, DATA, ID_USUARIO, ID_STATUS) VALUES(118, 'quais as dimensões de __o1', '2014-06-07', 1, 1);
INSERT INTO "STI"."USER"."pergunta" (ID_PERGUNTA, TEXTO, DATA, ID_USUARIO, ID_STATUS) VALUES(119, 'quais os itens de __o1', '2014-06-07', 1, 1);
INSERT INTO "STI"."USER"."pergunta" (ID_PERGUNTA, TEXTO, DATA, ID_USUARIO, ID_STATUS) VALUES(120, 'quais são os itens de __o1', '2014-06-07', 1, 1);
INSERT INTO "STI"."USER"."pergunta" (ID_PERGUNTA, TEXTO, DATA, ID_USUARIO, ID_STATUS) VALUES(121, 'quais são os itens relativos a __o1', '2014-06-07', 1, 1);
INSERT INTO "STI"."USER"."pergunta" (ID_PERGUNTA, TEXTO, DATA, ID_USUARIO, ID_STATUS) VALUES(122, 'comente sobre __o1', '2014-06-08', 1, 1);
INSERT INTO "STI"."USER"."pergunta" (ID_PERGUNTA, TEXTO, DATA, ID_USUARIO, ID_STATUS) VALUES(123, 'faça comentário sobre __o1', '2014-06-08', 1, 1);
INSERT INTO "STI"."USER"."pergunta" (ID_PERGUNTA, TEXTO, DATA, ID_USUARIO, ID_STATUS) VALUES(124, 'quais as propriedades de __o1', '2014-06-09', 1, 1);
INSERT INTO "STI"."USER"."pergunta" (ID_PERGUNTA, TEXTO, DATA, ID_USUARIO, ID_STATUS) VALUES(125, 'quais são as propriedades de __o1', '2014-06-09', 1, 1);
INSERT INTO "STI"."USER"."pergunta" (ID_PERGUNTA, TEXTO, DATA, ID_USUARIO, ID_STATUS) VALUES(126, 'qual a propriedade de __o1', '2014-06-09', 1, 1);
INSERT INTO "STI"."USER"."pergunta" (ID_PERGUNTA, TEXTO, DATA, ID_USUARIO, ID_STATUS) VALUES(127, 'quais são as operações de __o1', '2014-06-10', 1, 1);
INSERT INTO "STI"."USER"."pergunta" (ID_PERGUNTA, TEXTO, DATA, ID_USUARIO, ID_STATUS) VALUES(128, 'tem imagem sobre __o1', '2014-06-14', 1, 1);
INSERT INTO "STI"."USER"."pergunta" (ID_PERGUNTA, TEXTO, DATA, ID_USUARIO, ID_STATUS) VALUES(129, 'tem diagrama sobre __o1', '2014-06-14', 1, 1);
INSERT INTO "STI"."USER"."pergunta" (ID_PERGUNTA, TEXTO, DATA, ID_USUARIO, ID_STATUS) VALUES(130, 'tem alguma imagem sobre __o1', '2014-06-14', 1, 1);
INSERT INTO "STI"."USER"."pergunta" (ID_PERGUNTA, TEXTO, DATA, ID_USUARIO, ID_STATUS) VALUES(131, 'tem algum diagrama sobre __o1', '2014-06-14', 1, 1);
INSERT INTO "STI"."USER"."pergunta" (ID_PERGUNTA, TEXTO, DATA, ID_USUARIO, ID_STATUS) VALUES(132, 'mostre diagrama de __o1', '2014-06-18', 1, 1);
INSERT INTO "STI"."USER"."pergunta" (ID_PERGUNTA, TEXTO, DATA, ID_USUARIO, ID_STATUS) VALUES(133, 'mostre imagem de __o1', '2014-06-18', 1, 1);
INSERT INTO "STI"."USER"."pergunta" (ID_PERGUNTA, TEXTO, DATA, ID_USUARIO, ID_STATUS) VALUES(134, 'mostre alguma imagem de __o1', '2014-06-18', 1, 1);
INSERT INTO "STI"."USER"."pergunta" (ID_PERGUNTA, TEXTO, DATA, ID_USUARIO, ID_STATUS) VALUES(135, 'mostre algum diagrama de __o1', '2014-06-18', 1, 1);
INSERT INTO "STI"."USER"."pergunta" (ID_PERGUNTA, TEXTO, DATA, ID_USUARIO, ID_STATUS) VALUES(136, 'quais os módulos de __o1', '2014-07-07', 1, 1);
INSERT INTO "STI"."USER"."pergunta" (ID_PERGUNTA, TEXTO, DATA, ID_USUARIO, ID_STATUS) VALUES(137, 'dê um módulo de um __o1', '2014-07-07', 1, 1);
INSERT INTO "STI"."USER"."pergunta" (ID_PERGUNTA, TEXTO, DATA, ID_USUARIO, ID_STATUS) VALUES(138, 'quem foi __o1', '2014-07-13', 1, 1);
INSERT INTO "STI"."USER"."pergunta" (ID_PERGUNTA, TEXTO, DATA, ID_USUARIO, ID_STATUS) VALUES(139, 'quem era __o1', '2014-07-13', 1, 1);
INSERT INTO "STI"."USER"."pergunta" (ID_PERGUNTA, TEXTO, DATA, ID_USUARIO, ID_STATUS) VALUES(140, 'tem foto de __o1', '2014-07-13', 1, 1);
INSERT INTO "STI"."USER"."pergunta" (ID_PERGUNTA, TEXTO, DATA, ID_USUARIO, ID_STATUS) VALUES(141, 'há foto de __o1', '2014-07-13', 1, 1);
INSERT INTO "STI"."USER"."pergunta" (ID_PERGUNTA, TEXTO, DATA, ID_USUARIO, ID_STATUS) VALUES(142, 'mostre a lista de exercícios', '2014-07-22', 1, 1);
INSERT INTO "STI"."USER"."pergunta" (ID_PERGUNTA, TEXTO, DATA, ID_USUARIO, ID_STATUS) VALUES(143, 'gere a lista de exercícios', '2014-07-22', 1, 1);
INSERT INTO "STI"."USER"."pergunta" (ID_PERGUNTA, TEXTO, DATA, ID_USUARIO, ID_STATUS) VALUES(144, 'mostre os exercícios', '2014-07-22', 1, 1);
INSERT INTO "STI"."USER"."pergunta" (ID_PERGUNTA, TEXTO, DATA, ID_USUARIO, ID_STATUS) VALUES(145, 'gere os exercícios', '2014-07-22', 1, 1);
INSERT INTO "STI"."USER"."pergunta" (ID_PERGUNTA, TEXTO, DATA, ID_USUARIO, ID_STATUS) VALUES(146, 'mostre a página dos exercícios', '2014-07-22', 1, 1);
INSERT INTO "STI"."USER"."pergunta" (ID_PERGUNTA, TEXTO, DATA, ID_USUARIO, ID_STATUS) VALUES(147, 'gere a página dos exercícios', '2014-07-22', 1, 1);
INSERT INTO "STI"."USER"."pergunta" (ID_PERGUNTA, TEXTO, DATA, ID_USUARIO, ID_STATUS) VALUES(148, 'qual o meu aproveitamento geral', '2014-07-24', 1, 1);
INSERT INTO "STI"."USER"."pergunta" (ID_PERGUNTA, TEXTO, DATA, ID_USUARIO, ID_STATUS) VALUES(149, 'qual o meu aproveitamento detalhado', '2014-07-24', 1, 1);
INSERT INTO "STI"."USER"."pergunta" (ID_PERGUNTA, TEXTO, DATA, ID_USUARIO, ID_STATUS) VALUES(150, 'qual a minha performance geral', '2014-07-24', 1, 1);
INSERT INTO "STI"."USER"."pergunta" (ID_PERGUNTA, TEXTO, DATA, ID_USUARIO, ID_STATUS) VALUES(151, 'qual a minha performance detalhada', '2014-07-24', 1, 1);
INSERT INTO "STI"."USER"."pergunta" (ID_PERGUNTA, TEXTO, DATA, ID_USUARIO, ID_STATUS) VALUES(152, 'qual a minha avaliação geral', '2014-07-24', 1, 1);
INSERT INTO "STI"."USER"."pergunta" (ID_PERGUNTA, TEXTO, DATA, ID_USUARIO, ID_STATUS) VALUES(153, 'qual a minha avaliação detalhada', '2014-07-24', 1, 1);
INSERT INTO "STI"."USER"."pergunta" (ID_PERGUNTA, TEXTO, DATA, ID_USUARIO, ID_STATUS) VALUES(154, 'que conteúdos eu preciso reforçar', '2014-07-24', 1, 1);
INSERT INTO "STI"."USER"."pergunta" (ID_PERGUNTA, TEXTO, DATA, ID_USUARIO, ID_STATUS) VALUES(155, 'que objetos eu preciso revisar', '2014-07-24', 1, 1);
INSERT INTO "STI"."USER"."pergunta" (ID_PERGUNTA, TEXTO, DATA, ID_USUARIO, ID_STATUS) VALUES(156, 'que conteúdos eu preciso revisar', '2014-07-24', 1, 1);
INSERT INTO "STI"."USER"."pergunta" (ID_PERGUNTA, TEXTO, DATA, ID_USUARIO, ID_STATUS) VALUES(157, 'que objetos eu preciso revisar', '2014-07-24', 1, 1);
INSERT INTO "STI"."USER"."pergunta" (ID_PERGUNTA, TEXTO, DATA, ID_USUARIO, ID_STATUS) VALUES(158, 'há implementação de __o1', '2014-07-28', 1, 1);
INSERT INTO "STI"."USER"."pergunta" (ID_PERGUNTA, TEXTO, DATA, ID_USUARIO, ID_STATUS) VALUES(159, 'existe implementação de __o1', '2014-07-28', 1, 1);
INSERT INTO "STI"."USER"."pergunta" (ID_PERGUNTA, TEXTO, DATA, ID_USUARIO, ID_STATUS) VALUES(160, 'tem implementação de __o1', '2014-07-28', 1, 1);
INSERT INTO "STI"."USER"."pergunta" (ID_PERGUNTA, TEXTO, DATA, ID_USUARIO, ID_STATUS) VALUES(161, 'há software de __o1', '2014-07-28', 1, 1);
INSERT INTO "STI"."USER"."pergunta" (ID_PERGUNTA, TEXTO, DATA, ID_USUARIO, ID_STATUS) VALUES(162, 'existe software de __o1', '2014-07-28', 1, 1);
INSERT INTO "STI"."USER"."pergunta" (ID_PERGUNTA, TEXTO, DATA, ID_USUARIO, ID_STATUS) VALUES(163, 'tem software de __o1', '2014-07-28', 1, 1);
INSERT INTO "STI"."USER"."pergunta" (ID_PERGUNTA, TEXTO, DATA, ID_USUARIO, ID_STATUS) VALUES(164, 'tem vídeo sobre __o1', '2014-07-29', 1, 1);
INSERT INTO "STI"."USER"."pergunta" (ID_PERGUNTA, TEXTO, DATA, ID_USUARIO, ID_STATUS) VALUES(165, 'existe vídeo sobre __o1', '2014-07-29', 1, 1);
INSERT INTO "STI"."USER"."pergunta" (ID_PERGUNTA, TEXTO, DATA, ID_USUARIO, ID_STATUS) VALUES(166, 'há vídeo sobre __o1', '2014-07-29', 1, 1);
INSERT INTO "STI"."USER"."pergunta" (ID_PERGUNTA, TEXTO, DATA, ID_USUARIO, ID_STATUS) VALUES(167, 'tem vídeos sobre __o1', '2014-07-29', 1, 1);
INSERT INTO "STI"."USER"."pergunta" (ID_PERGUNTA, TEXTO, DATA, ID_USUARIO, ID_STATUS) VALUES(168, 'existe vídeos sobre __o1', '2014-07-29', 1, 1);
INSERT INTO "STI"."USER"."pergunta" (ID_PERGUNTA, TEXTO, DATA, ID_USUARIO, ID_STATUS) VALUES(169, 'há vídeos sobre __o1', '2014-07-29', 1, 1);
INSERT INTO "STI"."USER"."pergunta" (ID_PERGUNTA, TEXTO, DATA, ID_USUARIO, ID_STATUS) VALUES(170, 'tem artigo sobre __o1', '2014-07-29', 1, 1);
INSERT INTO "STI"."USER"."pergunta" (ID_PERGUNTA, TEXTO, DATA, ID_USUARIO, ID_STATUS) VALUES(171, 'existe artigo sobre __o1', '2014-07-29', 1, 1);
INSERT INTO "STI"."USER"."pergunta" (ID_PERGUNTA, TEXTO, DATA, ID_USUARIO, ID_STATUS) VALUES(172, 'há artigo sobre __o1', '2014-07-29', 1, 1);
INSERT INTO "STI"."USER"."pergunta" (ID_PERGUNTA, TEXTO, DATA, ID_USUARIO, ID_STATUS) VALUES(173, 'tem artigos sobre __o1', '2014-07-29', 1, 1);
INSERT INTO "STI"."USER"."pergunta" (ID_PERGUNTA, TEXTO, DATA, ID_USUARIO, ID_STATUS) VALUES(174, 'existe artigos sobre __o1', '2014-07-29', 1, 1);
INSERT INTO "STI"."USER"."pergunta" (ID_PERGUNTA, TEXTO, DATA, ID_USUARIO, ID_STATUS) VALUES(175, 'há artigos sobre __o1', '2014-07-29', 1, 1);
INSERT INTO "STI"."USER"."pergunta" (ID_PERGUNTA, TEXTO, DATA, ID_USUARIO, ID_STATUS) VALUES(176, 'quais as fases relativas a __o1', '2014-08-08', 1, 1);
INSERT INTO "STI"."USER"."pergunta" (ID_PERGUNTA, TEXTO, DATA, ID_USUARIO, ID_STATUS) VALUES(177, 'quais as etapas relativas a __o1', '2014-08-08', 1, 1);
INSERT INTO "STI"."USER"."pergunta" (ID_PERGUNTA, TEXTO, DATA, ID_USUARIO, ID_STATUS) VALUES(178, 'quais as fases relacionadas a __o1', '2014-08-08', 1, 1);
INSERT INTO "STI"."USER"."pergunta" (ID_PERGUNTA, TEXTO, DATA, ID_USUARIO, ID_STATUS) VALUES(179, 'quais as etapas relacionadas a __o1', '2014-08-08', 1, 1);

INSERT INTO "STI"."USER"."preobjeto" (ID_PREOBJETO, PREOBJETO, ID_OBJETO, DATA, ID_USUARIO) VALUES(1, 'conhecmento', 3, '2011-09-26', 1);
INSERT INTO "STI"."USER"."preobjeto" (ID_PREOBJETO, PREOBJETO, ID_OBJETO, DATA, ID_USUARIO) VALUES(2, 'conhecimeto', 3, '2011-09-26', 1);
INSERT INTO "STI"."USER"."preobjeto" (ID_PREOBJETO, PREOBJETO, ID_OBJETO, DATA, ID_USUARIO) VALUES(3, 'conecimento', 3, '2011-09-26', 1);
INSERT INTO "STI"."USER"."preobjeto" (ID_PREOBJETO, PREOBJETO, ID_OBJETO, DATA, ID_USUARIO) VALUES(4, 'conhecimetno', 3, '2011-09-26', 1);
INSERT INTO "STI"."USER"."preobjeto" (ID_PREOBJETO, PREOBJETO, ID_OBJETO, DATA, ID_USUARIO) VALUES(5, 'informaçao', 2, '2011-09-26', 1);
INSERT INTO "STI"."USER"."preobjeto" (ID_PREOBJETO, PREOBJETO, ID_OBJETO, DATA, ID_USUARIO) VALUES(6, 'informacao', 2, '2011-09-26', 1);
INSERT INTO "STI"."USER"."preobjeto" (ID_PREOBJETO, PREOBJETO, ID_OBJETO, DATA, ID_USUARIO) VALUES(7, 'IA', 20, '2014-06-05', 1);
INSERT INTO "STI"."USER"."preobjeto" (ID_PREOBJETO, PREOBJETO, ID_OBJETO, DATA, ID_USUARIO) VALUES(8, 'I.A.', 20, '2014-06-08', 1);
INSERT INTO "STI"."USER"."preobjeto" (ID_PREOBJETO, PREOBJETO, ID_OBJETO, DATA, ID_USUARIO) VALUES(9, 'ia', 20, '2014-06-08', 1);
INSERT INTO "STI"."USER"."preobjeto" (ID_PREOBJETO, PREOBJETO, ID_OBJETO, DATA, ID_USUARIO) VALUES(10, 'i.a.', 20, '2014-06-08', 1);

INSERT INTO "STI"."USER"."propriedade" (ID_PROPRIEDADE, PROPRIEDADE, GENERO, DATA, ID_USUARIO) VALUES(1, 'dimensão epistemológica', 1, '2011-10-27 17:25:54', 1);
INSERT INTO "STI"."USER"."propriedade" (ID_PROPRIEDADE, PROPRIEDADE, GENERO, DATA, ID_USUARIO) VALUES(2, 'dimensão ontológica', 1, '2011-10-27 17:26:08', 1);
INSERT INTO "STI"."USER"."propriedade" (ID_PROPRIEDADE, PROPRIEDADE, GENERO, DATA, ID_USUARIO) VALUES(3, 'critério hierárquico', 0, '2012-10-23 15:31:36', 1);
INSERT INTO "STI"."USER"."propriedade" (ID_PROPRIEDADE, PROPRIEDADE, GENERO, DATA, ID_USUARIO) VALUES(4, 'tipos de IA', 0, '2014-06-10 00:00:00', 1);

INSERT INTO "STI"."USER"."qualificador" (ID_QUALIFICADOR, QUALIFICADOR, DATA, ID_USUARIO) VALUES(1, 'genérico', '2011-07-12', 1);
INSERT INTO "STI"."USER"."qualificador" (ID_QUALIFICADOR, QUALIFICADOR, DATA, ID_USUARIO) VALUES(2, 'específico', '2011-07-12', 1);
INSERT INTO "STI"."USER"."qualificador" (ID_QUALIFICADOR, QUALIFICADOR, DATA, ID_USUARIO) VALUES(3, 'geral', '2011-07-12', 1);
INSERT INTO "STI"."USER"."qualificador" (ID_QUALIFICADOR, QUALIFICADOR, DATA, ID_USUARIO) VALUES(4, 'particular', '2011-07-12', 1);
INSERT INTO "STI"."USER"."qualificador" (ID_QUALIFICADOR, QUALIFICADOR, DATA, ID_USUARIO) VALUES(5, 'simples', '2011-07-12', 1);
INSERT INTO "STI"."USER"."qualificador" (ID_QUALIFICADOR, QUALIFICADOR, DATA, ID_USUARIO) VALUES(6, 'complexo', '2011-07-12', 1);
INSERT INTO "STI"."USER"."qualificador" (ID_QUALIFICADOR, QUALIFICADOR, DATA, ID_USUARIO) VALUES(7, 'limitado', '2011-07-12', 1);
INSERT INTO "STI"."USER"."qualificador" (ID_QUALIFICADOR, QUALIFICADOR, DATA, ID_USUARIO) VALUES(8, 'abrangente', '2011-07-12', 1);
INSERT INTO "STI"."USER"."qualificador" (ID_QUALIFICADOR, QUALIFICADOR, DATA, ID_USUARIO) VALUES(9, 'pequeno', '2011-07-12', 1);
INSERT INTO "STI"."USER"."qualificador" (ID_QUALIFICADOR, QUALIFICADOR, DATA, ID_USUARIO) VALUES(10, 'grande', '2011-07-12', 1);
INSERT INTO "STI"."USER"."qualificador" (ID_QUALIFICADOR, QUALIFICADOR, DATA, ID_USUARIO) VALUES(11, 'alto nível', '2011-07-12', 1);
INSERT INTO "STI"."USER"."qualificador" (ID_QUALIFICADOR, QUALIFICADOR, DATA, ID_USUARIO) VALUES(12, 'baixo nível', '2011-07-12', 1);
INSERT INTO "STI"."USER"."qualificador" (ID_QUALIFICADOR, QUALIFICADOR, DATA, ID_USUARIO) VALUES(13, 'formal', '2011-07-12', 1);
INSERT INTO "STI"."USER"."qualificador" (ID_QUALIFICADOR, QUALIFICADOR, DATA, ID_USUARIO) VALUES(14, 'informal', '2011-07-12', 1);
INSERT INTO "STI"."USER"."qualificador" (ID_QUALIFICADOR, QUALIFICADOR, DATA, ID_USUARIO) VALUES(15, 'menor', '2011-07-12', 1);
INSERT INTO "STI"."USER"."qualificador" (ID_QUALIFICADOR, QUALIFICADOR, DATA, ID_USUARIO) VALUES(16, 'maior', '2011-07-12', 1);
INSERT INTO "STI"."USER"."qualificador" (ID_QUALIFICADOR, QUALIFICADOR, DATA, ID_USUARIO) VALUES(17, 'leve', '2011-07-12', 1);
INSERT INTO "STI"."USER"."qualificador" (ID_QUALIFICADOR, QUALIFICADOR, DATA, ID_USUARIO) VALUES(18, 'pesado', '2011-07-12', 1);

INSERT INTO "STI"."USER"."relacao" (ID, ID_RELACAO, ID_OBJETO) VALUES(1, 1, 1);
INSERT INTO "STI"."USER"."relacao" (ID, ID_RELACAO, ID_OBJETO) VALUES(2, 1, 2);
INSERT INTO "STI"."USER"."relacao" (ID, ID_RELACAO, ID_OBJETO) VALUES(3, 2, 1);
INSERT INTO "STI"."USER"."relacao" (ID, ID_RELACAO, ID_OBJETO) VALUES(4, 2, 2);
INSERT INTO "STI"."USER"."relacao" (ID, ID_RELACAO, ID_OBJETO) VALUES(5, 3, 21);
INSERT INTO "STI"."USER"."relacao" (ID, ID_RELACAO, ID_OBJETO) VALUES(6, 3, 22);
INSERT INTO "STI"."USER"."relacao" (ID, ID_RELACAO, ID_OBJETO) VALUES(7, 4, 21);
INSERT INTO "STI"."USER"."relacao" (ID, ID_RELACAO, ID_OBJETO) VALUES(8, 4, 23);
INSERT INTO "STI"."USER"."relacao" (ID, ID_RELACAO, ID_OBJETO) VALUES(9, 5, 22);
INSERT INTO "STI"."USER"."relacao" (ID, ID_RELACAO, ID_OBJETO) VALUES(10, 5, 23);
INSERT INTO "STI"."USER"."relacao" (ID, ID_RELACAO, ID_OBJETO) VALUES(11, 6, 44);
INSERT INTO "STI"."USER"."relacao" (ID, ID_RELACAO, ID_OBJETO) VALUES(12, 6, 45);
INSERT INTO "STI"."USER"."relacao" (ID, ID_RELACAO, ID_OBJETO) VALUES(13, 7, 46);
INSERT INTO "STI"."USER"."relacao" (ID, ID_RELACAO, ID_OBJETO) VALUES(14, 7, 47);
INSERT INTO "STI"."USER"."relacao" (ID, ID_RELACAO, ID_OBJETO) VALUES(15, 8, 52);
INSERT INTO "STI"."USER"."relacao" (ID, ID_RELACAO, ID_OBJETO) VALUES(16, 8, 56);
INSERT INTO "STI"."USER"."relacao" (ID, ID_RELACAO, ID_OBJETO) VALUES(17, 9, 73);
INSERT INTO "STI"."USER"."relacao" (ID, ID_RELACAO, ID_OBJETO) VALUES(18, 9, 74);

INSERT INTO "STI"."USER"."resposta" (ID_RESPOSTA, PREFIXO, TEXTO, ID_ATRIBUTO, DATA, ID_USUARIO) VALUES(1, 'conforme __a', 'por exemplo, __o pode ser __v', 2, '2011-07-19', 1);
INSERT INTO "STI"."USER"."resposta" (ID_RESPOSTA, PREFIXO, TEXTO, ID_ATRIBUTO, DATA, ID_USUARIO) VALUES(2, 'de acordo com __a', 'como exemplo __q, __o pode se referir a __v', 2, '2011-07-19', 1);
INSERT INTO "STI"."USER"."resposta" (ID_RESPOSTA, PREFIXO, TEXTO, ID_ATRIBUTO, DATA, ID_USUARIO) VALUES(3, '__a coloca que', 'como exemplo __q, __o pode ser entendido" (a) como __v', 2, '2011-07-19', 1);
INSERT INTO "STI"."USER"."resposta" (ID_RESPOSTA, PREFIXO, TEXTO, ID_ATRIBUTO, DATA, ID_USUARIO) VALUES(4, 'de acordo com __a', 'como exemplo __q de __o, __v', 2, '2011-07-19', 1);
INSERT INTO "STI"."USER"."resposta" (ID_RESPOSTA, PREFIXO, TEXTO, ID_ATRIBUTO, DATA, ID_USUARIO) VALUES(5, 'conforme __a', 'por exemplo, __o pode se referir a __v', 2, '2011-07-19', 1);
INSERT INTO "STI"."USER"."resposta" (ID_RESPOSTA, PREFIXO, TEXTO, ID_ATRIBUTO, DATA, ID_USUARIO) VALUES(6, 'de acordo com __a', '__o significa __v', 1, '2011-07-19', 1);
INSERT INTO "STI"."USER"."resposta" (ID_RESPOSTA, PREFIXO, TEXTO, ID_ATRIBUTO, DATA, ID_USUARIO) VALUES(7, 'conforme __a', '__o refere-se a __v', 1, '2011-07-19', 1);
INSERT INTO "STI"."USER"."resposta" (ID_RESPOSTA, PREFIXO, TEXTO, ID_ATRIBUTO, DATA, ID_USUARIO) VALUES(8, 'conforme __a', '__o quer dizer __v', 1, '2011-07-19', 1);
INSERT INTO "STI"."USER"."resposta" (ID_RESPOSTA, PREFIXO, TEXTO, ID_ATRIBUTO, DATA, ID_USUARIO) VALUES(9, 'de acordo com __a', '__o refere-se a __v', 1, '2011-07-19', 1);
INSERT INTO "STI"."USER"."resposta" (ID_RESPOSTA, PREFIXO, TEXTO, ID_ATRIBUTO, DATA, ID_USUARIO) VALUES(10, 'conforme __a', '__o significa __v', 1, '2011-07-19', 1);
INSERT INTO "STI"."USER"."resposta" (ID_RESPOSTA, PREFIXO, TEXTO, ID_ATRIBUTO, DATA, ID_USUARIO) VALUES(11, 'conforme __a', '__v', 3, '2011-07-19', 1);
INSERT INTO "STI"."USER"."resposta" (ID_RESPOSTA, PREFIXO, TEXTO, ID_ATRIBUTO, DATA, ID_USUARIO) VALUES(12, 'na linha de __a', '__v', 3, '2011-07-19', 1);
INSERT INTO "STI"."USER"."resposta" (ID_RESPOSTA, PREFIXO, TEXTO, ID_ATRIBUTO, DATA, ID_USUARIO) VALUES(13, 'conforme __a', 'divide-se em', 21, '2011-10-25', 1);
INSERT INTO "STI"."USER"."resposta" (ID_RESPOSTA, PREFIXO, TEXTO, ID_ATRIBUTO, DATA, ID_USUARIO) VALUES(14, 'de acordo com __a', 'é composto de', 21, '2011-10-25', 1);
INSERT INTO "STI"."USER"."resposta" (ID_RESPOSTA, PREFIXO, TEXTO, ID_ATRIBUTO, DATA, ID_USUARIO) VALUES(15, 'conforme __a', 'é dividido em ', 21, '2011-10-25', 1);
INSERT INTO "STI"."USER"."resposta" (ID_RESPOSTA, PREFIXO, TEXTO, ID_ATRIBUTO, DATA, ID_USUARIO) VALUES(16, 'de acordo com __a', 'compõe-se de', 21, '2011-10-25', 1);
INSERT INTO "STI"."USER"."resposta" (ID_RESPOSTA, PREFIXO, TEXTO, ID_ATRIBUTO, DATA, ID_USUARIO) VALUES(17, 'conforme __a', 'é classificado em', 21, '2011-10-27', 1);
INSERT INTO "STI"."USER"."resposta" (ID_RESPOSTA, PREFIXO, TEXTO, ID_ATRIBUTO, DATA, ID_USUARIO) VALUES(18, 'de acordo com __a', 'classifica-se em', 21, '2011-10-27', 1);
INSERT INTO "STI"."USER"."resposta" (ID_RESPOSTA, PREFIXO, TEXTO, ID_ATRIBUTO, DATA, ID_USUARIO) VALUES(19, 'conforme __a', '__v', 4, '2012-02-08', 1);
INSERT INTO "STI"."USER"."resposta" (ID_RESPOSTA, PREFIXO, TEXTO, ID_ATRIBUTO, DATA, ID_USUARIO) VALUES(20, 'de acordo com __a', '__v', 4, '2012-02-08', 1);
INSERT INTO "STI"."USER"."resposta" (ID_RESPOSTA, PREFIXO, TEXTO, ID_ATRIBUTO, DATA, ID_USUARIO) VALUES(21, 'conforme __a', 'é interessante ressaltar ainda que __v', 4, '2012-02-08', 1);
INSERT INTO "STI"."USER"."resposta" (ID_RESPOSTA, PREFIXO, TEXTO, ID_ATRIBUTO, DATA, ID_USUARIO) VALUES(22, 'de acordo com __a', 'é interessante colocar também que __v', 4, '2012-02-08', 1);
INSERT INTO "STI"."USER"."resposta" (ID_RESPOSTA, PREFIXO, TEXTO, ID_ATRIBUTO, DATA, ID_USUARIO) VALUES(23, 'conforme __a', 'ainda a respeito de __o, __v', 4, '2012-02-08', 1);
INSERT INTO "STI"."USER"."resposta" (ID_RESPOSTA, PREFIXO, TEXTO, ID_ATRIBUTO, DATA, ID_USUARIO) VALUES(24, 'de acordo com __a', 'ainda falando de __o, __v', 4, '2012-02-08', 1);
INSERT INTO "STI"."USER"."resposta" (ID_RESPOSTA, PREFIXO, TEXTO, ID_ATRIBUTO, DATA, ID_USUARIO) VALUES(25, 'de autoria de __a', 'tem o seguinte link: __v" (__c)', 5, '2012-10-24', 1);
INSERT INTO "STI"."USER"."resposta" (ID_RESPOSTA, PREFIXO, TEXTO, ID_ATRIBUTO, DATA, ID_USUARIO) VALUES(26, 'construído por __a', 'tenho o seguinte link: __v" (__c)', 5, '2012-10-24', 1);
INSERT INTO "STI"."USER"."resposta" (ID_RESPOSTA, PREFIXO, TEXTO, ID_ATRIBUTO, DATA, ID_USUARIO) VALUES(27, 'construído por __a', 'tenho: __v" (__c)', 5, '2012-10-24', 1);
INSERT INTO "STI"."USER"."resposta" (ID_RESPOSTA, PREFIXO, TEXTO, ID_ATRIBUTO, DATA, ID_USUARIO) VALUES(28, 'feito por __a', 'segue: __v" (__c)', 5, '2012-10-24', 1);
INSERT INTO "STI"."USER"."resposta" (ID_RESPOSTA, PREFIXO, TEXTO, ID_ATRIBUTO, DATA, ID_USUARIO) VALUES(29, 'de autoria de __a', '__v" (__c)', 5, '2012-10-24', 1);
INSERT INTO "STI"."USER"."resposta" (ID_RESPOSTA, PREFIXO, TEXTO, ID_ATRIBUTO, DATA, ID_USUARIO) VALUES(30, 'construído por __a', 'tenho o link __v: __c', 5, '2012-10-24', 1);
INSERT INTO "STI"."USER"."resposta" (ID_RESPOSTA, PREFIXO, TEXTO, ID_ATRIBUTO, DATA, ID_USUARIO) VALUES(31, 'conforme __a', 'serve para __v', 53, '2014-06-06', 1);
INSERT INTO "STI"."USER"."resposta" (ID_RESPOSTA, PREFIXO, TEXTO, ID_ATRIBUTO, DATA, ID_USUARIO) VALUES(32, 'de acordo com __a', 'é aplicado em __v', 53, '2014-06-06', 1);
INSERT INTO "STI"."USER"."resposta" (ID_RESPOSTA, PREFIXO, TEXTO, ID_ATRIBUTO, DATA, ID_USUARIO) VALUES(33, 'de acordo com __a', 'divide-se em', 54, '2014-06-07', 1);
INSERT INTO "STI"."USER"."resposta" (ID_RESPOSTA, PREFIXO, TEXTO, ID_ATRIBUTO, DATA, ID_USUARIO) VALUES(34, 'conforme __a', 'é composto de', 54, '2014-06-07', 1);
INSERT INTO "STI"."USER"."resposta" (ID_RESPOSTA, PREFIXO, TEXTO, ID_ATRIBUTO, DATA, ID_USUARIO) VALUES(35, 'conforme __a', '__v', 57, '2014-06-07', 1);
INSERT INTO "STI"."USER"."resposta" (ID_RESPOSTA, PREFIXO, TEXTO, ID_ATRIBUTO, DATA, ID_USUARIO) VALUES(36, 'conforme __a', '__v', 58, '2014-06-10', 1);
INSERT INTO "STI"."USER"."resposta" (ID_RESPOSTA, PREFIXO, TEXTO, ID_ATRIBUTO, DATA, ID_USUARIO) VALUES(37, '', '__v', 59, '2014-07-13', 1);
INSERT INTO "STI"."USER"."resposta" (ID_RESPOSTA, PREFIXO, TEXTO, ID_ATRIBUTO, DATA, ID_USUARIO) VALUES(39, 'de autoria de __a', 'tenho o software: __v" (__c)', 62, '2014-07-28', 1);
INSERT INTO "STI"."USER"."resposta" (ID_RESPOSTA, PREFIXO, TEXTO, ID_ATRIBUTO, DATA, ID_USUARIO) VALUES(38, 'de autoria de __a', 'tenho a implementação: __v" (__c)', 61, '2014-07-28', 1);
INSERT INTO "STI"."USER"."resposta" (ID_RESPOSTA, PREFIXO, TEXTO, ID_ATRIBUTO, DATA, ID_USUARIO) VALUES(40, 'de autoria de __a', 'tenho o vídeo: __v" (__c)', 10, '2014-07-29', 1);
INSERT INTO "STI"."USER"."resposta" (ID_RESPOSTA, PREFIXO, TEXTO, ID_ATRIBUTO, DATA, ID_USUARIO) VALUES(41, 'de autoria de __a', 'tenho: __v" (__c)', 10, '2014-07-29', 1);
INSERT INTO "STI"."USER"."resposta" (ID_RESPOSTA, PREFIXO, TEXTO, ID_ATRIBUTO, DATA, ID_USUARIO) VALUES(42, 'de autoria de __a', 'tenho o seguinte artigo: __v" (__c)', 8, '2014-07-29', 1);
INSERT INTO "STI"."USER"."resposta" (ID_RESPOSTA, PREFIXO, TEXTO, ID_ATRIBUTO, DATA, ID_USUARIO) VALUES(43, 'de autoria de __a', 'tenho: __v" (__c)', 8, '2014-07-29', 1);
INSERT INTO "STI"."USER"."resposta" (ID_RESPOSTA, PREFIXO, TEXTO, ID_ATRIBUTO, DATA, ID_USUARIO) VALUES(44, 'de autoria de __a', 'tenho o artigo: __v" (__c)', 8, '2014-07-29', 1);
INSERT INTO "STI"."USER"."resposta" (ID_RESPOSTA, PREFIXO, TEXTO, ID_ATRIBUTO, DATA, ID_USUARIO) VALUES(45, 'de acordo com __a', 'divide-se em', 23, '2014-08-08', 1);
INSERT INTO "STI"."USER"."resposta" (ID_RESPOSTA, PREFIXO, TEXTO, ID_ATRIBUTO, DATA, ID_USUARIO) VALUES(46, 'conforme __a', 'é dividido em', 23, '2014-08-08', 1);

INSERT INTO "STI"."USER"."subarea" (ID_SUBAREA, COD_CNPQ, SUBAREA, ID_AREA) VALUES(1, '1.00.00.00-3', 'Ciências Exatas e da Terra', 1);
INSERT INTO "STI"."USER"."subarea" (ID_SUBAREA, COD_CNPQ, SUBAREA, ID_AREA) VALUES(2, '1.01.00.00-8', 'Matemática', 1);
INSERT INTO "STI"."USER"."subarea" (ID_SUBAREA, COD_CNPQ, SUBAREA, ID_AREA) VALUES(3, '1.01.01.00-4', 'Álgebra', 1);
INSERT INTO "STI"."USER"."subarea" (ID_SUBAREA, COD_CNPQ, SUBAREA, ID_AREA) VALUES(4, '1.01.01.01-2', 'Conjuntos', 1);
INSERT INTO "STI"."USER"."subarea" (ID_SUBAREA, COD_CNPQ, SUBAREA, ID_AREA) VALUES(5, '1.01.01.02-0', 'Lógica Matemática', 1);
INSERT INTO "STI"."USER"."subarea" (ID_SUBAREA, COD_CNPQ, SUBAREA, ID_AREA) VALUES(6, '1.01.01.03-9', 'Teoria dos Números', 1);
INSERT INTO "STI"."USER"."subarea" (ID_SUBAREA, COD_CNPQ, SUBAREA, ID_AREA) VALUES(7, '1.01.01.04-7', 'Grupos de Álgebra Não-Comutaviva', 1);
INSERT INTO "STI"."USER"."subarea" (ID_SUBAREA, COD_CNPQ, SUBAREA, ID_AREA) VALUES(8, '1.01.01.05-5', 'Álgebra Comutativa', 1);
INSERT INTO "STI"."USER"."subarea" (ID_SUBAREA, COD_CNPQ, SUBAREA, ID_AREA) VALUES(9, '1.01.01.06-3', 'Geometria Algébrica', 1);
INSERT INTO "STI"."USER"."subarea" (ID_SUBAREA, COD_CNPQ, SUBAREA, ID_AREA) VALUES(10, '1.01.02.00-0', 'Análise', 1);
INSERT INTO "STI"."USER"."subarea" (ID_SUBAREA, COD_CNPQ, SUBAREA, ID_AREA) VALUES(11, '1.01.02.01-9', 'Análise Complexa', 1);
INSERT INTO "STI"."USER"."subarea" (ID_SUBAREA, COD_CNPQ, SUBAREA, ID_AREA) VALUES(12, '1.01.02.02-7', 'Análise Funcional', 1);
INSERT INTO "STI"."USER"."subarea" (ID_SUBAREA, COD_CNPQ, SUBAREA, ID_AREA) VALUES(13, '1.01.02.03-5', 'Análise Funcional Não-Linear', 1);
INSERT INTO "STI"."USER"."subarea" (ID_SUBAREA, COD_CNPQ, SUBAREA, ID_AREA) VALUES(14, '1.01.02.04-3', 'Equações Diferenciais Ordinárias', 1);
INSERT INTO "STI"."USER"."subarea" (ID_SUBAREA, COD_CNPQ, SUBAREA, ID_AREA) VALUES(15, '1.01.02.05-1', 'Equações Diferenciais Parciais', 1);
INSERT INTO "STI"."USER"."subarea" (ID_SUBAREA, COD_CNPQ, SUBAREA, ID_AREA) VALUES(16, '1.01.02.06-0', 'Equações Diferenciais Funcionais', 1);
INSERT INTO "STI"."USER"."subarea" (ID_SUBAREA, COD_CNPQ, SUBAREA, ID_AREA) VALUES(17, '1.01.03.00-7', 'Geometria e Topologia', 1);
INSERT INTO "STI"."USER"."subarea" (ID_SUBAREA, COD_CNPQ, SUBAREA, ID_AREA) VALUES(18, '1.01.03.01-5', 'Geometria Diferencial', 1);
INSERT INTO "STI"."USER"."subarea" (ID_SUBAREA, COD_CNPQ, SUBAREA, ID_AREA) VALUES(19, '1.01.03.02-3', 'Topologia Algébrica', 1);
INSERT INTO "STI"."USER"."subarea" (ID_SUBAREA, COD_CNPQ, SUBAREA, ID_AREA) VALUES(20, '1.01.03.03-1', 'Topologia das Variedades', 1);
INSERT INTO "STI"."USER"."subarea" (ID_SUBAREA, COD_CNPQ, SUBAREA, ID_AREA) VALUES(21, '1.01.03.04-0', 'Sistemas Dinâmicos', 1);
INSERT INTO "STI"."USER"."subarea" (ID_SUBAREA, COD_CNPQ, SUBAREA, ID_AREA) VALUES(22, '1.01.03.05-8', 'Teoria das Singularidades e Teoria das Catástrofes', 1);
INSERT INTO "STI"."USER"."subarea" (ID_SUBAREA, COD_CNPQ, SUBAREA, ID_AREA) VALUES(23, '1.01.03.06-6', 'Teoria das Folheações', 1);
INSERT INTO "STI"."USER"."subarea" (ID_SUBAREA, COD_CNPQ, SUBAREA, ID_AREA) VALUES(24, '1.01.04.00-3', 'Matemática Aplicada', 1);
INSERT INTO "STI"."USER"."subarea" (ID_SUBAREA, COD_CNPQ, SUBAREA, ID_AREA) VALUES(25, '1.01.04.01-1', 'Física Matemática', 1);
INSERT INTO "STI"."USER"."subarea" (ID_SUBAREA, COD_CNPQ, SUBAREA, ID_AREA) VALUES(26, '1.01.04.02-0', 'Análise Numérica', 1);
INSERT INTO "STI"."USER"."subarea" (ID_SUBAREA, COD_CNPQ, SUBAREA, ID_AREA) VALUES(27, '1.01.04.03-8', 'Matemática Discreta e Combinatória', 1);
INSERT INTO "STI"."USER"."subarea" (ID_SUBAREA, COD_CNPQ, SUBAREA, ID_AREA) VALUES(28, '1.02.00.00-2', 'Probabilidade e Estatística', 1);
INSERT INTO "STI"."USER"."subarea" (ID_SUBAREA, COD_CNPQ, SUBAREA, ID_AREA) VALUES(29, '1.02.01.00-9', 'Probabilidade', 1);
INSERT INTO "STI"."USER"."subarea" (ID_SUBAREA, COD_CNPQ, SUBAREA, ID_AREA) VALUES(30, '1.02.01.01-7', 'Teoria Geral e Fundamentos da Probabilidade', 1);
INSERT INTO "STI"."USER"."subarea" (ID_SUBAREA, COD_CNPQ, SUBAREA, ID_AREA) VALUES(31, '1.02.01.02-5', 'Teoria Geral e Processos Estocásticos', 1);
INSERT INTO "STI"."USER"."subarea" (ID_SUBAREA, COD_CNPQ, SUBAREA, ID_AREA) VALUES(32, '1.02.01.03-3', 'Teoremas de Limite', 1);
INSERT INTO "STI"."USER"."subarea" (ID_SUBAREA, COD_CNPQ, SUBAREA, ID_AREA) VALUES(33, '1.02.01.04-1', 'Processos Markovianos', 1);
INSERT INTO "STI"."USER"."subarea" (ID_SUBAREA, COD_CNPQ, SUBAREA, ID_AREA) VALUES(34, '1.02.01.05-0', 'Análise Estocástica', 1);
INSERT INTO "STI"."USER"."subarea" (ID_SUBAREA, COD_CNPQ, SUBAREA, ID_AREA) VALUES(35, '1.02.01.06-8', 'Processos Estocásticos Especiais', 1);
INSERT INTO "STI"."USER"."subarea" (ID_SUBAREA, COD_CNPQ, SUBAREA, ID_AREA) VALUES(36, '1.02.02.00-5', 'Estatística', 1);
INSERT INTO "STI"."USER"."subarea" (ID_SUBAREA, COD_CNPQ, SUBAREA, ID_AREA) VALUES(37, '1.02.02.01-3', 'Fundamentos da Estatística', 1);
INSERT INTO "STI"."USER"."subarea" (ID_SUBAREA, COD_CNPQ, SUBAREA, ID_AREA) VALUES(38, '1.02.02.02-1', 'Inferência Paramétrica', 1);
INSERT INTO "STI"."USER"."subarea" (ID_SUBAREA, COD_CNPQ, SUBAREA, ID_AREA) VALUES(39, '1.02.02.03-0', 'Inferência Não-Paramétrica', 1);
INSERT INTO "STI"."USER"."subarea" (ID_SUBAREA, COD_CNPQ, SUBAREA, ID_AREA) VALUES(40, '1.02.02.04-8', 'Inferência em Processos Estocásticos', 1);
INSERT INTO "STI"."USER"."subarea" (ID_SUBAREA, COD_CNPQ, SUBAREA, ID_AREA) VALUES(41, '1.02.02.05-6', 'Análise Multivariada', 1);
INSERT INTO "STI"."USER"."subarea" (ID_SUBAREA, COD_CNPQ, SUBAREA, ID_AREA) VALUES(42, '1.02.02.06-4', 'Regressão e Correlação', 1);
INSERT INTO "STI"."USER"."subarea" (ID_SUBAREA, COD_CNPQ, SUBAREA, ID_AREA) VALUES(43, '1.02.02.07-2', 'Planejamento de Experimentos', 1);
INSERT INTO "STI"."USER"."subarea" (ID_SUBAREA, COD_CNPQ, SUBAREA, ID_AREA) VALUES(44, '1.02.02.08-0', 'Análise de Dados', 1);
INSERT INTO "STI"."USER"."subarea" (ID_SUBAREA, COD_CNPQ, SUBAREA, ID_AREA) VALUES(45, '1.02.03.00-1', 'Probabilidade e Estatística Aplicadas', 1);
INSERT INTO "STI"."USER"."subarea" (ID_SUBAREA, COD_CNPQ, SUBAREA, ID_AREA) VALUES(46, '1.03.00.00-7', 'Ciência da Computação', 1);
INSERT INTO "STI"."USER"."subarea" (ID_SUBAREA, COD_CNPQ, SUBAREA, ID_AREA) VALUES(47, '1.03.01.00-3', 'Teoria da Computação', 1);
INSERT INTO "STI"."USER"."subarea" (ID_SUBAREA, COD_CNPQ, SUBAREA, ID_AREA) VALUES(48, '1.03.01.01-1', 'Computabilidade e Modelos de Computação', 1);
INSERT INTO "STI"."USER"."subarea" (ID_SUBAREA, COD_CNPQ, SUBAREA, ID_AREA) VALUES(49, '1.03.01.02-0', 'Linguagem Formais e Autômatos', 1);
INSERT INTO "STI"."USER"."subarea" (ID_SUBAREA, COD_CNPQ, SUBAREA, ID_AREA) VALUES(50, '1.03.01.03-8', 'Análise de Algoritmos e Complexidade de Computação', 1);
INSERT INTO "STI"."USER"."subarea" (ID_SUBAREA, COD_CNPQ, SUBAREA, ID_AREA) VALUES(51, '1.03.01.04-6', 'Lógicas e Semântica de Programas', 1);
INSERT INTO "STI"."USER"."subarea" (ID_SUBAREA, COD_CNPQ, SUBAREA, ID_AREA) VALUES(52, '1.03.02.00-0', 'Matemática da Computação', 1);
INSERT INTO "STI"."USER"."subarea" (ID_SUBAREA, COD_CNPQ, SUBAREA, ID_AREA) VALUES(53, '1.03.02.01-8', 'Matemática Simbólica', 1);
INSERT INTO "STI"."USER"."subarea" (ID_SUBAREA, COD_CNPQ, SUBAREA, ID_AREA) VALUES(54, '1.03.02.02-6', 'Modelos Analíticos e de Simulação', 1);
INSERT INTO "STI"."USER"."subarea" (ID_SUBAREA, COD_CNPQ, SUBAREA, ID_AREA) VALUES(55, '1.03.03.00-6', 'Metodologia e Técnicas da Computação', 1);
INSERT INTO "STI"."USER"."subarea" (ID_SUBAREA, COD_CNPQ, SUBAREA, ID_AREA) VALUES(56, '1.03.03.01-4', 'Linguagens de Programação', 1);
INSERT INTO "STI"."USER"."subarea" (ID_SUBAREA, COD_CNPQ, SUBAREA, ID_AREA) VALUES(57, '1.03.03.02-2', 'Engenharia de Software', 1);
INSERT INTO "STI"."USER"."subarea" (ID_SUBAREA, COD_CNPQ, SUBAREA, ID_AREA) VALUES(58, '1.03.03.03-0', 'Banco de Dados', 1);
INSERT INTO "STI"."USER"."subarea" (ID_SUBAREA, COD_CNPQ, SUBAREA, ID_AREA) VALUES(59, '1.03.03.04-9', 'Sistemas de Informação', 1);
INSERT INTO "STI"."USER"."subarea" (ID_SUBAREA, COD_CNPQ, SUBAREA, ID_AREA) VALUES(60, '1.03.03.05-7', 'Processamento Gráfico" (Graphics)', 1);
INSERT INTO "STI"."USER"."subarea" (ID_SUBAREA, COD_CNPQ, SUBAREA, ID_AREA) VALUES(61, '1.03.04.00-2', 'Sistemas de Computação', 1);
INSERT INTO "STI"."USER"."subarea" (ID_SUBAREA, COD_CNPQ, SUBAREA, ID_AREA) VALUES(62, '1.03.04.01-0', 'Hardware', 1);
INSERT INTO "STI"."USER"."subarea" (ID_SUBAREA, COD_CNPQ, SUBAREA, ID_AREA) VALUES(63, '1.03.04.02-9', 'Arquitetura de Sistemas de Computação', 1);
INSERT INTO "STI"."USER"."subarea" (ID_SUBAREA, COD_CNPQ, SUBAREA, ID_AREA) VALUES(64, '1.03.04.03-7', 'Software Básico', 1);
INSERT INTO "STI"."USER"."subarea" (ID_SUBAREA, COD_CNPQ, SUBAREA, ID_AREA) VALUES(65, '1.03.04.04-5', 'Teleinformática', 1);
INSERT INTO "STI"."USER"."subarea" (ID_SUBAREA, COD_CNPQ, SUBAREA, ID_AREA) VALUES(66, '1.04.00.00-1', 'Astronomia', 1);
INSERT INTO "STI"."USER"."subarea" (ID_SUBAREA, COD_CNPQ, SUBAREA, ID_AREA) VALUES(67, '1.04.01.00-8', 'Astronomia de Posição e Mecânica Celeste', 1);
INSERT INTO "STI"."USER"."subarea" (ID_SUBAREA, COD_CNPQ, SUBAREA, ID_AREA) VALUES(68, '1.04.01.01-6', 'Astronomia Fundamental', 1);
INSERT INTO "STI"."USER"."subarea" (ID_SUBAREA, COD_CNPQ, SUBAREA, ID_AREA) VALUES(69, '1.04.01.02-4', 'Astronomia Dinâmica', 1);
INSERT INTO "STI"."USER"."subarea" (ID_SUBAREA, COD_CNPQ, SUBAREA, ID_AREA) VALUES(70, '1.04.02.00-4', 'Astrofísica Estelar', 1);
INSERT INTO "STI"."USER"."subarea" (ID_SUBAREA, COD_CNPQ, SUBAREA, ID_AREA) VALUES(71, '1.04.03.00-0', 'Astrofísica do Meio Interestelar', 1);
INSERT INTO "STI"."USER"."subarea" (ID_SUBAREA, COD_CNPQ, SUBAREA, ID_AREA) VALUES(72, '1.04.03.01-9', 'Meio Interestelar', 1);
INSERT INTO "STI"."USER"."subarea" (ID_SUBAREA, COD_CNPQ, SUBAREA, ID_AREA) VALUES(73, '1.04.03.02-7', 'Nebulosa', 1);
INSERT INTO "STI"."USER"."subarea" (ID_SUBAREA, COD_CNPQ, SUBAREA, ID_AREA) VALUES(74, '1.04.04.00-7', 'Astrofísica Extragaláctica', 1);
INSERT INTO "STI"."USER"."subarea" (ID_SUBAREA, COD_CNPQ, SUBAREA, ID_AREA) VALUES(75, '1.04.04.01-5', 'Galáxias', 1);
INSERT INTO "STI"."USER"."subarea" (ID_SUBAREA, COD_CNPQ, SUBAREA, ID_AREA) VALUES(76, '1.04.04.02-3', 'Aglomerados de Galáxias', 1);
INSERT INTO "STI"."USER"."subarea" (ID_SUBAREA, COD_CNPQ, SUBAREA, ID_AREA) VALUES(77, '1.04.04.03-1', 'Quasares', 1);
INSERT INTO "STI"."USER"."subarea" (ID_SUBAREA, COD_CNPQ, SUBAREA, ID_AREA) VALUES(78, '1.04.04.04-0', 'Cosmologia', 1);
INSERT INTO "STI"."USER"."subarea" (ID_SUBAREA, COD_CNPQ, SUBAREA, ID_AREA) VALUES(79, '1.04.05.00-3', 'Astrofísica do Sistema Solar', 1);
INSERT INTO "STI"."USER"."subarea" (ID_SUBAREA, COD_CNPQ, SUBAREA, ID_AREA) VALUES(80, '1.04.05.01-1', 'Física Solar', 1);
INSERT INTO "STI"."USER"."subarea" (ID_SUBAREA, COD_CNPQ, SUBAREA, ID_AREA) VALUES(81, '1.04.05.02-0', 'Movimento da Terra', 1);
INSERT INTO "STI"."USER"."subarea" (ID_SUBAREA, COD_CNPQ, SUBAREA, ID_AREA) VALUES(82, '1.04.05.03-8', 'Sistema Planetário', 1);
INSERT INTO "STI"."USER"."subarea" (ID_SUBAREA, COD_CNPQ, SUBAREA, ID_AREA) VALUES(83, '1.04.06.00-0', 'Instrumentação Astronômica', 1);
INSERT INTO "STI"."USER"."subarea" (ID_SUBAREA, COD_CNPQ, SUBAREA, ID_AREA) VALUES(84, '1.04.06.01-8', 'Astronomia Ótica', 1);
INSERT INTO "STI"."USER"."subarea" (ID_SUBAREA, COD_CNPQ, SUBAREA, ID_AREA) VALUES(85, '1.04.06.02-6', 'Radioastronomia', 1);
INSERT INTO "STI"."USER"."subarea" (ID_SUBAREA, COD_CNPQ, SUBAREA, ID_AREA) VALUES(86, '1.04.06.03-4', 'Astronomia Espacial', 1);
INSERT INTO "STI"."USER"."subarea" (ID_SUBAREA, COD_CNPQ, SUBAREA, ID_AREA) VALUES(87, '1.04.06.04-2', 'Processamento de Dados Astronômicos', 1);
INSERT INTO "STI"."USER"."subarea" (ID_SUBAREA, COD_CNPQ, SUBAREA, ID_AREA) VALUES(88, '1.05.00.00-6', 'Física', 1);
INSERT INTO "STI"."USER"."subarea" (ID_SUBAREA, COD_CNPQ, SUBAREA, ID_AREA) VALUES(89, '1.05.01.00-2', 'Física Geral', 1);
INSERT INTO "STI"."USER"."subarea" (ID_SUBAREA, COD_CNPQ, SUBAREA, ID_AREA) VALUES(90, '1.05.01.01-0', 'Métodos Matemáticos da Física', 1);
INSERT INTO "STI"."USER"."subarea" (ID_SUBAREA, COD_CNPQ, SUBAREA, ID_AREA) VALUES(91, '1.05.01.02-9', 'Física Clássica e Física Quântica, Mecânica e Campos', 1);
INSERT INTO "STI"."USER"."subarea" (ID_SUBAREA, COD_CNPQ, SUBAREA, ID_AREA) VALUES(92, '1.05.01.03-7', 'Relatividade e Gravitação', 1);
INSERT INTO "STI"."USER"."subarea" (ID_SUBAREA, COD_CNPQ, SUBAREA, ID_AREA) VALUES(93, '1.05.01.04-5', 'Física Estatística e Termodinâmica', 1);
INSERT INTO "STI"."USER"."subarea" (ID_SUBAREA, COD_CNPQ, SUBAREA, ID_AREA) VALUES(94, '1.05.01.05-3', 'Metrologia, Técnicas Gerais de Laboratório, Sistema de Instrumentação', 1);
INSERT INTO "STI"."USER"."subarea" (ID_SUBAREA, COD_CNPQ, SUBAREA, ID_AREA) VALUES(95, '1.05.01.06-1', 'Instrumentação Específica de Uso Geral em Física', 1);
INSERT INTO "STI"."USER"."subarea" (ID_SUBAREA, COD_CNPQ, SUBAREA, ID_AREA) VALUES(96, '1.05.02.00-9', 'Áreas Clássicas de Fenomenologia e suas Aplicações', 1);
INSERT INTO "STI"."USER"."subarea" (ID_SUBAREA, COD_CNPQ, SUBAREA, ID_AREA) VALUES(97, '1.05.02.01-7', 'Eletricidade e Magnetismo, Campos e Partículas Carregadas', 1);
INSERT INTO "STI"."USER"."subarea" (ID_SUBAREA, COD_CNPQ, SUBAREA, ID_AREA) VALUES(98, '1.05.02.02-5', 'Ótica', 1);
INSERT INTO "STI"."USER"."subarea" (ID_SUBAREA, COD_CNPQ, SUBAREA, ID_AREA) VALUES(99, '1.05.02.03-3', 'Acústica', 1);
INSERT INTO "STI"."USER"."subarea" (ID_SUBAREA, COD_CNPQ, SUBAREA, ID_AREA) VALUES(100, '1.05.02.04-1', 'Transferência de Calor, Processos Térmicos e Termodinâmicos', 1);
INSERT INTO "STI"."USER"."subarea" (ID_SUBAREA, COD_CNPQ, SUBAREA, ID_AREA) VALUES(101, '1.05.02.05-0', 'Mecânica, Elasticidade e Reologia', 1);
INSERT INTO "STI"."USER"."subarea" (ID_SUBAREA, COD_CNPQ, SUBAREA, ID_AREA) VALUES(102, '1.05.02.06-8', 'Dinâmica dos Fluidos', 1);
INSERT INTO "STI"."USER"."subarea" (ID_SUBAREA, COD_CNPQ, SUBAREA, ID_AREA) VALUES(103, '1.05.03.00-5', 'Física das Partículas Elementares e Campos', 1);
INSERT INTO "STI"."USER"."subarea" (ID_SUBAREA, COD_CNPQ, SUBAREA, ID_AREA) VALUES(104, '1.05.03.01-3', 'Teoria Geral de Partículas e Campos', 1);
INSERT INTO "STI"."USER"."subarea" (ID_SUBAREA, COD_CNPQ, SUBAREA, ID_AREA) VALUES(105, '1.05.03.02-1', 'Teorias Específicas e Modelos de Interação, Sistemática de Partículas, Raios Cósmicos', 1);
INSERT INTO "STI"."USER"."subarea" (ID_SUBAREA, COD_CNPQ, SUBAREA, ID_AREA) VALUES(106, '1.05.03.03-0', 'Reações Específicas e Fenomiologia de Partículas', 1);
INSERT INTO "STI"."USER"."subarea" (ID_SUBAREA, COD_CNPQ, SUBAREA, ID_AREA) VALUES(107, '1.05.03.04-8', 'Propriedades de Partículas Específicas e Ressonâncias', 1);
INSERT INTO "STI"."USER"."subarea" (ID_SUBAREA, COD_CNPQ, SUBAREA, ID_AREA) VALUES(108, '1.05.04.00-1', 'Física Nuclear', 1);
INSERT INTO "STI"."USER"."subarea" (ID_SUBAREA, COD_CNPQ, SUBAREA, ID_AREA) VALUES(109, '1.05.04.01-0', 'Estrutura Nuclear', 1);
INSERT INTO "STI"."USER"."subarea" (ID_SUBAREA, COD_CNPQ, SUBAREA, ID_AREA) VALUES(110, '1.05.04.02-8', 'Desintegração Nuclear e Radioatividade', 1);
INSERT INTO "STI"."USER"."subarea" (ID_SUBAREA, COD_CNPQ, SUBAREA, ID_AREA) VALUES(111, '1.05.04.03-6', 'Reações Nucleares e Espalhamento Geral', 1);
INSERT INTO "STI"."USER"."subarea" (ID_SUBAREA, COD_CNPQ, SUBAREA, ID_AREA) VALUES(112, '1.05.04.04-4', 'Reações Nucleares e Espalhamento" (Reações Específicas)', 1);
INSERT INTO "STI"."USER"."subarea" (ID_SUBAREA, COD_CNPQ, SUBAREA, ID_AREA) VALUES(113, '1.05.04.05-2', 'Propriedades de Núcleos Específicos', 1);
INSERT INTO "STI"."USER"."subarea" (ID_SUBAREA, COD_CNPQ, SUBAREA, ID_AREA) VALUES(114, '1.05.04.06-0', 'Métodos Experimentais e Instrumentação para Partículas Elementares e Física Nuclear', 1);
INSERT INTO "STI"."USER"."subarea" (ID_SUBAREA, COD_CNPQ, SUBAREA, ID_AREA) VALUES(115, '1.05.05.00-8', 'Física Atômica e Molecular', 1);
INSERT INTO "STI"."USER"."subarea" (ID_SUBAREA, COD_CNPQ, SUBAREA, ID_AREA) VALUES(116, '1.05.05.01-6', 'Estrutura Eletrônica de Átomos e Moléculas, Teoria', 1);
INSERT INTO "STI"."USER"."subarea" (ID_SUBAREA, COD_CNPQ, SUBAREA, ID_AREA) VALUES(117, '1.05.05.02-4', 'Espectros Atômicos e Integração de Fótons', 1);
INSERT INTO "STI"."USER"."subarea" (ID_SUBAREA, COD_CNPQ, SUBAREA, ID_AREA) VALUES(118, '1.05.05.03-2', 'Espectros Moleculares e Interações de Fótons com Moléculas', 1);
INSERT INTO "STI"."USER"."subarea" (ID_SUBAREA, COD_CNPQ, SUBAREA, ID_AREA) VALUES(119, '1.05.05.04-0', 'Processos de Colisão e Interações de Átomos e Moléculas', 1);
INSERT INTO "STI"."USER"."subarea" (ID_SUBAREA, COD_CNPQ, SUBAREA, ID_AREA) VALUES(120, '1.05.05.05-9', 'Inf. sobre Átomos e Moléculas Obtidos Experimentalmente, Instrumentação e Técnicas', 1);
INSERT INTO "STI"."USER"."subarea" (ID_SUBAREA, COD_CNPQ, SUBAREA, ID_AREA) VALUES(121, '1.05.05.06-7', 'Estudos de Átomos e Moléculas Especiais', 1);
INSERT INTO "STI"."USER"."subarea" (ID_SUBAREA, COD_CNPQ, SUBAREA, ID_AREA) VALUES(122, '1.05.06.00-4', 'Física dos Fluidos, Física de Plasmas e Descargas Elétricas', 1);
INSERT INTO "STI"."USER"."subarea" (ID_SUBAREA, COD_CNPQ, SUBAREA, ID_AREA) VALUES(123, '1.05.06.01-2', 'Cinética e Teoria de Transporte de Fluidos, Propriedades Físicas de Gases', 1);
INSERT INTO "STI"."USER"."subarea" (ID_SUBAREA, COD_CNPQ, SUBAREA, ID_AREA) VALUES(124, '1.05.06.02-0', 'Física de Plasmas e Descargas Elétricas', 1);
INSERT INTO "STI"."USER"."subarea" (ID_SUBAREA, COD_CNPQ, SUBAREA, ID_AREA) VALUES(125, '1.05.07.00-0', 'Física da Matéria Condensada', 1);
INSERT INTO "STI"."USER"."subarea" (ID_SUBAREA, COD_CNPQ, SUBAREA, ID_AREA) VALUES(126, '1.05.07.01-9', 'Estrutura de Líquidos e Sólidos, Cristalografia', 1);
INSERT INTO "STI"."USER"."subarea" (ID_SUBAREA, COD_CNPQ, SUBAREA, ID_AREA) VALUES(127, '1.05.07.02-7', 'Propriedades Mecânicas e Acústicas da Matéria Condensada', 1);
INSERT INTO "STI"."USER"."subarea" (ID_SUBAREA, COD_CNPQ, SUBAREA, ID_AREA) VALUES(128, '1.05.07.03-5', 'Dinâmica da Rede e Estatística de Cristais', 1);
INSERT INTO "STI"."USER"."subarea" (ID_SUBAREA, COD_CNPQ, SUBAREA, ID_AREA) VALUES(129, '1.05.07.04-3', 'Equação de Estado, Equilíbrio de Fases e Transições de Fase', 1);
INSERT INTO "STI"."USER"."subarea" (ID_SUBAREA, COD_CNPQ, SUBAREA, ID_AREA) VALUES(130, '1.05.07.05-1', 'Propriedades Térmicas da Matéria Condensada', 1);
INSERT INTO "STI"."USER"."subarea" (ID_SUBAREA, COD_CNPQ, SUBAREA, ID_AREA) VALUES(131, '1.05.07.06-0', 'Propriedades de Transportes de Matéria Condensada" (Não Eletrônicas)', 1);
INSERT INTO "STI"."USER"."subarea" (ID_SUBAREA, COD_CNPQ, SUBAREA, ID_AREA) VALUES(132, '1.05.07.07-8', 'Campos Quânticos e Sólidos, Hélio, Líquido, Sólido', 1);
INSERT INTO "STI"."USER"."subarea" (ID_SUBAREA, COD_CNPQ, SUBAREA, ID_AREA) VALUES(133, '1.05.07.08-6', 'Superfícies e Interfaces, Películas e Filamentos', 1);
INSERT INTO "STI"."USER"."subarea" (ID_SUBAREA, COD_CNPQ, SUBAREA, ID_AREA) VALUES(134, '1.05.07.09-4', 'Estados Eletrônicos', 1);
INSERT INTO "STI"."USER"."subarea" (ID_SUBAREA, COD_CNPQ, SUBAREA, ID_AREA) VALUES(135, '1.05.07.10-8', 'Transp. Eletrônicos e Prop. Elétricas de Superfícies, Interfaces e Películas', 1);
INSERT INTO "STI"."USER"."subarea" (ID_SUBAREA, COD_CNPQ, SUBAREA, ID_AREA) VALUES(136, '1.05.07.11-6', 'Estruturas Eletrônicas e Propriedades Elétricas de Superfícies, Interfaces e Películas', 1);
INSERT INTO "STI"."USER"."subarea" (ID_SUBAREA, COD_CNPQ, SUBAREA, ID_AREA) VALUES(137, '1.05.07.12-4', 'Supercondutividade', 1);
INSERT INTO "STI"."USER"."subarea" (ID_SUBAREA, COD_CNPQ, SUBAREA, ID_AREA) VALUES(138, '1.05.07.13-2', 'Materiais Magnéticos e Propriedades Magnéticas', 1);
INSERT INTO "STI"."USER"."subarea" (ID_SUBAREA, COD_CNPQ, SUBAREA, ID_AREA) VALUES(139, '1.05.07.14-0', 'Ressonância Mag.e Relax. na Mat. Condens., Efeitos Mosbauer, Corr. Ang. Perturbada', 1);
INSERT INTO "STI"."USER"."subarea" (ID_SUBAREA, COD_CNPQ, SUBAREA, ID_AREA) VALUES(140, '1.05.07.15-9', 'Materiais Dielétricos e Propriedades Dielétricas', 1);
INSERT INTO "STI"."USER"."subarea" (ID_SUBAREA, COD_CNPQ, SUBAREA, ID_AREA) VALUES(141, '1.05.07.16-7', 'Prop. Óticas e Espectrosc. da Mat. Condens., Outras Inter. da Mat. Com Rad.e Part.', 1);
INSERT INTO "STI"."USER"."subarea" (ID_SUBAREA, COD_CNPQ, SUBAREA, ID_AREA) VALUES(142, '1.05.07.17-5', 'Emissão Eletrônica e Iônica por Líquidos e Sólidos, Fenômenos de Impacto', 1);
INSERT INTO "STI"."USER"."subarea" (ID_SUBAREA, COD_CNPQ, SUBAREA, ID_AREA) VALUES(143, '1.06.00.00-0', 'Química', 1);
INSERT INTO "STI"."USER"."subarea" (ID_SUBAREA, COD_CNPQ, SUBAREA, ID_AREA) VALUES(144, '1.06.01.00-7', 'Química Orgânica', 1);
INSERT INTO "STI"."USER"."subarea" (ID_SUBAREA, COD_CNPQ, SUBAREA, ID_AREA) VALUES(145, '1.06.01.01-5', 'Estrutura, Conformação e Estereoquímica', 1);
INSERT INTO "STI"."USER"."subarea" (ID_SUBAREA, COD_CNPQ, SUBAREA, ID_AREA) VALUES(146, '1.06.01.02-3', 'Síntese Orgânica', 1);
INSERT INTO "STI"."USER"."subarea" (ID_SUBAREA, COD_CNPQ, SUBAREA, ID_AREA) VALUES(147, '1.06.01.03-1', 'Físico-Química Orgânica', 1);
INSERT INTO "STI"."USER"."subarea" (ID_SUBAREA, COD_CNPQ, SUBAREA, ID_AREA) VALUES(148, '1.06.01.04-0', 'Fotoquímica Orgânica', 1);
INSERT INTO "STI"."USER"."subarea" (ID_SUBAREA, COD_CNPQ, SUBAREA, ID_AREA) VALUES(149, '1.06.01.05-8', 'Química dos Produtos Naturais', 1);
INSERT INTO "STI"."USER"."subarea" (ID_SUBAREA, COD_CNPQ, SUBAREA, ID_AREA) VALUES(150, '1.06.01.06-6', 'Evolução, Sistemática e Ecologia Química', 1);
INSERT INTO "STI"."USER"."subarea" (ID_SUBAREA, COD_CNPQ, SUBAREA, ID_AREA) VALUES(151, '1.06.01.07-4', 'Polímeros e Colóides', 1);
INSERT INTO "STI"."USER"."subarea" (ID_SUBAREA, COD_CNPQ, SUBAREA, ID_AREA) VALUES(152, '1.06.02.00-3', 'Química Inorgânica', 1);
INSERT INTO "STI"."USER"."subarea" (ID_SUBAREA, COD_CNPQ, SUBAREA, ID_AREA) VALUES(153, '1.06.02.01-1', 'Campos de Coordenação', 1);
INSERT INTO "STI"."USER"."subarea" (ID_SUBAREA, COD_CNPQ, SUBAREA, ID_AREA) VALUES(154, '1.06.02.02-0', 'Não-Metais e seus Compostos', 1);
INSERT INTO "STI"."USER"."subarea" (ID_SUBAREA, COD_CNPQ, SUBAREA, ID_AREA) VALUES(155, '1.06.02.03-8', 'Compostos Organo-Metálicos', 1);
INSERT INTO "STI"."USER"."subarea" (ID_SUBAREA, COD_CNPQ, SUBAREA, ID_AREA) VALUES(156, '1.06.02.04-6', 'Determinação de Estrutura de Compostos Inorgânicos', 1);
INSERT INTO "STI"."USER"."subarea" (ID_SUBAREA, COD_CNPQ, SUBAREA, ID_AREA) VALUES(157, '1.06.02.05-4', 'Foto-Química Inorgânica', 1);
INSERT INTO "STI"."USER"."subarea" (ID_SUBAREA, COD_CNPQ, SUBAREA, ID_AREA) VALUES(158, '1.06.02.06-2', 'Físico-Química Inorgânica', 1);
INSERT INTO "STI"."USER"."subarea" (ID_SUBAREA, COD_CNPQ, SUBAREA, ID_AREA) VALUES(159, '1.06.02.07-0', 'Química Bio-Inorgânica', 1);
INSERT INTO "STI"."USER"."subarea" (ID_SUBAREA, COD_CNPQ, SUBAREA, ID_AREA) VALUES(160, '1.06.03.00-0', 'Físico-Química', 1);
INSERT INTO "STI"."USER"."subarea" (ID_SUBAREA, COD_CNPQ, SUBAREA, ID_AREA) VALUES(161, '1.06.03.01-8', 'Cinética Química e Catálise', 1);
INSERT INTO "STI"."USER"."subarea" (ID_SUBAREA, COD_CNPQ, SUBAREA, ID_AREA) VALUES(162, '1.06.03.02-6', 'Eletroquímica', 1);
INSERT INTO "STI"."USER"."subarea" (ID_SUBAREA, COD_CNPQ, SUBAREA, ID_AREA) VALUES(163, '1.06.03.03-4', 'Espectroscopia', 1);
INSERT INTO "STI"."USER"."subarea" (ID_SUBAREA, COD_CNPQ, SUBAREA, ID_AREA) VALUES(164, '1.06.03.04-2', 'Química de Interfaces', 1);
INSERT INTO "STI"."USER"."subarea" (ID_SUBAREA, COD_CNPQ, SUBAREA, ID_AREA) VALUES(165, '1.06.03.05-0', 'Química do Estado Condensado', 1);
INSERT INTO "STI"."USER"."subarea" (ID_SUBAREA, COD_CNPQ, SUBAREA, ID_AREA) VALUES(166, '1.06.03.06-9', 'Química Nuclear e Radioquímica', 1);
INSERT INTO "STI"."USER"."subarea" (ID_SUBAREA, COD_CNPQ, SUBAREA, ID_AREA) VALUES(167, '1.06.03.07-7', 'Química Teórica', 1);
INSERT INTO "STI"."USER"."subarea" (ID_SUBAREA, COD_CNPQ, SUBAREA, ID_AREA) VALUES(168, '1.06.03.08-5', 'Termodinâmica Química', 1);
INSERT INTO "STI"."USER"."subarea" (ID_SUBAREA, COD_CNPQ, SUBAREA, ID_AREA) VALUES(169, '1.06.04.00-6', 'Química Analítica', 1);
INSERT INTO "STI"."USER"."subarea" (ID_SUBAREA, COD_CNPQ, SUBAREA, ID_AREA) VALUES(170, '1.06.04.01-4', 'Separação', 1);
INSERT INTO "STI"."USER"."subarea" (ID_SUBAREA, COD_CNPQ, SUBAREA, ID_AREA) VALUES(171, '1.06.04.02-2', 'Métodos Óticos de Análise', 1);
INSERT INTO "STI"."USER"."subarea" (ID_SUBAREA, COD_CNPQ, SUBAREA, ID_AREA) VALUES(172, '1.06.04.03-0', 'Eletroanalítica', 1);
INSERT INTO "STI"."USER"."subarea" (ID_SUBAREA, COD_CNPQ, SUBAREA, ID_AREA) VALUES(173, '1.06.04.04-9', 'Gravimetria', 1);
INSERT INTO "STI"."USER"."subarea" (ID_SUBAREA, COD_CNPQ, SUBAREA, ID_AREA) VALUES(174, '1.06.04.05-7', 'Titimetria', 1);
INSERT INTO "STI"."USER"."subarea" (ID_SUBAREA, COD_CNPQ, SUBAREA, ID_AREA) VALUES(175, '1.06.04.06-5', 'Instrumentação Analítica', 1);
INSERT INTO "STI"."USER"."subarea" (ID_SUBAREA, COD_CNPQ, SUBAREA, ID_AREA) VALUES(176, '1.06.04.07-3', 'Análise de Traços e Química Ambiental', 1);
INSERT INTO "STI"."USER"."subarea" (ID_SUBAREA, COD_CNPQ, SUBAREA, ID_AREA) VALUES(177, '1.07.00.00-5', 'Geociências', 1);
INSERT INTO "STI"."USER"."subarea" (ID_SUBAREA, COD_CNPQ, SUBAREA, ID_AREA) VALUES(178, '1.07.01.00-1', 'Geologia', 1);
INSERT INTO "STI"."USER"."subarea" (ID_SUBAREA, COD_CNPQ, SUBAREA, ID_AREA) VALUES(179, '1.07.01.01-0', 'Mineralogia', 1);
INSERT INTO "STI"."USER"."subarea" (ID_SUBAREA, COD_CNPQ, SUBAREA, ID_AREA) VALUES(180, '1.07.01.02-8', 'Petrologia', 1);
INSERT INTO "STI"."USER"."subarea" (ID_SUBAREA, COD_CNPQ, SUBAREA, ID_AREA) VALUES(181, '1.07.01.03-6', 'Geoquímica', 1);
INSERT INTO "STI"."USER"."subarea" (ID_SUBAREA, COD_CNPQ, SUBAREA, ID_AREA) VALUES(182, '1.07.01.04-4', 'Geologia Regional', 1);
INSERT INTO "STI"."USER"."subarea" (ID_SUBAREA, COD_CNPQ, SUBAREA, ID_AREA) VALUES(183, '1.07.01.05-2', 'Geotectônica', 1);
INSERT INTO "STI"."USER"."subarea" (ID_SUBAREA, COD_CNPQ, SUBAREA, ID_AREA) VALUES(184, '1.07.01.06-0', 'Geocronologia', 1);
INSERT INTO "STI"."USER"."subarea" (ID_SUBAREA, COD_CNPQ, SUBAREA, ID_AREA) VALUES(185, '1.07.01.07-9', 'Cartografia Geológica', 1);
INSERT INTO "STI"."USER"."subarea" (ID_SUBAREA, COD_CNPQ, SUBAREA, ID_AREA) VALUES(186, '1.07.01.08-7', 'Metalogenia', 1);
INSERT INTO "STI"."USER"."subarea" (ID_SUBAREA, COD_CNPQ, SUBAREA, ID_AREA) VALUES(187, '1.07.01.09-5', 'Hidrogeologia', 1);
INSERT INTO "STI"."USER"."subarea" (ID_SUBAREA, COD_CNPQ, SUBAREA, ID_AREA) VALUES(188, '1.07.01.10-9', 'Prospecção Mineral', 1);
INSERT INTO "STI"."USER"."subarea" (ID_SUBAREA, COD_CNPQ, SUBAREA, ID_AREA) VALUES(189, '1.07.01.11-7', 'Sedimentologia', 1);
INSERT INTO "STI"."USER"."subarea" (ID_SUBAREA, COD_CNPQ, SUBAREA, ID_AREA) VALUES(190, '1.07.01.12-5', 'Paleontologia Estratigráfica', 1);
INSERT INTO "STI"."USER"."subarea" (ID_SUBAREA, COD_CNPQ, SUBAREA, ID_AREA) VALUES(191, '1.07.01.13-3', 'Estratigrafia', 1);
INSERT INTO "STI"."USER"."subarea" (ID_SUBAREA, COD_CNPQ, SUBAREA, ID_AREA) VALUES(192, '1.07.01.14-1', 'Geologia Ambiental', 1);
INSERT INTO "STI"."USER"."subarea" (ID_SUBAREA, COD_CNPQ, SUBAREA, ID_AREA) VALUES(193, '1.07.02.00-8', 'Geofísica', 1);
INSERT INTO "STI"."USER"."subarea" (ID_SUBAREA, COD_CNPQ, SUBAREA, ID_AREA) VALUES(194, '1.07.02.01-6', 'Geomagnetismo', 1);
INSERT INTO "STI"."USER"."subarea" (ID_SUBAREA, COD_CNPQ, SUBAREA, ID_AREA) VALUES(195, '1.07.02.02-4', 'Sismologia', 1);
INSERT INTO "STI"."USER"."subarea" (ID_SUBAREA, COD_CNPQ, SUBAREA, ID_AREA) VALUES(196, '1.07.02.03-2', 'Geotermia e Fluxo Térmico', 1);
INSERT INTO "STI"."USER"."subarea" (ID_SUBAREA, COD_CNPQ, SUBAREA, ID_AREA) VALUES(197, '1.07.02.04-0', 'Propriedades Físicas das Rochas', 1);
INSERT INTO "STI"."USER"."subarea" (ID_SUBAREA, COD_CNPQ, SUBAREA, ID_AREA) VALUES(198, '1.07.02.05-9', 'Geofísica Nuclear', 1);
INSERT INTO "STI"."USER"."subarea" (ID_SUBAREA, COD_CNPQ, SUBAREA, ID_AREA) VALUES(199, '1.07.02.06-7', 'Sensoriamento Remoto', 1);
INSERT INTO "STI"."USER"."subarea" (ID_SUBAREA, COD_CNPQ, SUBAREA, ID_AREA) VALUES(200, '1.07.02.07-5', 'Aeronomia', 1);
INSERT INTO "STI"."USER"."subarea" (ID_SUBAREA, COD_CNPQ, SUBAREA, ID_AREA) VALUES(201, '1.07.02.08-3', 'Desenvolvimento de Instrumentação Geofísica', 1);
INSERT INTO "STI"."USER"."subarea" (ID_SUBAREA, COD_CNPQ, SUBAREA, ID_AREA) VALUES(202, '1.07.02.09-1', 'Geofísica Aplicada', 1);
INSERT INTO "STI"."USER"."subarea" (ID_SUBAREA, COD_CNPQ, SUBAREA, ID_AREA) VALUES(203, '1.07.02.10-5', 'Gravimetria', 1);
INSERT INTO "STI"."USER"."subarea" (ID_SUBAREA, COD_CNPQ, SUBAREA, ID_AREA) VALUES(204, '1.07.03.00-4', 'Meteorologia', 1);
INSERT INTO "STI"."USER"."subarea" (ID_SUBAREA, COD_CNPQ, SUBAREA, ID_AREA) VALUES(205, '1.07.03.01-2', 'Meteorologia Dinâmica', 1);
INSERT INTO "STI"."USER"."subarea" (ID_SUBAREA, COD_CNPQ, SUBAREA, ID_AREA) VALUES(206, '1.07.03.02-0', 'Meteorologia Sinótica', 1);
INSERT INTO "STI"."USER"."subarea" (ID_SUBAREA, COD_CNPQ, SUBAREA, ID_AREA) VALUES(207, '1.07.03.03-9', 'Meteorologia Física', 1);
INSERT INTO "STI"."USER"."subarea" (ID_SUBAREA, COD_CNPQ, SUBAREA, ID_AREA) VALUES(208, '1.07.03.04-7', 'Química da Atmosfera', 1);
INSERT INTO "STI"."USER"."subarea" (ID_SUBAREA, COD_CNPQ, SUBAREA, ID_AREA) VALUES(209, '1.07.03.05-5', 'Instrumentação Meteorológica', 1);
INSERT INTO "STI"."USER"."subarea" (ID_SUBAREA, COD_CNPQ, SUBAREA, ID_AREA) VALUES(210, '1.07.03.06-3', 'Climatologia', 1);
INSERT INTO "STI"."USER"."subarea" (ID_SUBAREA, COD_CNPQ, SUBAREA, ID_AREA) VALUES(211, '1.07.03.07-1', 'Micrometeorologia', 1);
INSERT INTO "STI"."USER"."subarea" (ID_SUBAREA, COD_CNPQ, SUBAREA, ID_AREA) VALUES(212, '1.07.03.08-0', 'Sensoriamento Remoto da Atmosfera', 1);
INSERT INTO "STI"."USER"."subarea" (ID_SUBAREA, COD_CNPQ, SUBAREA, ID_AREA) VALUES(213, '1.07.03.09-8', 'Meteorologia Aplicada', 1);
INSERT INTO "STI"."USER"."subarea" (ID_SUBAREA, COD_CNPQ, SUBAREA, ID_AREA) VALUES(214, '1.07.04.00-0', 'Geodesia', 1);
INSERT INTO "STI"."USER"."subarea" (ID_SUBAREA, COD_CNPQ, SUBAREA, ID_AREA) VALUES(215, '1.07.04.01-9', 'Geodesia Física', 1);
INSERT INTO "STI"."USER"."subarea" (ID_SUBAREA, COD_CNPQ, SUBAREA, ID_AREA) VALUES(216, '1.07.04.02-7', 'Geodesia Geométrica', 1);
INSERT INTO "STI"."USER"."subarea" (ID_SUBAREA, COD_CNPQ, SUBAREA, ID_AREA) VALUES(217, '1.07.04.03-5', 'Geodesia Celeste', 1);
INSERT INTO "STI"."USER"."subarea" (ID_SUBAREA, COD_CNPQ, SUBAREA, ID_AREA) VALUES(218, '1.07.04.04-3', 'Fotogrametria', 1);
INSERT INTO "STI"."USER"."subarea" (ID_SUBAREA, COD_CNPQ, SUBAREA, ID_AREA) VALUES(219, '1.07.04.05-1', 'Cartografia Básica', 1);
INSERT INTO "STI"."USER"."subarea" (ID_SUBAREA, COD_CNPQ, SUBAREA, ID_AREA) VALUES(220, '1.07.05.00-7', 'Geografia Física', 1);
INSERT INTO "STI"."USER"."subarea" (ID_SUBAREA, COD_CNPQ, SUBAREA, ID_AREA) VALUES(221, '1.07.05.01-5', 'Geomorfologia', 1);
INSERT INTO "STI"."USER"."subarea" (ID_SUBAREA, COD_CNPQ, SUBAREA, ID_AREA) VALUES(222, '1.07.05.02-3', 'Climatologia Geográfica', 1);
INSERT INTO "STI"."USER"."subarea" (ID_SUBAREA, COD_CNPQ, SUBAREA, ID_AREA) VALUES(223, '1.07.05.03-1', 'Pedologia', 1);
INSERT INTO "STI"."USER"."subarea" (ID_SUBAREA, COD_CNPQ, SUBAREA, ID_AREA) VALUES(224, '1.07.05.04-0', 'Hidrogeografia', 1);
INSERT INTO "STI"."USER"."subarea" (ID_SUBAREA, COD_CNPQ, SUBAREA, ID_AREA) VALUES(225, '1.07.05.05-8', 'Geoecologia', 1);
INSERT INTO "STI"."USER"."subarea" (ID_SUBAREA, COD_CNPQ, SUBAREA, ID_AREA) VALUES(226, '1.07.05.06-6', 'Fotogeografia" (Físico-Ecológica)', 1);
INSERT INTO "STI"."USER"."subarea" (ID_SUBAREA, COD_CNPQ, SUBAREA, ID_AREA) VALUES(227, '1.07.05.07-4', 'Geocartografia', 1);
INSERT INTO "STI"."USER"."subarea" (ID_SUBAREA, COD_CNPQ, SUBAREA, ID_AREA) VALUES(228, '1.08.00.00-0', 'Oceanografia', 1);
INSERT INTO "STI"."USER"."subarea" (ID_SUBAREA, COD_CNPQ, SUBAREA, ID_AREA) VALUES(229, '1.08.01.00-6', 'Oceanografia Biológica', 1);
INSERT INTO "STI"."USER"."subarea" (ID_SUBAREA, COD_CNPQ, SUBAREA, ID_AREA) VALUES(230, '1.08.01.01-4', 'Interação entre os Organismos Marinhos e os Parâmetros Ambientais', 1);
INSERT INTO "STI"."USER"."subarea" (ID_SUBAREA, COD_CNPQ, SUBAREA, ID_AREA) VALUES(231, '1.08.02.00-2', 'Oceanografia Física', 1);
INSERT INTO "STI"."USER"."subarea" (ID_SUBAREA, COD_CNPQ, SUBAREA, ID_AREA) VALUES(232, '1.08.02.01-0', 'Variáveis Físicas da Água do Mar', 1);
INSERT INTO "STI"."USER"."subarea" (ID_SUBAREA, COD_CNPQ, SUBAREA, ID_AREA) VALUES(233, '1.08.02.02-9', 'Movimento da Água do Mar', 1);
INSERT INTO "STI"."USER"."subarea" (ID_SUBAREA, COD_CNPQ, SUBAREA, ID_AREA) VALUES(234, '1.08.02.03-7', 'Origem das Massas de Água', 1);
INSERT INTO "STI"."USER"."subarea" (ID_SUBAREA, COD_CNPQ, SUBAREA, ID_AREA) VALUES(235, '1.08.02.04-5', 'Interação do Oceano com o Leito do Mar', 1);
INSERT INTO "STI"."USER"."subarea" (ID_SUBAREA, COD_CNPQ, SUBAREA, ID_AREA) VALUES(236, '1.08.02.05-3', 'Interação do Oceano com a Atmosfera', 1);
INSERT INTO "STI"."USER"."subarea" (ID_SUBAREA, COD_CNPQ, SUBAREA, ID_AREA) VALUES(237, '1.08.03.00-9', 'Oceanografia Química', 1);
INSERT INTO "STI"."USER"."subarea" (ID_SUBAREA, COD_CNPQ, SUBAREA, ID_AREA) VALUES(238, '1.08.03.01-7', 'Propriedades Químicas da Água do Mar', 1);
INSERT INTO "STI"."USER"."subarea" (ID_SUBAREA, COD_CNPQ, SUBAREA, ID_AREA) VALUES(239, '1.08.03.02-5', 'Interações Químico-Biológicas/Geológicas das Substâncias Químicas da Água do Mar', 1);
INSERT INTO "STI"."USER"."subarea" (ID_SUBAREA, COD_CNPQ, SUBAREA, ID_AREA) VALUES(240, '1.08.04.00-5', 'Oceanografia Geológica', 1);
INSERT INTO "STI"."USER"."subarea" (ID_SUBAREA, COD_CNPQ, SUBAREA, ID_AREA) VALUES(241, '1.08.04.01-3', 'Geomorfologia Submarina', 1);
INSERT INTO "STI"."USER"."subarea" (ID_SUBAREA, COD_CNPQ, SUBAREA, ID_AREA) VALUES(242, '1.08.04.02-1', 'Sedimentologia Marinha', 1);
INSERT INTO "STI"."USER"."subarea" (ID_SUBAREA, COD_CNPQ, SUBAREA, ID_AREA) VALUES(243, '1.08.04.03-0', 'Geofísica Marinha', 1);
INSERT INTO "STI"."USER"."subarea" (ID_SUBAREA, COD_CNPQ, SUBAREA, ID_AREA) VALUES(244, '1.08.04.04-8', 'Geoquímica Marinha', 1);

INSERT INTO "STI"."USER"."tipo_status" (ID_STATUS, STATUS, DATA, ID_USUARIO) VALUES(1, 'interrogação', '2011-06-27', 1);
INSERT INTO "STI"."USER"."tipo_status" (ID_STATUS, STATUS, DATA, ID_USUARIO) VALUES(2, 'requisição', '2011-06-27', 1);
INSERT INTO "STI"."USER"."tipo_status" (ID_STATUS, STATUS, DATA, ID_USUARIO) VALUES(3, 'negação', '2011-06-27', 1);
INSERT INTO "STI"."USER"."tipo_status" (ID_STATUS, STATUS, DATA, ID_USUARIO) VALUES(4, 'lógica', '2011-06-27', 1);

INSERT INTO "STI"."USER"."usuario" (ID_USUARIO, NOME, PRIMEIRO_NOME, NOVO_USUARIO, USUARIO, SENHA, EMAIL, CELULAR, SMS, TWITTER, ID_CONVERSA) VALUES(1, 'Luciano Medeiros', 'Luciano', '0', 'luciano', 'ERfW+2BZj8vwzZNo4a6tOYbhSKzAJaG9/EWm4onTN8w=', 'luciano.me@grupouninter.com.br', '554192231826', 1, '@l_f_medeiros', 1481);
INSERT INTO "STI"."USER"."usuario" (ID_USUARIO, NOME, PRIMEIRO_NOME, NOVO_USUARIO, USUARIO, SENHA, EMAIL, CELULAR, SMS, TWITTER, ID_CONVERSA) VALUES(2, 'Armando Kolbe Junior', 'Armando', '0', 'armando', 'ERfW+2BZj8vwzZNo4a6tOYbhSKzAJaG9/EWm4onTN8w=', 'armando.k@grupouninter.com.br', NULL, 0, '@kolbejunior', 43);

INSERT INTO "STI"."USER"."valor" (ID_VALOR, NOME, NOME_FONEMA, AUTOR, AUTOR_FONEMA, COMPLEMENTO, ANO, DATA_EVENTO, ID_OBJETO, DATA, ID_USUARIO, IMAGEM, DATA_NASC, DATA_OBIT) VALUES(1, 'sinais desprovidos de contexto', NULL, 'Schreiber et al', 'Chráiber e outros', NULL, 0, NULL, NULL, '2011-05-11', 1, NULL, NULL, NULL);
INSERT INTO "STI"."USER"."valor" (ID_VALOR, NOME, NOME_FONEMA, AUTOR, AUTOR_FONEMA, COMPLEMENTO, ANO, DATA_EVENTO, ID_OBJETO, DATA, ID_USUARIO, IMAGEM, DATA_NASC, DATA_OBIT) VALUES(2, 'matéria-prima da informação', NULL, 'O''Brien', 'Obráien', NULL, 0, NULL, NULL, '2011-05-11', 1, NULL, NULL, NULL);
INSERT INTO "STI"."USER"."valor" (ID_VALOR, NOME, NOME_FONEMA, AUTOR, AUTOR_FONEMA, COMPLEMENTO, ANO, DATA_EVENTO, ID_OBJETO, DATA, ID_USUARIO, IMAGEM, DATA_NASC, DATA_OBIT) VALUES(3, 'mensagem', NULL, '', NULL, NULL, 0, NULL, NULL, '2011-05-11', 1, NULL, NULL, NULL);
INSERT INTO "STI"."USER"."valor" (ID_VALOR, NOME, NOME_FONEMA, AUTOR, AUTOR_FONEMA, COMPLEMENTO, ANO, DATA_EVENTO, ID_OBJETO, DATA, ID_USUARIO, IMAGEM, DATA_NASC, DATA_OBIT) VALUES(4, 'texto', NULL, '', NULL, NULL, 0, NULL, NULL, '2011-05-11', 1, NULL, NULL, NULL);
INSERT INTO "STI"."USER"."valor" (ID_VALOR, NOME, NOME_FONEMA, AUTOR, AUTOR_FONEMA, COMPLEMENTO, ANO, DATA_EVENTO, ID_OBJETO, DATA, ID_USUARIO, IMAGEM, DATA_NASC, DATA_OBIT) VALUES(5, 'data', NULL, '', NULL, NULL, 0, NULL, NULL, '2011-05-11', 1, NULL, NULL, NULL);
INSERT INTO "STI"."USER"."valor" (ID_VALOR, NOME, NOME_FONEMA, AUTOR, AUTOR_FONEMA, COMPLEMENTO, ANO, DATA_EVENTO, ID_OBJETO, DATA, ID_USUARIO, IMAGEM, DATA_NASC, DATA_OBIT) VALUES(6, 'número', NULL, '', NULL, NULL, 0, NULL, NULL, '2011-05-11', 1, NULL, NULL, NULL);
INSERT INTO "STI"."USER"."valor" (ID_VALOR, NOME, NOME_FONEMA, AUTOR, AUTOR_FONEMA, COMPLEMENTO, ANO, DATA_EVENTO, ID_OBJETO, DATA, ID_USUARIO, IMAGEM, DATA_NASC, DATA_OBIT) VALUES(7, 'nome de pessoa', NULL, '', NULL, NULL, 0, NULL, NULL, '2011-05-11', 1, NULL, NULL, NULL);
INSERT INTO "STI"."USER"."valor" (ID_VALOR, NOME, NOME_FONEMA, AUTOR, AUTOR_FONEMA, COMPLEMENTO, ANO, DATA_EVENTO, ID_OBJETO, DATA, ID_USUARIO, IMAGEM, DATA_NASC, DATA_OBIT) VALUES(8, 'cartão de crédito', NULL, '', NULL, NULL, 0, NULL, NULL, '2011-05-11', 1, NULL, NULL, NULL);
INSERT INTO "STI"."USER"."valor" (ID_VALOR, NOME, NOME_FONEMA, AUTOR, AUTOR_FONEMA, COMPLEMENTO, ANO, DATA_EVENTO, ID_OBJETO, DATA, ID_USUARIO, IMAGEM, DATA_NASC, DATA_OBIT) VALUES(9, 'idade', NULL, '', NULL, NULL, 0, NULL, NULL, '2011-05-11', 1, NULL, NULL, NULL);
INSERT INTO "STI"."USER"."valor" (ID_VALOR, NOME, NOME_FONEMA, AUTOR, AUTOR_FONEMA, COMPLEMENTO, ANO, DATA_EVENTO, ID_OBJETO, DATA, ID_USUARIO, IMAGEM, DATA_NASC, DATA_OBIT) VALUES(10, 'sinais em um certo contexto', NULL, '', NULL, NULL, 0, NULL, NULL, '2011-05-11', 1, NULL, NULL, NULL);
INSERT INTO "STI"."USER"."valor" (ID_VALOR, NOME, NOME_FONEMA, AUTOR, AUTOR_FONEMA, COMPLEMENTO, ANO, DATA_EVENTO, ID_OBJETO, DATA, ID_USUARIO, IMAGEM, DATA_NASC, DATA_OBIT) VALUES(11, 'dado interpretado', NULL, '', NULL, NULL, 0, NULL, NULL, '2011-05-11', 1, NULL, NULL, NULL);
INSERT INTO "STI"."USER"."valor" (ID_VALOR, NOME, NOME_FONEMA, AUTOR, AUTOR_FONEMA, COMPLEMENTO, ANO, DATA_EVENTO, ID_OBJETO, DATA, ID_USUARIO, IMAGEM, DATA_NASC, DATA_OBIT) VALUES(12, 'dado contextualizado', NULL, '', NULL, NULL, 0, NULL, NULL, '2011-05-11', 1, NULL, NULL, NULL);
INSERT INTO "STI"."USER"."valor" (ID_VALOR, NOME, NOME_FONEMA, AUTOR, AUTOR_FONEMA, COMPLEMENTO, ANO, DATA_EVENTO, ID_OBJETO, DATA, ID_USUARIO, IMAGEM, DATA_NASC, DATA_OBIT) VALUES(13, 'dado com sentido', NULL, '', NULL, NULL, 0, NULL, NULL, '2011-05-11', 1, NULL, NULL, NULL);
INSERT INTO "STI"."USER"."valor" (ID_VALOR, NOME, NOME_FONEMA, AUTOR, AUTOR_FONEMA, COMPLEMENTO, ANO, DATA_EVENTO, ID_OBJETO, DATA, ID_USUARIO, IMAGEM, DATA_NASC, DATA_OBIT) VALUES(14, 'um relatório ordenado com total', NULL, '', NULL, NULL, 0, NULL, NULL, '2011-05-11', 1, NULL, NULL, NULL);
INSERT INTO "STI"."USER"."valor" (ID_VALOR, NOME, NOME_FONEMA, AUTOR, AUTOR_FONEMA, COMPLEMENTO, ANO, DATA_EVENTO, ID_OBJETO, DATA, ID_USUARIO, IMAGEM, DATA_NASC, DATA_OBIT) VALUES(15, 'um informativo de comunicação interna', NULL, '', NULL, NULL, 0, NULL, NULL, '2011-05-11', 1, NULL, NULL, NULL);
INSERT INTO "STI"."USER"."valor" (ID_VALOR, NOME, NOME_FONEMA, AUTOR, AUTOR_FONEMA, COMPLEMENTO, ANO, DATA_EVENTO, ID_OBJETO, DATA, ID_USUARIO, IMAGEM, DATA_NASC, DATA_OBIT) VALUES(16, 'um relatório com total de vendas', NULL, '', NULL, NULL, 0, NULL, NULL, '2011-05-11', 1, NULL, NULL, NULL);
INSERT INTO "STI"."USER"."valor" (ID_VALOR, NOME, NOME_FONEMA, AUTOR, AUTOR_FONEMA, COMPLEMENTO, ANO, DATA_EVENTO, ID_OBJETO, DATA, ID_USUARIO, IMAGEM, DATA_NASC, DATA_OBIT) VALUES(17, 'a correção de rumo de um veículo', NULL, '', NULL, NULL, 0, NULL, NULL, '2011-05-11', 1, NULL, NULL, NULL);
INSERT INTO "STI"."USER"."valor" (ID_VALOR, NOME, NOME_FONEMA, AUTOR, AUTOR_FONEMA, COMPLEMENTO, ANO, DATA_EVENTO, ID_OBJETO, DATA, ID_USUARIO, IMAGEM, DATA_NASC, DATA_OBIT) VALUES(18, '01134221123 é um dado, uma seqüência de números quaisquer', NULL, '', NULL, NULL, 0, NULL, NULL, '2011-05-11', 1, NULL, NULL, NULL);
INSERT INTO "STI"."USER"."valor" (ID_VALOR, NOME, NOME_FONEMA, AUTOR, AUTOR_FONEMA, COMPLEMENTO, ANO, DATA_EVENTO, ID_OBJETO, DATA, ID_USUARIO, IMAGEM, DATA_NASC, DATA_OBIT) VALUES(19, '(011) 3422-1123 torna-se, agora, informação...é um número de telefone', NULL, '', NULL, NULL, 0, NULL, NULL, '2011-05-11', 1, NULL, NULL, NULL);
INSERT INTO "STI"."USER"."valor" (ID_VALOR, NOME, NOME_FONEMA, AUTOR, AUTOR_FONEMA, COMPLEMENTO, ANO, DATA_EVENTO, ID_OBJETO, DATA, ID_USUARIO, IMAGEM, DATA_NASC, DATA_OBIT) VALUES(20, 'após um certo limiar, os dados se transformam em informação', NULL, '', NULL, NULL, 0, NULL, NULL, '2011-05-11', 1, NULL, NULL, NULL);
INSERT INTO "STI"."USER"."valor" (ID_VALOR, NOME, NOME_FONEMA, AUTOR, AUTOR_FONEMA, COMPLEMENTO, ANO, DATA_EVENTO, ID_OBJETO, DATA, ID_USUARIO, IMAGEM, DATA_NASC, DATA_OBIT) VALUES(21, 'informação é feita de dados', NULL, '', NULL, NULL, 0, NULL, NULL, '2011-05-11', 1, NULL, NULL, NULL);
INSERT INTO "STI"."USER"."valor" (ID_VALOR, NOME, NOME_FONEMA, AUTOR, AUTOR_FONEMA, COMPLEMENTO, ANO, DATA_EVENTO, ID_OBJETO, DATA, ID_USUARIO, IMAGEM, DATA_NASC, DATA_OBIT) VALUES(22, 'Laudon', 'Láudon', '', NULL, NULL, 0, NULL, NULL, '2011-06-29', 1, NULL, NULL, NULL);
INSERT INTO "STI"."USER"."valor" (ID_VALOR, NOME, NOME_FONEMA, AUTOR, AUTOR_FONEMA, COMPLEMENTO, ANO, DATA_EVENTO, ID_OBJETO, DATA, ID_USUARIO, IMAGEM, DATA_NASC, DATA_OBIT) VALUES(23, 'O''Brien', 'Obráien', '', NULL, NULL, 0, NULL, NULL, '2011-06-29', 1, NULL, NULL, NULL);
INSERT INTO "STI"."USER"."valor" (ID_VALOR, NOME, NOME_FONEMA, AUTOR, AUTOR_FONEMA, COMPLEMENTO, ANO, DATA_EVENTO, ID_OBJETO, DATA, ID_USUARIO, IMAGEM, DATA_NASC, DATA_OBIT) VALUES(24, 'salário', NULL, '', NULL, NULL, 0, NULL, NULL, '2011-07-12', 1, NULL, NULL, NULL);
INSERT INTO "STI"."USER"."valor" (ID_VALOR, NOME, NOME_FONEMA, AUTOR, AUTOR_FONEMA, COMPLEMENTO, ANO, DATA_EVENTO, ID_OBJETO, DATA, ID_USUARIO, IMAGEM, DATA_NASC, DATA_OBIT) VALUES(25, 'CPF', 'C.P.F.', '', NULL, NULL, 0, NULL, NULL, '2011-07-12', 1, NULL, NULL, NULL);
INSERT INTO "STI"."USER"."valor" (ID_VALOR, NOME, NOME_FONEMA, AUTOR, AUTOR_FONEMA, COMPLEMENTO, ANO, DATA_EVENTO, ID_OBJETO, DATA, ID_USUARIO, IMAGEM, DATA_NASC, DATA_OBIT) VALUES(26, 'dado é a matéria-prima da qual será feita a informação', NULL, '', NULL, NULL, 0, NULL, NULL, '2011-07-19', 1, NULL, NULL, NULL);
INSERT INTO "STI"."USER"."valor" (ID_VALOR, NOME, NOME_FONEMA, AUTOR, AUTOR_FONEMA, COMPLEMENTO, ANO, DATA_EVENTO, ID_OBJETO, DATA, ID_USUARIO, IMAGEM, DATA_NASC, DATA_OBIT) VALUES(27, 'o limiar entre dado e informação não é bem delimitado, sendo na maior parte das vezes difuso', NULL, '', NULL, NULL, 0, NULL, NULL, '2011-07-19', 1, NULL, NULL, NULL);
INSERT INTO "STI"."USER"."valor" (ID_VALOR, NOME, NOME_FONEMA, AUTOR, AUTOR_FONEMA, COMPLEMENTO, ANO, DATA_EVENTO, ID_OBJETO, DATA, ID_USUARIO, IMAGEM, DATA_NASC, DATA_OBIT) VALUES(28, 'conjunto de dados, informações e relações entre eles, que fazem as pessoas tomarem decisões, realizarem tarefas ou mesmo criar novas informações ou conhecimentos', NULL, 'Schreiber et al', 'Chraiber e outros', NULL, 0, NULL, NULL, '2011-09-20', 1, NULL, NULL, NULL);
INSERT INTO "STI"."USER"."valor" (ID_VALOR, NOME, NOME_FONEMA, AUTOR, AUTOR_FONEMA, COMPLEMENTO, ANO, DATA_EVENTO, ID_OBJETO, DATA, ID_USUARIO, IMAGEM, DATA_NASC, DATA_OBIT) VALUES(29, 'conhecimento que se aprende pela prática, de difícil formalização e comunicação', NULL, '', NULL, NULL, 0, NULL, NULL, '2011-09-21', 1, NULL, NULL, NULL);
INSERT INTO "STI"."USER"."valor" (ID_VALOR, NOME, NOME_FONEMA, AUTOR, AUTOR_FONEMA, COMPLEMENTO, ANO, DATA_EVENTO, ID_OBJETO, DATA, ID_USUARIO, IMAGEM, DATA_NASC, DATA_OBIT) VALUES(30, 'tipo de conhecimento que pode ser articulado em linguagem formal e sistemática', NULL, '', NULL, NULL, 0, NULL, NULL, '2011-09-21', 1, NULL, NULL, NULL);
INSERT INTO "STI"."USER"."valor" (ID_VALOR, NOME, NOME_FONEMA, AUTOR, AUTOR_FONEMA, COMPLEMENTO, ANO, DATA_EVENTO, ID_OBJETO, DATA, ID_USUARIO, IMAGEM, DATA_NASC, DATA_OBIT) VALUES(31, '', NULL, ' ', NULL, NULL, 0, NULL, 4, '2011-10-25', 1, NULL, NULL, NULL);
INSERT INTO "STI"."USER"."valor" (ID_VALOR, NOME, NOME_FONEMA, AUTOR, AUTOR_FONEMA, COMPLEMENTO, ANO, DATA_EVENTO, ID_OBJETO, DATA, ID_USUARIO, IMAGEM, DATA_NASC, DATA_OBIT) VALUES(32, '', NULL, ' ', NULL, NULL, 0, NULL, 5, '2011-10-25', 1, NULL, NULL, NULL);
INSERT INTO "STI"."USER"."valor" (ID_VALOR, NOME, NOME_FONEMA, AUTOR, AUTOR_FONEMA, COMPLEMENTO, ANO, DATA_EVENTO, ID_OBJETO, DATA, ID_USUARIO, IMAGEM, DATA_NASC, DATA_OBIT) VALUES(33, 'indivíduo', NULL, NULL, NULL, NULL, 0, NULL, NULL, '2011-10-27', 1, NULL, NULL, NULL);
INSERT INTO "STI"."USER"."valor" (ID_VALOR, NOME, NOME_FONEMA, AUTOR, AUTOR_FONEMA, COMPLEMENTO, ANO, DATA_EVENTO, ID_OBJETO, DATA, ID_USUARIO, IMAGEM, DATA_NASC, DATA_OBIT) VALUES(34, 'grupo', NULL, NULL, NULL, NULL, 0, NULL, NULL, '2011-10-27', 1, NULL, NULL, NULL);
INSERT INTO "STI"."USER"."valor" (ID_VALOR, NOME, NOME_FONEMA, AUTOR, AUTOR_FONEMA, COMPLEMENTO, ANO, DATA_EVENTO, ID_OBJETO, DATA, ID_USUARIO, IMAGEM, DATA_NASC, DATA_OBIT) VALUES(35, 'organização', NULL, NULL, NULL, NULL, 0, NULL, NULL, '2011-10-27', 1, NULL, NULL, NULL);
INSERT INTO "STI"."USER"."valor" (ID_VALOR, NOME, NOME_FONEMA, AUTOR, AUTOR_FONEMA, COMPLEMENTO, ANO, DATA_EVENTO, ID_OBJETO, DATA, ID_USUARIO, IMAGEM, DATA_NASC, DATA_OBIT) VALUES(36, 'inter-organizacional', NULL, NULL, NULL, NULL, 0, NULL, NULL, '2011-10-27', 1, NULL, NULL, NULL);
INSERT INTO "STI"."USER"."valor" (ID_VALOR, NOME, NOME_FONEMA, AUTOR, AUTOR_FONEMA, COMPLEMENTO, ANO, DATA_EVENTO, ID_OBJETO, DATA, ID_USUARIO, IMAGEM, DATA_NASC, DATA_OBIT) VALUES(37, 'conjunto de fatos distintos e objetivos relativos a eventos', NULL, 'Davenport e Prusak', 'Dávenport e Prúsak', NULL, 0, NULL, NULL, '2012-02-08', 1, NULL, NULL, NULL);
INSERT INTO "STI"."USER"."valor" (ID_VALOR, NOME, NOME_FONEMA, AUTOR, AUTOR_FONEMA, COMPLEMENTO, ANO, DATA_EVENTO, ID_OBJETO, DATA, ID_USUARIO, IMAGEM, DATA_NASC, DATA_OBIT) VALUES(38, 'constituem registros estruturados de transações', NULL, '', '', NULL, 0, NULL, NULL, '2012-02-08', 1, NULL, NULL, NULL);
INSERT INTO "STI"."USER"."valor" (ID_VALOR, NOME, NOME_FONEMA, AUTOR, AUTOR_FONEMA, COMPLEMENTO, ANO, DATA_EVENTO, ID_OBJETO, DATA, ID_USUARIO, IMAGEM, DATA_NASC, DATA_OBIT) VALUES(39, 'descrevem apenas parte daquilo que aconteceu, não fornecem julgamento nem interpretações e nem qualquer base sustentável para a tomada de ação', NULL, '', '', NULL, 0, NULL, NULL, '2012-02-08', 1, NULL, NULL, NULL);
INSERT INTO "STI"."USER"."valor" (ID_VALOR, NOME, NOME_FONEMA, AUTOR, AUTOR_FONEMA, COMPLEMENTO, ANO, DATA_EVENTO, ID_OBJETO, DATA, ID_USUARIO, IMAGEM, DATA_NASC, DATA_OBIT) VALUES(40, 'uma mensagem, geralmente na forma de um documento ou uma comunicação audível ou visível', NULL, 'Davenport e Prusak', 'Dávenport e Prúsak', NULL, 0, NULL, NULL, '2012-02-08', 1, NULL, NULL, NULL);
INSERT INTO "STI"."USER"."valor" (ID_VALOR, NOME, NOME_FONEMA, AUTOR, AUTOR_FONEMA, COMPLEMENTO, ANO, DATA_EVENTO, ID_OBJETO, DATA, ID_USUARIO, IMAGEM, DATA_NASC, DATA_OBIT) VALUES(41, 'visa a modelar a pessoa que a recebe no sentido de fazer alguma diferença em sua perspectiva ou insight', 'visa a modelar a pessoa que a recebe no sentido de fazer alguma diferença em sua perspectiva ou insait', '', '', NULL, 0, NULL, NULL, '2012-02-08', 1, NULL, NULL, NULL);
INSERT INTO "STI"."USER"."valor" (ID_VALOR, NOME, NOME_FONEMA, AUTOR, AUTOR_FONEMA, COMPLEMENTO, ANO, DATA_EVENTO, ID_OBJETO, DATA, ID_USUARIO, IMAGEM, DATA_NASC, DATA_OBIT) VALUES(42, 'dados tornam-se informação quando o seu criador lhes acrescenta um significado', NULL, '', '', NULL, 0, NULL, NULL, '2012-02-08', 1, NULL, NULL, NULL);
INSERT INTO "STI"."USER"."valor" (ID_VALOR, NOME, NOME_FONEMA, AUTOR, AUTOR_FONEMA, COMPLEMENTO, ANO, DATA_EVENTO, ID_OBJETO, DATA, ID_USUARIO, IMAGEM, DATA_NASC, DATA_OBIT) VALUES(43, 'mistura fluida de experiência condensada, valores, informação contextual e insight experimentado, a qual proporciona uma estrutura para a avaliação e incorporação de novas experiências e informações', 'mistura fluida de experiência condensada, valores, informação contextual e insáit experimentado, a qual proporciona uma estrutura para a avaliação e incorporação de novas experiências e informações', 'Davenport e Prusak', 'Dávenport e Prúsak', NULL, 0, NULL, NULL, '2012-02-08', 1, NULL, NULL, NULL);
INSERT INTO "STI"."USER"."valor" (ID_VALOR, NOME, NOME_FONEMA, AUTOR, AUTOR_FONEMA, COMPLEMENTO, ANO, DATA_EVENTO, ID_OBJETO, DATA, ID_USUARIO, IMAGEM, DATA_NASC, DATA_OBIT) VALUES(44, 'nas organizações, o conhecimento costuma estar embutido não só em documentos ou repositórios, mas também em rotinas, processos, práticas e normas organizacionais', NULL, '', '', NULL, 0, NULL, NULL, '2012-02-08', 1, NULL, NULL, NULL);
INSERT INTO "STI"."USER"."valor" (ID_VALOR, NOME, NOME_FONEMA, AUTOR, AUTOR_FONEMA, COMPLEMENTO, ANO, DATA_EVENTO, ID_OBJETO, DATA, ID_USUARIO, IMAGEM, DATA_NASC, DATA_OBIT) VALUES(45, 'não', NULL, NULL, NULL, NULL, 0, NULL, NULL, '2012-10-01', 1, NULL, NULL, NULL);
INSERT INTO "STI"."USER"."valor" (ID_VALOR, NOME, NOME_FONEMA, AUTOR, AUTOR_FONEMA, COMPLEMENTO, ANO, DATA_EVENTO, ID_OBJETO, DATA, ID_USUARIO, IMAGEM, DATA_NASC, DATA_OBIT) VALUES(46, 'um conjunto estruturado de atividades que incluem o modo como as organizações obtêm, distribuem e usam a informação', NULL, 'Davenport', 'Dávenport', NULL, 0, NULL, NULL, '2012-10-23', 1, NULL, NULL, NULL);
INSERT INTO "STI"."USER"."valor" (ID_VALOR, NOME, NOME_FONEMA, AUTOR, AUTOR_FONEMA, COMPLEMENTO, ANO, DATA_EVENTO, ID_OBJETO, DATA, ID_USUARIO, IMAGEM, DATA_NASC, DATA_OBIT) VALUES(47, 'caracteriza-se como um processo que precisa de suporte e deve ser constantemente aperfeiçoado e monitorado', NULL, NULL, NULL, NULL, 0, NULL, NULL, '2012-10-23', 1, NULL, NULL, NULL);
INSERT INTO "STI"."USER"."valor" (ID_VALOR, NOME, NOME_FONEMA, AUTOR, AUTOR_FONEMA, COMPLEMENTO, ANO, DATA_EVENTO, ID_OBJETO, DATA, ID_USUARIO, IMAGEM, DATA_NASC, DATA_OBIT) VALUES(48, 'informações que são geradas no dia-a-dia da empresa, em nível operacional e adquiridas internamente, com finalidade de controle', NULL, 'Batista', 'Batista', NULL, 2004, NULL, NULL, '2012-10-23', 1, NULL, NULL, NULL);
INSERT INTO "STI"."USER"."valor" (ID_VALOR, NOME, NOME_FONEMA, AUTOR, AUTOR_FONEMA, COMPLEMENTO, ANO, DATA_EVENTO, ID_OBJETO, DATA, ID_USUARIO, IMAGEM, DATA_NASC, DATA_OBIT) VALUES(49, 'a geração delas é feita de forma predominantemente manual', NULL, NULL, NULL, NULL, 0, NULL, NULL, '2012-10-23', 1, NULL, NULL, NULL);
INSERT INTO "STI"."USER"."valor" (ID_VALOR, NOME, NOME_FONEMA, AUTOR, AUTOR_FONEMA, COMPLEMENTO, ANO, DATA_EVENTO, ID_OBJETO, DATA, ID_USUARIO, IMAGEM, DATA_NASC, DATA_OBIT) VALUES(50, 'formulários de pedidos de vendas', NULL, NULL, NULL, NULL, 0, NULL, NULL, '2012-10-23', 1, NULL, NULL, NULL);
INSERT INTO "STI"."USER"."valor" (ID_VALOR, NOME, NOME_FONEMA, AUTOR, AUTOR_FONEMA, COMPLEMENTO, ANO, DATA_EVENTO, ID_OBJETO, DATA, ID_USUARIO, IMAGEM, DATA_NASC, DATA_OBIT) VALUES(51, 'notas fiscais', NULL, NULL, NULL, NULL, 0, NULL, NULL, '2012-10-23', 1, NULL, NULL, NULL);
INSERT INTO "STI"."USER"."valor" (ID_VALOR, NOME, NOME_FONEMA, AUTOR, AUTOR_FONEMA, COMPLEMENTO, ANO, DATA_EVENTO, ID_OBJETO, DATA, ID_USUARIO, IMAGEM, DATA_NASC, DATA_OBIT) VALUES(52, 'requisições internas', NULL, NULL, NULL, NULL, 0, NULL, NULL, '2012-10-23', 1, NULL, NULL, NULL);
INSERT INTO "STI"."USER"."valor" (ID_VALOR, NOME, NOME_FONEMA, AUTOR, AUTOR_FONEMA, COMPLEMENTO, ANO, DATA_EVENTO, ID_OBJETO, DATA, ID_USUARIO, IMAGEM, DATA_NASC, DATA_OBIT) VALUES(53, 'ordens de compra', NULL, NULL, NULL, NULL, 0, NULL, NULL, '2012-10-23', 1, NULL, NULL, NULL);
INSERT INTO "STI"."USER"."valor" (ID_VALOR, NOME, NOME_FONEMA, AUTOR, AUTOR_FONEMA, COMPLEMENTO, ANO, DATA_EVENTO, ID_OBJETO, DATA, ID_USUARIO, IMAGEM, DATA_NASC, DATA_OBIT) VALUES(54, 'aquelas utilizadas para tomada de decisões em nível tático ou gerencial, com finalidade de acompanhamento e planejamento', NULL, 'Batista', 'Batista', NULL, 2004, NULL, NULL, '2012-10-23', 1, NULL, NULL, NULL);
INSERT INTO "STI"."USER"."valor" (ID_VALOR, NOME, NOME_FONEMA, AUTOR, AUTOR_FONEMA, COMPLEMENTO, ANO, DATA_EVENTO, ID_OBJETO, DATA, ID_USUARIO, IMAGEM, DATA_NASC, DATA_OBIT) VALUES(55, 'devem apresentar características de quantidade, qualidade, oportunidade e conteúdo, normalmente encontradas nos sistemas de informação das empresas', NULL, NULL, NULL, NULL, 0, NULL, NULL, '2012-10-23', 1, NULL, NULL, NULL);
INSERT INTO "STI"."USER"."valor" (ID_VALOR, NOME, NOME_FONEMA, AUTOR, AUTOR_FONEMA, COMPLEMENTO, ANO, DATA_EVENTO, ID_OBJETO, DATA, ID_USUARIO, IMAGEM, DATA_NASC, DATA_OBIT) VALUES(56, 'relatório gerencial de vendas', NULL, NULL, NULL, NULL, 0, NULL, NULL, '2012-10-23', 1, NULL, NULL, NULL);
INSERT INTO "STI"."USER"."valor" (ID_VALOR, NOME, NOME_FONEMA, AUTOR, AUTOR_FONEMA, COMPLEMENTO, ANO, DATA_EVENTO, ID_OBJETO, DATA, ID_USUARIO, IMAGEM, DATA_NASC, DATA_OBIT) VALUES(57, 'relatório de acompanhamento de produção', NULL, NULL, NULL, NULL, 0, NULL, NULL, '2012-10-23', 1, NULL, NULL, NULL);
INSERT INTO "STI"."USER"."valor" (ID_VALOR, NOME, NOME_FONEMA, AUTOR, AUTOR_FONEMA, COMPLEMENTO, ANO, DATA_EVENTO, ID_OBJETO, DATA, ID_USUARIO, IMAGEM, DATA_NASC, DATA_OBIT) VALUES(58, '', NULL, NULL, NULL, NULL, 0, NULL, 16, '2012-10-23', 1, NULL, NULL, NULL);
INSERT INTO "STI"."USER"."valor" (ID_VALOR, NOME, NOME_FONEMA, AUTOR, AUTOR_FONEMA, COMPLEMENTO, ANO, DATA_EVENTO, ID_OBJETO, DATA, ID_USUARIO, IMAGEM, DATA_NASC, DATA_OBIT) VALUES(59, '', NULL, NULL, NULL, NULL, 0, NULL, 17, '2012-10-23', 1, NULL, NULL, NULL);
INSERT INTO "STI"."USER"."valor" (ID_VALOR, NOME, NOME_FONEMA, AUTOR, AUTOR_FONEMA, COMPLEMENTO, ANO, DATA_EVENTO, ID_OBJETO, DATA, ID_USUARIO, IMAGEM, DATA_NASC, DATA_OBIT) VALUES(60, 'Dado, Informação, Conhecimento e Competência', NULL, 'Setzer', 'Setzer', 'http://www.ime.usp.br/~vwsetzer/dado-info.html', 0, NULL, NULL, '2012-10-24', 1, NULL, NULL, NULL);
INSERT INTO "STI"."USER"."valor" (ID_VALOR, NOME, NOME_FONEMA, AUTOR, AUTOR_FONEMA, COMPLEMENTO, ANO, DATA_EVENTO, ID_OBJETO, DATA, ID_USUARIO, IMAGEM, DATA_NASC, DATA_OBIT) VALUES(61, 'Dado, informação e conhecimento: uma reflexão', NULL, NULL, NULL, 'http://webinsider.uol.com.br/2004/10/13/dado-informacao-e-conhecimento-uma-reflexao/', 0, NULL, NULL, '2012-10-24', 1, NULL, NULL, NULL);
INSERT INTO "STI"."USER"."valor" (ID_VALOR, NOME, NOME_FONEMA, AUTOR, AUTOR_FONEMA, COMPLEMENTO, ANO, DATA_EVENTO, ID_OBJETO, DATA, ID_USUARIO, IMAGEM, DATA_NASC, DATA_OBIT) VALUES(62, 'Qual a diferença entre Dados, Informação e Conhecimento', NULL, NULL, NULL, 'http://www.luis.blog.br/qual-a-diferenca-entre-dados-informacao-e-conhecimento.aspx', 0, NULL, NULL, '2012-10-24', 1, NULL, NULL, NULL);
INSERT INTO "STI"."USER"."valor" (ID_VALOR, NOME, NOME_FONEMA, AUTOR, AUTOR_FONEMA, COMPLEMENTO, ANO, DATA_EVENTO, ID_OBJETO, DATA, ID_USUARIO, IMAGEM, DATA_NASC, DATA_OBIT) VALUES(63, 'a complexidade do problema tende a crescer de forma exponencial com o aumento das instâncias do problema', NULL, NULL, NULL, NULL, 0, NULL, NULL, '2014-06-05', 1, NULL, NULL, NULL);
INSERT INTO "STI"."USER"."valor" (ID_VALOR, NOME, NOME_FONEMA, AUTOR, AUTOR_FONEMA, COMPLEMENTO, ANO, DATA_EVENTO, ID_OBJETO, DATA, ID_USUARIO, IMAGEM, DATA_NASC, DATA_OBIT) VALUES(64, ' ', NULL, NULL, NULL, NULL, 0, NULL, 32, '2014-06-05', 1, NULL, NULL, NULL);
INSERT INTO "STI"."USER"."valor" (ID_VALOR, NOME, NOME_FONEMA, AUTOR, AUTOR_FONEMA, COMPLEMENTO, ANO, DATA_EVENTO, ID_OBJETO, DATA, ID_USUARIO, IMAGEM, DATA_NASC, DATA_OBIT) VALUES(65, ' ', NULL, NULL, NULL, NULL, 0, NULL, 33, '2014-06-05', 1, NULL, NULL, NULL);
INSERT INTO "STI"."USER"."valor" (ID_VALOR, NOME, NOME_FONEMA, AUTOR, AUTOR_FONEMA, COMPLEMENTO, ANO, DATA_EVENTO, ID_OBJETO, DATA, ID_USUARIO, IMAGEM, DATA_NASC, DATA_OBIT) VALUES(66, ' ', NULL, NULL, NULL, NULL, 0, NULL, 34, '2014-06-05', 1, NULL, NULL, NULL);
INSERT INTO "STI"."USER"."valor" (ID_VALOR, NOME, NOME_FONEMA, AUTOR, AUTOR_FONEMA, COMPLEMENTO, ANO, DATA_EVENTO, ID_OBJETO, DATA, ID_USUARIO, IMAGEM, DATA_NASC, DATA_OBIT) VALUES(67, 'programas de computadores que imitam o comportamento de especialistas humanos dentro de um domínio de conhecimento específico', NULL, NULL, NULL, NULL, 0, NULL, NULL, '2014-06-06', 1, NULL, NULL, NULL);
INSERT INTO "STI"."USER"."valor" (ID_VALOR, NOME, NOME_FONEMA, AUTOR, AUTOR_FONEMA, COMPLEMENTO, ANO, DATA_EVENTO, ID_OBJETO, DATA, ID_USUARIO, IMAGEM, DATA_NASC, DATA_OBIT) VALUES(68, 'processador maciçamente e paralelamente distribuído, constituído de unidades de processamento simples, que tem a propensão natural para armazenar conhecimento experimental e torná-lo disponível para o uso', NULL, 'Haykin', 'Raiquin', NULL, 2004, NULL, NULL, '2014-06-06', 1, NULL, NULL, NULL);
INSERT INTO "STI"."USER"."valor" (ID_VALOR, NOME, NOME_FONEMA, AUTOR, AUTOR_FONEMA, COMPLEMENTO, ANO, DATA_EVENTO, ID_OBJETO, DATA, ID_USUARIO, IMAGEM, DATA_NASC, DATA_OBIT) VALUES(69, 'técnica de busca para encontrar soluções aproximadas em problemas de otimização e busca', NULL, NULL, NULL, NULL, NULL, NULL, NULL, '2014-06-06', 1, NULL, NULL, NULL);
INSERT INTO "STI"."USER"."valor" (ID_VALOR, NOME, NOME_FONEMA, AUTOR, AUTOR_FONEMA, COMPLEMENTO, ANO, DATA_EVENTO, ID_OBJETO, DATA, ID_USUARIO, IMAGEM, DATA_NASC, DATA_OBIT) VALUES(70, 'linha de pesquisa da IA baseada no conexionismo de unidades semelhantes aos neurônios do cérebro humano, com aprendizado a partir de amostras do domínio de conhecimento', NULL, NULL, NULL, NULL, NULL, NULL, NULL, '2014-06-06', 1, NULL, NULL, NULL);
INSERT INTO "STI"."USER"."valor" (ID_VALOR, NOME, NOME_FONEMA, AUTOR, AUTOR_FONEMA, COMPLEMENTO, ANO, DATA_EVENTO, ID_OBJETO, DATA, ID_USUARIO, IMAGEM, DATA_NASC, DATA_OBIT) VALUES(71, 'linha de pesquisa da IA baseada no processamento simbólico de informações, baseado em lógica e representação formal de dados', NULL, NULL, NULL, NULL, NULL, NULL, NULL, '2014-06-06', 1, NULL, NULL, NULL);
INSERT INTO "STI"."USER"."valor" (ID_VALOR, NOME, NOME_FONEMA, AUTOR, AUTOR_FONEMA, COMPLEMENTO, ANO, DATA_EVENTO, ID_OBJETO, DATA, ID_USUARIO, IMAGEM, DATA_NASC, DATA_OBIT) VALUES(72, 'linha de pesquisa da IA baseada no paradigma evolucionário biológico, considerando operações sobre os dados como seleção, cruzamento e mutação', NULL, NULL, NULL, NULL, NULL, NULL, NULL, '2014-06-06', 1, NULL, NULL, NULL);
INSERT INTO "STI"."USER"."valor" (ID_VALOR, NOME, NOME_FONEMA, AUTOR, AUTOR_FONEMA, COMPLEMENTO, ANO, DATA_EVENTO, ID_OBJETO, DATA, ID_USUARIO, IMAGEM, DATA_NASC, DATA_OBIT) VALUES(73, '', NULL, NULL, NULL, NULL, NULL, NULL, 21, '2014-06-06', 1, NULL, NULL, NULL);
INSERT INTO "STI"."USER"."valor" (ID_VALOR, NOME, NOME_FONEMA, AUTOR, AUTOR_FONEMA, COMPLEMENTO, ANO, DATA_EVENTO, ID_OBJETO, DATA, ID_USUARIO, IMAGEM, DATA_NASC, DATA_OBIT) VALUES(74, '', NULL, NULL, NULL, NULL, NULL, NULL, 22, '2014-06-06', 1, NULL, NULL, NULL);
INSERT INTO "STI"."USER"."valor" (ID_VALOR, NOME, NOME_FONEMA, AUTOR, AUTOR_FONEMA, COMPLEMENTO, ANO, DATA_EVENTO, ID_OBJETO, DATA, ID_USUARIO, IMAGEM, DATA_NASC, DATA_OBIT) VALUES(76, '', NULL, NULL, NULL, NULL, NULL, NULL, 36, '2014-06-06', 1, NULL, NULL, NULL);
INSERT INTO "STI"."USER"."valor" (ID_VALOR, NOME, NOME_FONEMA, AUTOR, AUTOR_FONEMA, COMPLEMENTO, ANO, DATA_EVENTO, ID_OBJETO, DATA, ID_USUARIO, IMAGEM, DATA_NASC, DATA_OBIT) VALUES(75, '', NULL, NULL, NULL, NULL, NULL, NULL, 23, '2014-06-06', 1, NULL, NULL, NULL);
INSERT INTO "STI"."USER"."valor" (ID_VALOR, NOME, NOME_FONEMA, AUTOR, AUTOR_FONEMA, COMPLEMENTO, ANO, DATA_EVENTO, ID_OBJETO, DATA, ID_USUARIO, IMAGEM, DATA_NASC, DATA_OBIT) VALUES(77, '', NULL, NULL, NULL, NULL, NULL, NULL, 37, '2014-06-06', 1, NULL, NULL, NULL);
INSERT INTO "STI"."USER"."valor" (ID_VALOR, NOME, NOME_FONEMA, AUTOR, AUTOR_FONEMA, COMPLEMENTO, ANO, DATA_EVENTO, ID_OBJETO, DATA, ID_USUARIO, IMAGEM, DATA_NASC, DATA_OBIT) VALUES(78, 'Perceptron Multicamada', NULL, NULL, NULL, NULL, NULL, NULL, NULL, '2014-06-06', 1, NULL, NULL, NULL);
INSERT INTO "STI"."USER"."valor" (ID_VALOR, NOME, NOME_FONEMA, AUTOR, AUTOR_FONEMA, COMPLEMENTO, ANO, DATA_EVENTO, ID_OBJETO, DATA, ID_USUARIO, IMAGEM, DATA_NASC, DATA_OBIT) VALUES(79, 'k-Means" (k-Médias)', NULL, NULL, NULL, NULL, NULL, NULL, NULL, '2014-06-06', 1, NULL, NULL, NULL);
INSERT INTO "STI"."USER"."valor" (ID_VALOR, NOME, NOME_FONEMA, AUTOR, AUTOR_FONEMA, COMPLEMENTO, ANO, DATA_EVENTO, ID_OBJETO, DATA, ID_USUARIO, IMAGEM, DATA_NASC, DATA_OBIT) VALUES(80, 'uma especificação formal de uma conceptualização compartilhada', NULL, 'Borst', 'Borst', NULL, 1993, NULL, NULL, '2014-06-06', 1, NULL, NULL, NULL);
INSERT INTO "STI"."USER"."valor" (ID_VALOR, NOME, NOME_FONEMA, AUTOR, AUTOR_FONEMA, COMPLEMENTO, ANO, DATA_EVENTO, ID_OBJETO, DATA, ID_USUARIO, IMAGEM, DATA_NASC, DATA_OBIT) VALUES(81, 'diagnóstico', NULL, NULL, NULL, NULL, NULL, NULL, NULL, '2014-06-06', 1, NULL, NULL, NULL);
INSERT INTO "STI"."USER"."valor" (ID_VALOR, NOME, NOME_FONEMA, AUTOR, AUTOR_FONEMA, COMPLEMENTO, ANO, DATA_EVENTO, ID_OBJETO, DATA, ID_USUARIO, IMAGEM, DATA_NASC, DATA_OBIT) VALUES(82, 'análise espectroscópica" (composição de substâncias)', NULL, NULL, NULL, NULL, NULL, NULL, NULL, '2014-06-06', 1, NULL, NULL, NULL);
INSERT INTO "STI"."USER"."valor" (ID_VALOR, NOME, NOME_FONEMA, AUTOR, AUTOR_FONEMA, COMPLEMENTO, ANO, DATA_EVENTO, ID_OBJETO, DATA, ID_USUARIO, IMAGEM, DATA_NASC, DATA_OBIT) VALUES(83, 'análise geológica do solo', NULL, NULL, NULL, NULL, NULL, NULL, NULL, '2014-06-06', 1, NULL, NULL, NULL);
INSERT INTO "STI"."USER"."valor" (ID_VALOR, NOME, NOME_FONEMA, AUTOR, AUTOR_FONEMA, COMPLEMENTO, ANO, DATA_EVENTO, ID_OBJETO, DATA, ID_USUARIO, IMAGEM, DATA_NASC, DATA_OBIT) VALUES(84, 'analise econômico-financeira', NULL, NULL, NULL, NULL, NULL, NULL, NULL, '2014-06-06', 1, NULL, NULL, NULL);
INSERT INTO "STI"."USER"."valor" (ID_VALOR, NOME, NOME_FONEMA, AUTOR, AUTOR_FONEMA, COMPLEMENTO, ANO, DATA_EVENTO, ID_OBJETO, DATA, ID_USUARIO, IMAGEM, DATA_NASC, DATA_OBIT) VALUES(85, 'sistemas de controle de processos industriais', NULL, NULL, NULL, NULL, NULL, NULL, NULL, '2014-06-06', 1, NULL, NULL, NULL);
INSERT INTO "STI"."USER"."valor" (ID_VALOR, NOME, NOME_FONEMA, AUTOR, AUTOR_FONEMA, COMPLEMENTO, ANO, DATA_EVENTO, ID_OBJETO, DATA, ID_USUARIO, IMAGEM, DATA_NASC, DATA_OBIT) VALUES(86, 'problemas que podem ser resolvidos na teoria, mas na prática levam muito tempo para que suas soluções sejam úteis', NULL, NULL, NULL, NULL, NULL, NULL, NULL, '2014-06-07', 1, NULL, NULL, NULL);
INSERT INTO "STI"."USER"."valor" (ID_VALOR, NOME, NOME_FONEMA, AUTOR, AUTOR_FONEMA, COMPLEMENTO, ANO, DATA_EVENTO, ID_OBJETO, DATA, ID_USUARIO, IMAGEM, DATA_NASC, DATA_OBIT) VALUES(87, 'conjunto de atividades relativas ao processo de desenvolvimento de ontologias, o ciclo de vida de uma ontologia, as metodologias, ferramentas e linguagens para a construção de ontologias', NULL, 'Gomez-Perez et al', 'Gomez Perez e colegas', NULL, 2004, NULL, NULL, '2014-06-07', 1, NULL, NULL, NULL);
INSERT INTO "STI"."USER"."valor" (ID_VALOR, NOME, NOME_FONEMA, AUTOR, AUTOR_FONEMA, COMPLEMENTO, ANO, DATA_EVENTO, ID_OBJETO, DATA, ID_USUARIO, IMAGEM, DATA_NASC, DATA_OBIT) VALUES(88, 'processos de pensamento" (pensar como ser humano e pensar racionalmente)', NULL, NULL, NULL, NULL, NULL, NULL, NULL, '2014-06-07', 1, NULL, NULL, NULL);
INSERT INTO "STI"."USER"."valor" (ID_VALOR, NOME, NOME_FONEMA, AUTOR, AUTOR_FONEMA, COMPLEMENTO, ANO, DATA_EVENTO, ID_OBJETO, DATA, ID_USUARIO, IMAGEM, DATA_NASC, DATA_OBIT) VALUES(89, 'processos de comportamento" (agir como ser humano e agir racionalmente)', NULL, NULL, NULL, NULL, NULL, NULL, NULL, '2014-06-07', 1, NULL, NULL, NULL);
INSERT INTO "STI"."USER"."valor" (ID_VALOR, NOME, NOME_FONEMA, AUTOR, AUTOR_FONEMA, COMPLEMENTO, ANO, DATA_EVENTO, ID_OBJETO, DATA, ID_USUARIO, IMAGEM, DATA_NASC, DATA_OBIT) VALUES(90, 'Filosofia', NULL, NULL, NULL, NULL, NULL, NULL, NULL, '2014-06-07', 1, NULL, NULL, NULL);
INSERT INTO "STI"."USER"."valor" (ID_VALOR, NOME, NOME_FONEMA, AUTOR, AUTOR_FONEMA, COMPLEMENTO, ANO, DATA_EVENTO, ID_OBJETO, DATA, ID_USUARIO, IMAGEM, DATA_NASC, DATA_OBIT) VALUES(91, 'Matemática', NULL, NULL, NULL, NULL, NULL, NULL, NULL, '2014-06-07', 1, NULL, NULL, NULL);
INSERT INTO "STI"."USER"."valor" (ID_VALOR, NOME, NOME_FONEMA, AUTOR, AUTOR_FONEMA, COMPLEMENTO, ANO, DATA_EVENTO, ID_OBJETO, DATA, ID_USUARIO, IMAGEM, DATA_NASC, DATA_OBIT) VALUES(92, 'Economia', NULL, NULL, NULL, NULL, NULL, NULL, NULL, '2014-06-07', 1, NULL, NULL, NULL);
INSERT INTO "STI"."USER"."valor" (ID_VALOR, NOME, NOME_FONEMA, AUTOR, AUTOR_FONEMA, COMPLEMENTO, ANO, DATA_EVENTO, ID_OBJETO, DATA, ID_USUARIO, IMAGEM, DATA_NASC, DATA_OBIT) VALUES(93, 'Cibernética', NULL, NULL, NULL, NULL, NULL, NULL, NULL, '2014-06-07', 1, NULL, NULL, NULL);
INSERT INTO "STI"."USER"."valor" (ID_VALOR, NOME, NOME_FONEMA, AUTOR, AUTOR_FONEMA, COMPLEMENTO, ANO, DATA_EVENTO, ID_OBJETO, DATA, ID_USUARIO, IMAGEM, DATA_NASC, DATA_OBIT) VALUES(94, 'Neurociência Cognitiva', NULL, NULL, NULL, NULL, NULL, NULL, NULL, '2014-06-07', 1, NULL, NULL, NULL);
INSERT INTO "STI"."USER"."valor" (ID_VALOR, NOME, NOME_FONEMA, AUTOR, AUTOR_FONEMA, COMPLEMENTO, ANO, DATA_EVENTO, ID_OBJETO, DATA, ID_USUARIO, IMAGEM, DATA_NASC, DATA_OBIT) VALUES(95, 'Psicologia', NULL, NULL, NULL, NULL, NULL, NULL, NULL, '2014-06-07', 1, NULL, NULL, NULL);
INSERT INTO "STI"."USER"."valor" (ID_VALOR, NOME, NOME_FONEMA, AUTOR, AUTOR_FONEMA, COMPLEMENTO, ANO, DATA_EVENTO, ID_OBJETO, DATA, ID_USUARIO, IMAGEM, DATA_NASC, DATA_OBIT) VALUES(96, 'Engenharia de Computadores', NULL, NULL, NULL, NULL, NULL, NULL, NULL, '2014-06-07', 1, NULL, NULL, NULL);
INSERT INTO "STI"."USER"."valor" (ID_VALOR, NOME, NOME_FONEMA, AUTOR, AUTOR_FONEMA, COMPLEMENTO, ANO, DATA_EVENTO, ID_OBJETO, DATA, ID_USUARIO, IMAGEM, DATA_NASC, DATA_OBIT) VALUES(97, 'Linguística', NULL, NULL, NULL, NULL, NULL, NULL, NULL, '2014-06-07', 1, NULL, NULL, NULL);
INSERT INTO "STI"."USER"."valor" (ID_VALOR, NOME, NOME_FONEMA, AUTOR, AUTOR_FONEMA, COMPLEMENTO, ANO, DATA_EVENTO, ID_OBJETO, DATA, ID_USUARIO, IMAGEM, DATA_NASC, DATA_OBIT) VALUES(98, 'detecção de padrões', NULL, NULL, NULL, NULL, NULL, NULL, NULL, '2014-06-07', 1, NULL, NULL, NULL);
INSERT INTO "STI"."USER"."valor" (ID_VALOR, NOME, NOME_FONEMA, AUTOR, AUTOR_FONEMA, COMPLEMENTO, ANO, DATA_EVENTO, ID_OBJETO, DATA, ID_USUARIO, IMAGEM, DATA_NASC, DATA_OBIT) VALUES(99, 'classificação ou segmentação', NULL, NULL, NULL, NULL, NULL, NULL, NULL, '2014-06-07', 1, NULL, NULL, NULL);
INSERT INTO "STI"."USER"."valor" (ID_VALOR, NOME, NOME_FONEMA, AUTOR, AUTOR_FONEMA, COMPLEMENTO, ANO, DATA_EVENTO, ID_OBJETO, DATA, ID_USUARIO, IMAGEM, DATA_NASC, DATA_OBIT) VALUES(100, 'previsão de indicadores', NULL, NULL, NULL, NULL, NULL, NULL, NULL, '2014-06-07', 1, NULL, NULL, NULL);
INSERT INTO "STI"."USER"."valor" (ID_VALOR, NOME, NOME_FONEMA, AUTOR, AUTOR_FONEMA, COMPLEMENTO, ANO, DATA_EVENTO, ID_OBJETO, DATA, ID_USUARIO, IMAGEM, DATA_NASC, DATA_OBIT) VALUES(101, 'sintetização de fala', NULL, NULL, NULL, NULL, NULL, NULL, NULL, '2014-06-07', 1, NULL, NULL, NULL);
INSERT INTO "STI"."USER"."valor" (ID_VALOR, NOME, NOME_FONEMA, AUTOR, AUTOR_FONEMA, COMPLEMENTO, ANO, DATA_EVENTO, ID_OBJETO, DATA, ID_USUARIO, IMAGEM, DATA_NASC, DATA_OBIT) VALUES(102, 'reconhecimento de imagens e sons', NULL, NULL, NULL, NULL, NULL, NULL, NULL, '2014-06-07', 1, NULL, NULL, NULL);
INSERT INTO "STI"."USER"."valor" (ID_VALOR, NOME, NOME_FONEMA, AUTOR, AUTOR_FONEMA, COMPLEMENTO, ANO, DATA_EVENTO, ID_OBJETO, DATA, ID_USUARIO, IMAGEM, DATA_NASC, DATA_OBIT) VALUES(103, 'filtragem de sinais', NULL, NULL, NULL, NULL, NULL, NULL, NULL, '2014-06-07', 1, NULL, NULL, NULL);
INSERT INTO "STI"."USER"."valor" (ID_VALOR, NOME, NOME_FONEMA, AUTOR, AUTOR_FONEMA, COMPLEMENTO, ANO, DATA_EVENTO, ID_OBJETO, DATA, ID_USUARIO, IMAGEM, DATA_NASC, DATA_OBIT) VALUES(104, 'sistema especialista com 400 regras para diagnóstico e tratamento de doenças infecciosas do sangue', NULL, NULL, NULL, NULL, NULL, NULL, NULL, '2014-06-08', 1, NULL, NULL, NULL);
INSERT INTO "STI"."USER"."valor" (ID_VALOR, NOME, NOME_FONEMA, AUTOR, AUTOR_FONEMA, COMPLEMENTO, ANO, DATA_EVENTO, ID_OBJETO, DATA, ID_USUARIO, IMAGEM, DATA_NASC, DATA_OBIT) VALUES(105, 'o desempenho do MYCIN superava até mesmo o de médicos atuando individualmente', NULL, NULL, NULL, NULL, NULL, NULL, NULL, '2014-06-08', 1, NULL, NULL, NULL);
INSERT INTO "STI"."USER"."valor" (ID_VALOR, NOME, NOME_FONEMA, AUTOR, AUTOR_FONEMA, COMPLEMENTO, ANO, DATA_EVENTO, ID_OBJETO, DATA, ID_USUARIO, IMAGEM, DATA_NASC, DATA_OBIT) VALUES(106, 'não', NULL, NULL, NULL, NULL, NULL, NULL, NULL, '2014-06-08', 1, NULL, NULL, NULL);
INSERT INTO "STI"."USER"."valor" (ID_VALOR, NOME, NOME_FONEMA, AUTOR, AUTOR_FONEMA, COMPLEMENTO, ANO, DATA_EVENTO, ID_OBJETO, DATA, ID_USUARIO, IMAGEM, DATA_NASC, DATA_OBIT) VALUES(107, 'não', NULL, NULL, NULL, NULL, NULL, NULL, NULL, '2014-06-08', 1, NULL, NULL, NULL);
INSERT INTO "STI"."USER"."valor" (ID_VALOR, NOME, NOME_FONEMA, AUTOR, AUTOR_FONEMA, COMPLEMENTO, ANO, DATA_EVENTO, ID_OBJETO, DATA, ID_USUARIO, IMAGEM, DATA_NASC, DATA_OBIT) VALUES(108, 'não', NULL, NULL, NULL, NULL, NULL, NULL, NULL, '2014-06-08', 1, NULL, NULL, NULL);
INSERT INTO "STI"."USER"."valor" (ID_VALOR, NOME, NOME_FONEMA, AUTOR, AUTOR_FONEMA, COMPLEMENTO, ANO, DATA_EVENTO, ID_OBJETO, DATA, ID_USUARIO, IMAGEM, DATA_NASC, DATA_OBIT) VALUES(109, 'sistemas de otimização de produção e manufatura', NULL, NULL, NULL, NULL, NULL, NULL, NULL, '2014-06-08', 1, NULL, NULL, NULL);
INSERT INTO "STI"."USER"."valor" (ID_VALOR, NOME, NOME_FONEMA, AUTOR, AUTOR_FONEMA, COMPLEMENTO, ANO, DATA_EVENTO, ID_OBJETO, DATA, ID_USUARIO, IMAGEM, DATA_NASC, DATA_OBIT) VALUES(110, 'sistemas de roteirização', NULL, NULL, NULL, NULL, NULL, NULL, NULL, '2014-06-08', 1, NULL, NULL, NULL);
INSERT INTO "STI"."USER"."valor" (ID_VALOR, NOME, NOME_FONEMA, AUTOR, AUTOR_FONEMA, COMPLEMENTO, ANO, DATA_EVENTO, ID_OBJETO, DATA, ID_USUARIO, IMAGEM, DATA_NASC, DATA_OBIT) VALUES(111, 'uma rede neural" (perceptron) pode ser treinada utilizando um algoritmo genético', NULL, '', '', NULL, NULL, NULL, NULL, '2014-06-08', 1, NULL, NULL, NULL);
INSERT INTO "STI"."USER"."valor" (ID_VALOR, NOME, NOME_FONEMA, AUTOR, AUTOR_FONEMA, COMPLEMENTO, ANO, DATA_EVENTO, ID_OBJETO, DATA, ID_USUARIO, IMAGEM, DATA_NASC, DATA_OBIT) VALUES(112, 'quadro negro', NULL, NULL, NULL, NULL, NULL, NULL, 38, '2014-06-08', 1, NULL, NULL, NULL);
INSERT INTO "STI"."USER"."valor" (ID_VALOR, NOME, NOME_FONEMA, AUTOR, AUTOR_FONEMA, COMPLEMENTO, ANO, DATA_EVENTO, ID_OBJETO, DATA, ID_USUARIO, IMAGEM, DATA_NASC, DATA_OBIT) VALUES(113, 'motor de inferência', NULL, NULL, NULL, NULL, NULL, NULL, 39, '2014-06-08', 1, NULL, NULL, NULL);
INSERT INTO "STI"."USER"."valor" (ID_VALOR, NOME, NOME_FONEMA, AUTOR, AUTOR_FONEMA, COMPLEMENTO, ANO, DATA_EVENTO, ID_OBJETO, DATA, ID_USUARIO, IMAGEM, DATA_NASC, DATA_OBIT) VALUES(114, 'base de conhecimento', NULL, NULL, NULL, NULL, NULL, NULL, 40, '2014-06-08', 1, NULL, NULL, NULL);
INSERT INTO "STI"."USER"."valor" (ID_VALOR, NOME, NOME_FONEMA, AUTOR, AUTOR_FONEMA, COMPLEMENTO, ANO, DATA_EVENTO, ID_OBJETO, DATA, ID_USUARIO, IMAGEM, DATA_NASC, DATA_OBIT) VALUES(119, 'não-linearidade', NULL, NULL, NULL, NULL, NULL, NULL, NULL, '2014-06-09', 1, NULL, NULL, NULL);
INSERT INTO "STI"."USER"."valor" (ID_VALOR, NOME, NOME_FONEMA, AUTOR, AUTOR_FONEMA, COMPLEMENTO, ANO, DATA_EVENTO, ID_OBJETO, DATA, ID_USUARIO, IMAGEM, DATA_NASC, DATA_OBIT) VALUES(115, 'sistema capaz de descobrir estruturas moleculares a partir da espectroscopia de massa de uma molécula desconhecida', NULL, NULL, NULL, NULL, NULL, NULL, NULL, '2014-06-09', 1, NULL, NULL, NULL);
INSERT INTO "STI"."USER"."valor" (ID_VALOR, NOME, NOME_FONEMA, AUTOR, AUTOR_FONEMA, COMPLEMENTO, ANO, DATA_EVENTO, ID_OBJETO, DATA, ID_USUARIO, IMAGEM, DATA_NASC, DATA_OBIT) VALUES(116, 'módulo onde são apresentadas as consultas a serem feitas ao sistema especialista', NULL, NULL, NULL, NULL, NULL, NULL, NULL, '2014-06-09', 1, NULL, NULL, NULL);
INSERT INTO "STI"."USER"."valor" (ID_VALOR, NOME, NOME_FONEMA, AUTOR, AUTOR_FONEMA, COMPLEMENTO, ANO, DATA_EVENTO, ID_OBJETO, DATA, ID_USUARIO, IMAGEM, DATA_NASC, DATA_OBIT) VALUES(117, 'módulo que executa o processamento dos fatos e regras do sistema especialista', NULL, NULL, NULL, NULL, NULL, NULL, NULL, '2014-06-09', 1, NULL, NULL, NULL);
INSERT INTO "STI"."USER"."valor" (ID_VALOR, NOME, NOME_FONEMA, AUTOR, AUTOR_FONEMA, COMPLEMENTO, ANO, DATA_EVENTO, ID_OBJETO, DATA, ID_USUARIO, IMAGEM, DATA_NASC, DATA_OBIT) VALUES(118, 'módulo onde são armazenados os fatos e as regras do sistema especialista', NULL, NULL, NULL, NULL, NULL, NULL, NULL, '2014-06-09', 1, NULL, NULL, NULL);
INSERT INTO "STI"."USER"."valor" (ID_VALOR, NOME, NOME_FONEMA, AUTOR, AUTOR_FONEMA, COMPLEMENTO, ANO, DATA_EVENTO, ID_OBJETO, DATA, ID_USUARIO, IMAGEM, DATA_NASC, DATA_OBIT) VALUES(120, 'mapeamento entrada-saída', NULL, NULL, NULL, NULL, NULL, NULL, NULL, '2014-06-09', 1, NULL, NULL, NULL);
INSERT INTO "STI"."USER"."valor" (ID_VALOR, NOME, NOME_FONEMA, AUTOR, AUTOR_FONEMA, COMPLEMENTO, ANO, DATA_EVENTO, ID_OBJETO, DATA, ID_USUARIO, IMAGEM, DATA_NASC, DATA_OBIT) VALUES(121, 'adaptabilidade', NULL, NULL, NULL, NULL, NULL, NULL, NULL, '2014-06-09', 1, NULL, NULL, NULL);
INSERT INTO "STI"."USER"."valor" (ID_VALOR, NOME, NOME_FONEMA, AUTOR, AUTOR_FONEMA, COMPLEMENTO, ANO, DATA_EVENTO, ID_OBJETO, DATA, ID_USUARIO, IMAGEM, DATA_NASC, DATA_OBIT) VALUES(122, 'resposta a evidências', NULL, NULL, NULL, NULL, NULL, NULL, NULL, '2014-06-09', 1, NULL, NULL, NULL);
INSERT INTO "STI"."USER"."valor" (ID_VALOR, NOME, NOME_FONEMA, AUTOR, AUTOR_FONEMA, COMPLEMENTO, ANO, DATA_EVENTO, ID_OBJETO, DATA, ID_USUARIO, IMAGEM, DATA_NASC, DATA_OBIT) VALUES(123, 'tipo de rede neural inventada em 1957 por Frank Rosenblatt, considerado a mais simples rede neural feedforward', NULL, NULL, NULL, NULL, NULL, NULL, NULL, '2014-06-09', 1, NULL, NULL, NULL);
INSERT INTO "STI"."USER"."valor" (ID_VALOR, NOME, NOME_FONEMA, AUTOR, AUTOR_FONEMA, COMPLEMENTO, ANO, DATA_EVENTO, ID_OBJETO, DATA, ID_USUARIO, IMAGEM, DATA_NASC, DATA_OBIT) VALUES(124, 'classificador binário que mapeia a entrada x através dos pesos w para um valor de saída f(x) na faixa [0,1]', NULL, NULL, NULL, NULL, NULL, NULL, NULL, '2014-06-09', 1, NULL, NULL, NULL);
INSERT INTO "STI"."USER"."valor" (ID_VALOR, NOME, NOME_FONEMA, AUTOR, AUTOR_FONEMA, COMPLEMENTO, ANO, DATA_EVENTO, ID_OBJETO, DATA, ID_USUARIO, IMAGEM, DATA_NASC, DATA_OBIT) VALUES(125, 'rede neural semelhante ao perceptron simples, porém pode conter camadas ocultas entre a camada de entrada e a de saída', NULL, NULL, NULL, NULL, NULL, NULL, NULL, '2014-06-09', 1, NULL, NULL, NULL);
INSERT INTO "STI"."USER"."valor" (ID_VALOR, NOME, NOME_FONEMA, AUTOR, AUTOR_FONEMA, COMPLEMENTO, ANO, DATA_EVENTO, ID_OBJETO, DATA, ID_USUARIO, IMAGEM, DATA_NASC, DATA_OBIT) VALUES(126, 'unidades que simulam o comportamento do neurônio biológico em uma rede neural artificial, geralmente associado a uma posição de um vetor', NULL, NULL, NULL, NULL, NULL, NULL, NULL, '2014-06-09', 1, NULL, NULL, NULL);
INSERT INTO "STI"."USER"."valor" (ID_VALOR, NOME, NOME_FONEMA, AUTOR, AUTOR_FONEMA, COMPLEMENTO, ANO, DATA_EVENTO, ID_OBJETO, DATA, ID_USUARIO, IMAGEM, DATA_NASC, DATA_OBIT) VALUES(127, 'elementos que conectam os neurônios de uma camada a outra, contendo valores específicos que ponderam o sinal recebido, transferindo-o à frente', NULL, NULL, NULL, NULL, NULL, NULL, NULL, '2014-06-09', 1, NULL, NULL, NULL);
INSERT INTO "STI"."USER"."valor" (ID_VALOR, NOME, NOME_FONEMA, AUTOR, AUTOR_FONEMA, COMPLEMENTO, ANO, DATA_EVENTO, ID_OBJETO, DATA, ID_USUARIO, IMAGEM, DATA_NASC, DATA_OBIT) VALUES(128, 'sim, é a mesma coisa', NULL, NULL, NULL, NULL, NULL, NULL, NULL, '2014-06-09', 1, NULL, NULL, NULL);
INSERT INTO "STI"."USER"."valor" (ID_VALOR, NOME, NOME_FONEMA, AUTOR, AUTOR_FONEMA, COMPLEMENTO, ANO, DATA_EVENTO, ID_OBJETO, DATA, ID_USUARIO, IMAGEM, DATA_NASC, DATA_OBIT) VALUES(129, 'função responsável pela transferência do sinal para os neurônios à frente no perceptron', NULL, NULL, NULL, NULL, NULL, NULL, NULL, '2014-06-09', 1, NULL, NULL, NULL);
INSERT INTO "STI"."USER"."valor" (ID_VALOR, NOME, NOME_FONEMA, AUTOR, AUTOR_FONEMA, COMPLEMENTO, ANO, DATA_EVENTO, ID_OBJETO, DATA, ID_USUARIO, IMAGEM, DATA_NASC, DATA_OBIT) VALUES(130, 'função que avalia o valor dos neurônios de entrada ponderados pelas sinapses, mapendo para valores de saída, dependendo do tipo de função ', NULL, NULL, NULL, NULL, NULL, NULL, NULL, '2014-06-09', 1, NULL, NULL, NULL);
INSERT INTO "STI"."USER"."valor" (ID_VALOR, NOME, NOME_FONEMA, AUTOR, AUTOR_FONEMA, COMPLEMENTO, ANO, DATA_EVENTO, ID_OBJETO, DATA, ID_USUARIO, IMAGEM, DATA_NASC, DATA_OBIT) VALUES(131, 'seleção', NULL, NULL, NULL, NULL, NULL, NULL, 48, '2014-06-10', 1, NULL, NULL, NULL);
INSERT INTO "STI"."USER"."valor" (ID_VALOR, NOME, NOME_FONEMA, AUTOR, AUTOR_FONEMA, COMPLEMENTO, ANO, DATA_EVENTO, ID_OBJETO, DATA, ID_USUARIO, IMAGEM, DATA_NASC, DATA_OBIT) VALUES(132, 'cruzamento" (crossover)', NULL, NULL, NULL, NULL, NULL, NULL, 49, '2014-06-10', 1, NULL, NULL, NULL);
INSERT INTO "STI"."USER"."valor" (ID_VALOR, NOME, NOME_FONEMA, AUTOR, AUTOR_FONEMA, COMPLEMENTO, ANO, DATA_EVENTO, ID_OBJETO, DATA, ID_USUARIO, IMAGEM, DATA_NASC, DATA_OBIT) VALUES(133, 'mutação', NULL, NULL, NULL, NULL, NULL, NULL, 50, '2014-06-10', 1, NULL, NULL, NULL);
INSERT INTO "STI"."USER"."valor" (ID_VALOR, NOME, NOME_FONEMA, AUTOR, AUTOR_FONEMA, COMPLEMENTO, ANO, DATA_EVENTO, ID_OBJETO, DATA, ID_USUARIO, IMAGEM, DATA_NASC, DATA_OBIT) VALUES(134, 'elitismo', NULL, NULL, NULL, NULL, NULL, NULL, 51, '2014-06-10', 1, NULL, NULL, NULL);
INSERT INTO "STI"."USER"."valor" (ID_VALOR, NOME, NOME_FONEMA, AUTOR, AUTOR_FONEMA, COMPLEMENTO, ANO, DATA_EVENTO, ID_OBJETO, DATA, ID_USUARIO, IMAGEM, DATA_NASC, DATA_OBIT) VALUES(135, 'processo pelo qual dois" (ou mais) indivíduos são escolhidos para cruzamento, dentro de uma população ordenada em ordem descrescente de probabilidades para seleção', NULL, NULL, NULL, NULL, NULL, NULL, NULL, '2014-06-10', 1, NULL, NULL, NULL);
INSERT INTO "STI"."USER"."valor" (ID_VALOR, NOME, NOME_FONEMA, AUTOR, AUTOR_FONEMA, COMPLEMENTO, ANO, DATA_EVENTO, ID_OBJETO, DATA, ID_USUARIO, IMAGEM, DATA_NASC, DATA_OBIT) VALUES(136, 'processo que divide dois indivíduos em um" (ou mais) pontos de corte, trocando-se suas partes para formar novos indivíduos que farão parte da geração seguinte', NULL, NULL, NULL, NULL, NULL, NULL, NULL, '2014-06-10', 1, NULL, NULL, NULL);
INSERT INTO "STI"."USER"."valor" (ID_VALOR, NOME, NOME_FONEMA, AUTOR, AUTOR_FONEMA, COMPLEMENTO, ANO, DATA_EVENTO, ID_OBJETO, DATA, ID_USUARIO, IMAGEM, DATA_NASC, DATA_OBIT) VALUES(137, 'processo que altera de forma aleatória um gene dentro do indivíduo, de acordo com uma taxa de mutação', NULL, NULL, NULL, NULL, NULL, NULL, NULL, '2014-06-10', 1, NULL, NULL, NULL);
INSERT INTO "STI"."USER"."valor" (ID_VALOR, NOME, NOME_FONEMA, AUTOR, AUTOR_FONEMA, COMPLEMENTO, ANO, DATA_EVENTO, ID_OBJETO, DATA, ID_USUARIO, IMAGEM, DATA_NASC, DATA_OBIT) VALUES(138, 'processo que promove os indivíduos melhor avaliados pela função objetivo, diretamente para a nova geração, sem sofrer cruzamento ou mutação', NULL, NULL, NULL, NULL, NULL, NULL, NULL, '2014-06-10', 1, NULL, NULL, NULL);
INSERT INTO "STI"."USER"."valor" (ID_VALOR, NOME, NOME_FONEMA, AUTOR, AUTOR_FONEMA, COMPLEMENTO, ANO, DATA_EVENTO, ID_OBJETO, DATA, ID_USUARIO, IMAGEM, DATA_NASC, DATA_OBIT) VALUES(139, 'elemento componente de uma população, composto de genes que codifica de forma única uma solução ', NULL, NULL, NULL, NULL, NULL, NULL, NULL, '2014-06-10', 1, NULL, NULL, NULL);
INSERT INTO "STI"."USER"."valor" (ID_VALOR, NOME, NOME_FONEMA, AUTOR, AUTOR_FONEMA, COMPLEMENTO, ANO, DATA_EVENTO, ID_OBJETO, DATA, ID_USUARIO, IMAGEM, DATA_NASC, DATA_OBIT) VALUES(140, 'componente de um cromossomo, contendo um valor dentro do alfabeto ou faixa de valores possíveis ', NULL, NULL, NULL, NULL, NULL, NULL, NULL, '2014-06-10', 1, NULL, NULL, NULL);
INSERT INTO "STI"."USER"."valor" (ID_VALOR, NOME, NOME_FONEMA, AUTOR, AUTOR_FONEMA, COMPLEMENTO, ANO, DATA_EVENTO, ID_OBJETO, DATA, ID_USUARIO, IMAGEM, DATA_NASC, DATA_OBIT) VALUES(141, 'posição de um gene dentro de um cromossomo', NULL, NULL, NULL, NULL, NULL, NULL, NULL, '2014-06-10', 1, NULL, NULL, NULL);
INSERT INTO "STI"."USER"."valor" (ID_VALOR, NOME, NOME_FONEMA, AUTOR, AUTOR_FONEMA, COMPLEMENTO, ANO, DATA_EVENTO, ID_OBJETO, DATA, ID_USUARIO, IMAGEM, DATA_NASC, DATA_OBIT) VALUES(142, 'função que avalia um cromossomo, cujo resultado indica o estado da evolução e orienta a operação de seleção', NULL, NULL, NULL, NULL, NULL, NULL, NULL, '2014-06-10', 1, NULL, NULL, NULL);
INSERT INTO "STI"."USER"."valor" (ID_VALOR, NOME, NOME_FONEMA, AUTOR, AUTOR_FONEMA, COMPLEMENTO, ANO, DATA_EVENTO, ID_OBJETO, DATA, ID_USUARIO, IMAGEM, DATA_NASC, DATA_OBIT) VALUES(143, 'parte de uma população que codifica unicamente uma solução em um problema de otimização', NULL, NULL, NULL, NULL, NULL, NULL, NULL, '2014-06-10', 1, NULL, NULL, NULL);
INSERT INTO "STI"."USER"."valor" (ID_VALOR, NOME, NOME_FONEMA, AUTOR, AUTOR_FONEMA, COMPLEMENTO, ANO, DATA_EVENTO, ID_OBJETO, DATA, ID_USUARIO, IMAGEM, DATA_NASC, DATA_OBIT) VALUES(144, '', NULL, NULL, NULL, NULL, NULL, NULL, 24, '2014-06-10', 1, NULL, NULL, NULL);
INSERT INTO "STI"."USER"."valor" (ID_VALOR, NOME, NOME_FONEMA, AUTOR, AUTOR_FONEMA, COMPLEMENTO, ANO, DATA_EVENTO, ID_OBJETO, DATA, ID_USUARIO, IMAGEM, DATA_NASC, DATA_OBIT) VALUES(145, '', NULL, NULL, NULL, NULL, NULL, NULL, 25, '2014-06-10', 1, NULL, NULL, NULL);
INSERT INTO "STI"."USER"."valor" (ID_VALOR, NOME, NOME_FONEMA, AUTOR, AUTOR_FONEMA, COMPLEMENTO, ANO, DATA_EVENTO, ID_OBJETO, DATA, ID_USUARIO, IMAGEM, DATA_NASC, DATA_OBIT) VALUES(146, '', NULL, NULL, NULL, NULL, NULL, NULL, 26, '2014-06-10', 1, NULL, NULL, NULL);
INSERT INTO "STI"."USER"."valor" (ID_VALOR, NOME, NOME_FONEMA, AUTOR, AUTOR_FONEMA, COMPLEMENTO, ANO, DATA_EVENTO, ID_OBJETO, DATA, ID_USUARIO, IMAGEM, DATA_NASC, DATA_OBIT) VALUES(147, 'permitir que se deduza novos conhecimentos a partir dos fatos, compondo-se de antecedente ou premissas e consequente ou conclusão, na forma" (premissas -> conclusão)', NULL, NULL, NULL, NULL, NULL, NULL, NULL, '2014-06-12', 1, NULL, NULL, NULL);
INSERT INTO "STI"."USER"."valor" (ID_VALOR, NOME, NOME_FONEMA, AUTOR, AUTOR_FONEMA, COMPLEMENTO, ANO, DATA_EVENTO, ID_OBJETO, DATA, ID_USUARIO, IMAGEM, DATA_NASC, DATA_OBIT) VALUES(148, 'expressão de algum conhecimento verdadeiro sobre o domínio do sistema especialista', NULL, NULL, NULL, NULL, NULL, NULL, NULL, '2014-06-12', 1, NULL, NULL, NULL);
INSERT INTO "STI"."USER"."valor" (ID_VALOR, NOME, NOME_FONEMA, AUTOR, AUTOR_FONEMA, COMPLEMENTO, ANO, DATA_EVENTO, ID_OBJETO, DATA, ID_USUARIO, IMAGEM, DATA_NASC, DATA_OBIT) VALUES(149, 'diagrama esquemático de um sistema especialista', NULL, NULL, NULL, NULL, NULL, NULL, NULL, '2014-06-13', 1, NULL, NULL, NULL);
INSERT INTO "STI"."USER"."valor" (ID_VALOR, NOME, NOME_FONEMA, AUTOR, AUTOR_FONEMA, COMPLEMENTO, ANO, DATA_EVENTO, ID_OBJETO, DATA, ID_USUARIO, IMAGEM, DATA_NASC, DATA_OBIT) VALUES(150, 'SE distância à frente > 10 cm ENTÃO vire à direita', NULL, NULL, NULL, NULL, NULL, NULL, NULL, '2014-06-18', 1, NULL, NULL, NULL);
INSERT INTO "STI"."USER"."valor" (ID_VALOR, NOME, NOME_FONEMA, AUTOR, AUTOR_FONEMA, COMPLEMENTO, ANO, DATA_EVENTO, ID_OBJETO, DATA, ID_USUARIO, IMAGEM, DATA_NASC, DATA_OBIT) VALUES(151, 'SE temperatura > 50 graus ENTÃO desligue o aquecedor', NULL, NULL, NULL, NULL, NULL, NULL, NULL, '2014-06-18', 1, NULL, NULL, NULL);
INSERT INTO "STI"."USER"."valor" (ID_VALOR, NOME, NOME_FONEMA, AUTOR, AUTOR_FONEMA, COMPLEMENTO, ANO, DATA_EVENTO, ID_OBJETO, DATA, ID_USUARIO, IMAGEM, DATA_NASC, DATA_OBIT) VALUES(152, 'diagrama de um perceptron simples', NULL, NULL, NULL, NULL, NULL, NULL, NULL, '2014-06-18', 1, NULL, NULL, NULL);
INSERT INTO "STI"."USER"."valor" (ID_VALOR, NOME, NOME_FONEMA, AUTOR, AUTOR_FONEMA, COMPLEMENTO, ANO, DATA_EVENTO, ID_OBJETO, DATA, ID_USUARIO, IMAGEM, DATA_NASC, DATA_OBIT) VALUES(153, 'as consultas são dispostas no quadro negro, que são analisadas pelo motor de inferência, que busca as regras e fatos na base de conhecimento para apresentar depois, no quadro negro, o resultado', NULL, NULL, NULL, NULL, NULL, NULL, NULL, '2014-06-25', 1, NULL, NULL, NULL);
INSERT INTO "STI"."USER"."valor" (ID_VALOR, NOME, NOME_FONEMA, AUTOR, AUTOR_FONEMA, COMPLEMENTO, ANO, DATA_EVENTO, ID_OBJETO, DATA, ID_USUARIO, IMAGEM, DATA_NASC, DATA_OBIT) VALUES(154, 'Sistema Especialista', NULL, 'Wikipedia', 'Uiquipédia', 'http://pt.wikipedia.org/wiki/Sistema_especialista', NULL, NULL, NULL, '2014-07-12', 1, NULL, NULL, NULL);
INSERT INTO "STI"."USER"."valor" (ID_VALOR, NOME, NOME_FONEMA, AUTOR, AUTOR_FONEMA, COMPLEMENTO, ANO, DATA_EVENTO, ID_OBJETO, DATA, ID_USUARIO, IMAGEM, DATA_NASC, DATA_OBIT) VALUES(155, 'MYCIN', NULL, 'Wikipedia', 'Uiquipédia', 'http://pt.wikipedia.org/wiki/Mycin', NULL, NULL, NULL, '2014-07-12', 1, NULL, NULL, NULL);
INSERT INTO "STI"."USER"."valor" (ID_VALOR, NOME, NOME_FONEMA, AUTOR, AUTOR_FONEMA, COMPLEMENTO, ANO, DATA_EVENTO, ID_OBJETO, DATA, ID_USUARIO, IMAGEM, DATA_NASC, DATA_OBIT) VALUES(156, 'Aplicações - MYCIN', NULL, NULL, NULL, 'http://www.din.uem.br/ia/intelige/especialistas/medicina/mycin.html#Mycin', NULL, NULL, NULL, '2014-07-12', 1, NULL, NULL, NULL);
INSERT INTO "STI"."USER"."valor" (ID_VALOR, NOME, NOME_FONEMA, AUTOR, AUTOR_FONEMA, COMPLEMENTO, ANO, DATA_EVENTO, ID_OBJETO, DATA, ID_USUARIO, IMAGEM, DATA_NASC, DATA_OBIT) VALUES(157, 'DENDRAL', NULL, 'Wikipedia', 'Uiquipédia', 'http://pt.wikipedia.org/wiki/Dendral', NULL, NULL, NULL, '2014-07-12', 1, NULL, NULL, NULL);
INSERT INTO "STI"."USER"."valor" (ID_VALOR, NOME, NOME_FONEMA, AUTOR, AUTOR_FONEMA, COMPLEMENTO, ANO, DATA_EVENTO, ID_OBJETO, DATA, ID_USUARIO, IMAGEM, DATA_NASC, DATA_OBIT) VALUES(158, 'Rede Neural', NULL, 'Wikipedia', 'Uiquipédia', 'http://pt.wikipedia.org/wiki/Rede_neural_artifical', NULL, NULL, NULL, '2014-07-12', 1, NULL, NULL, NULL);
INSERT INTO "STI"."USER"."valor" (ID_VALOR, NOME, NOME_FONEMA, AUTOR, AUTOR_FONEMA, COMPLEMENTO, ANO, DATA_EVENTO, ID_OBJETO, DATA, ID_USUARIO, IMAGEM, DATA_NASC, DATA_OBIT) VALUES(159, 'Redes Neurais', NULL, 'Tecmundo', 'Tequimundo', 'http://www.tecmundo.com.br/programacao/2754-o-que-sao-redes-neurais-.htm', NULL, NULL, NULL, '2014-07-12', 1, NULL, NULL, NULL);
INSERT INTO "STI"."USER"."valor" (ID_VALOR, NOME, NOME_FONEMA, AUTOR, AUTOR_FONEMA, COMPLEMENTO, ANO, DATA_EVENTO, ID_OBJETO, DATA, ID_USUARIO, IMAGEM, DATA_NASC, DATA_OBIT) VALUES(160, 'Redes Neurais', NULL, 'Tatibana e Kaetsu', 'Tatibana e Caetsu', 'http://www.din.uem.br/ia/neurais/', NULL, NULL, NULL, '2014-07-12', 1, NULL, NULL, NULL);
INSERT INTO "STI"."USER"."valor" (ID_VALOR, NOME, NOME_FONEMA, AUTOR, AUTOR_FONEMA, COMPLEMENTO, ANO, DATA_EVENTO, ID_OBJETO, DATA, ID_USUARIO, IMAGEM, DATA_NASC, DATA_OBIT) VALUES(161, 'O que são Redes Neurais Artificiais', NULL, 'Cérebro e Mente', 'Cérebro e Mente', 'http://www.cerebromente.org.br/n05/tecnologia/rna.htm', NULL, NULL, NULL, '2014-07-12', 1, NULL, NULL, NULL);
INSERT INTO "STI"."USER"."valor" (ID_VALOR, NOME, NOME_FONEMA, AUTOR, AUTOR_FONEMA, COMPLEMENTO, ANO, DATA_EVENTO, ID_OBJETO, DATA, ID_USUARIO, IMAGEM, DATA_NASC, DATA_OBIT) VALUES(162, 'Perceptron', NULL, 'Wikipedia', 'Uiquipédia', 'http://pt.wikipedia.org/wiki/Perceptron', NULL, NULL, NULL, '2014-07-12', 1, NULL, NULL, NULL);
INSERT INTO "STI"."USER"."valor" (ID_VALOR, NOME, NOME_FONEMA, AUTOR, AUTOR_FONEMA, COMPLEMENTO, ANO, DATA_EVENTO, ID_OBJETO, DATA, ID_USUARIO, IMAGEM, DATA_NASC, DATA_OBIT) VALUES(163, 'O Modelo do Perceptron', NULL, 'LNCC', 'Ele Ene Ce Ce', 'http://www.lncc.br/~labinfo/tutorialRN/frm3_modeloPerceptron.htm', NULL, NULL, NULL, '2014-07-12', 1, NULL, NULL, NULL);
INSERT INTO "STI"."USER"."valor" (ID_VALOR, NOME, NOME_FONEMA, AUTOR, AUTOR_FONEMA, COMPLEMENTO, ANO, DATA_EVENTO, ID_OBJETO, DATA, ID_USUARIO, IMAGEM, DATA_NASC, DATA_OBIT) VALUES(164, 'IA - Perceptron', NULL, 'Rosario', 'Rosario', 'http://pt.slideshare.net/rafael.joi/ia-perceptron', NULL, NULL, NULL, '2014-07-12', 1, NULL, NULL, NULL);
INSERT INTO "STI"."USER"."valor" (ID_VALOR, NOME, NOME_FONEMA, AUTOR, AUTOR_FONEMA, COMPLEMENTO, ANO, DATA_EVENTO, ID_OBJETO, DATA, ID_USUARIO, IMAGEM, DATA_NASC, DATA_OBIT) VALUES(165, 'Perceptron Multicamadas', NULL, 'Rosa', 'Rosa', 'http://wiki.icmc.usp.br/images/0/0f/SCC5809Cap5-V2.pdf', NULL, NULL, NULL, '2014-07-12', 1, NULL, NULL, NULL);
INSERT INTO "STI"."USER"."valor" (ID_VALOR, NOME, NOME_FONEMA, AUTOR, AUTOR_FONEMA, COMPLEMENTO, ANO, DATA_EVENTO, ID_OBJETO, DATA, ID_USUARIO, IMAGEM, DATA_NASC, DATA_OBIT) VALUES(166, 'Perceptron Multicamadas', NULL, 'LNCC', 'Ele Ene Ce Ce', 'http://www.lncc.br/~labinfo/tutorialRN/frm4_perceptronMultiCamadas.htm', NULL, NULL, NULL, '2014-07-12', 1, NULL, NULL, NULL);
INSERT INTO "STI"."USER"."valor" (ID_VALOR, NOME, NOME_FONEMA, AUTOR, AUTOR_FONEMA, COMPLEMENTO, ANO, DATA_EVENTO, ID_OBJETO, DATA, ID_USUARIO, IMAGEM, DATA_NASC, DATA_OBIT) VALUES(167, 'Função de Ativação', NULL, NULL, NULL, 'http://aimotion.blogspot.com.br/2008/12/funes-de-ativao-para-redes-neurais.html', NULL, NULL, NULL, '2014-07-12', 1, NULL, NULL, NULL);
INSERT INTO "STI"."USER"."valor" (ID_VALOR, NOME, NOME_FONEMA, AUTOR, AUTOR_FONEMA, COMPLEMENTO, ANO, DATA_EVENTO, ID_OBJETO, DATA, ID_USUARIO, IMAGEM, DATA_NASC, DATA_OBIT) VALUES(168, 'Algoritmos Genéticos', NULL, 'Wikipedia', 'Uiquipédia', 'http://pt.wikipedia.org/wiki/Algoritmo_gen%C3%A9tico', NULL, NULL, NULL, '2014-07-12', 1, NULL, NULL, NULL);
INSERT INTO "STI"."USER"."valor" (ID_VALOR, NOME, NOME_FONEMA, AUTOR, AUTOR_FONEMA, COMPLEMENTO, ANO, DATA_EVENTO, ID_OBJETO, DATA, ID_USUARIO, IMAGEM, DATA_NASC, DATA_OBIT) VALUES(169, 'Algoritmos Genéticos', NULL, NULL, NULL, 'http://www.din.uem.br/ia/geneticos/', NULL, NULL, NULL, '2014-07-12', 1, NULL, NULL, NULL);
INSERT INTO "STI"."USER"."valor" (ID_VALOR, NOME, NOME_FONEMA, AUTOR, AUTOR_FONEMA, COMPLEMENTO, ANO, DATA_EVENTO, ID_OBJETO, DATA, ID_USUARIO, IMAGEM, DATA_NASC, DATA_OBIT) VALUES(170, 'Algoritmos Genéticos: Uma Introdução', NULL, 'Lucas, Diogo', 'Lucas, Diogo', 'http://www.inf.ufrgs.br/~alvares/INF01048IA/ApostilaAlgoritmosGeneticos.pdf', NULL, NULL, NULL, '2014-07-12', 1, NULL, NULL, NULL);
INSERT INTO "STI"."USER"."valor" (ID_VALOR, NOME, NOME_FONEMA, AUTOR, AUTOR_FONEMA, COMPLEMENTO, ANO, DATA_EVENTO, ID_OBJETO, DATA, ID_USUARIO, IMAGEM, DATA_NASC, DATA_OBIT) VALUES(171, 'Algoritmos Genéticos', NULL, NULL, NULL, 'http://www.icmc.usp.br/pessoas/andre/research/genetic/', NULL, NULL, NULL, '2014-07-12', 1, NULL, NULL, NULL);
INSERT INTO "STI"."USER"."valor" (ID_VALOR, NOME, NOME_FONEMA, AUTOR, AUTOR_FONEMA, COMPLEMENTO, ANO, DATA_EVENTO, ID_OBJETO, DATA, ID_USUARIO, IMAGEM, DATA_NASC, DATA_OBIT) VALUES(173, 'considerado um dos fundadores, foi o primeiro a cunhar o termo Inteligência Artificial, um dos organizadores da Conferência de Dartmouth', NULL, '', '', NULL, NULL, NULL, NULL, '2014-07-13', 1, NULL, '1927-09-04', '2011-10-24');
INSERT INTO "STI"."USER"."valor" (ID_VALOR, NOME, NOME_FONEMA, AUTOR, AUTOR_FONEMA, COMPLEMENTO, ANO, DATA_EVENTO, ID_OBJETO, DATA, ID_USUARIO, IMAGEM, DATA_NASC, DATA_OBIT) VALUES(174, 'desenvolveu a família de linguagens de programação LISP, que trabalha basicamente com listas de dados', NULL, NULL, NULL, NULL, NULL, NULL, NULL, '2014-07-13', 1, NULL, NULL, NULL);
INSERT INTO "STI"."USER"."valor" (ID_VALOR, NOME, NOME_FONEMA, AUTOR, AUTOR_FONEMA, COMPLEMENTO, ANO, DATA_EVENTO, ID_OBJETO, DATA, ID_USUARIO, IMAGEM, DATA_NASC, DATA_OBIT) VALUES(175, 'teve influência no desenvolvimento da linguagem ALGOL e popularizou a ideia de compartilhamento de tempo" (time sharing)', NULL, '', '', NULL, NULL, NULL, NULL, '2014-07-13', 1, NULL, NULL, NULL);
INSERT INTO "STI"."USER"."valor" (ID_VALOR, NOME, NOME_FONEMA, AUTOR, AUTOR_FONEMA, COMPLEMENTO, ANO, DATA_EVENTO, ID_OBJETO, DATA, ID_USUARIO, IMAGEM, DATA_NASC, DATA_OBIT) VALUES(172, 'foto de John McCarthy', 'Dion Macarti', '', '', NULL, NULL, NULL, NULL, '2014-07-13', 1, NULL, NULL, NULL);
INSERT INTO "STI"."USER"."valor" (ID_VALOR, NOME, NOME_FONEMA, AUTOR, AUTOR_FONEMA, COMPLEMENTO, ANO, DATA_EVENTO, ID_OBJETO, DATA, ID_USUARIO, IMAGEM, DATA_NASC, DATA_OBIT) VALUES(176, 'John McCarthy', 'Dion Macarti', 'Wikipedia', 'Uiquipédia', 'http://pt.wikipedia.org/wiki/John_McCarthy', NULL, NULL, NULL, '2014-07-13', 1, NULL, NULL, NULL);
INSERT INTO "STI"."USER"."valor" (ID_VALOR, NOME, NOME_FONEMA, AUTOR, AUTOR_FONEMA, COMPLEMENTO, ANO, DATA_EVENTO, ID_OBJETO, DATA, ID_USUARIO, IMAGEM, DATA_NASC, DATA_OBIT) VALUES(177, 'John McCarthy - obituário', 'Dion Macarti - obituário', 'The Guardian', 'De Guardian', 'http://www.theguardian.com/technology/2011/oct/25/john-mccarthy', NULL, NULL, NULL, '2014-07-13', 1, NULL, NULL, NULL);
INSERT INTO "STI"."USER"."valor" (ID_VALOR, NOME, NOME_FONEMA, AUTOR, AUTOR_FONEMA, COMPLEMENTO, ANO, DATA_EVENTO, ID_OBJETO, DATA, ID_USUARIO, IMAGEM, DATA_NASC, DATA_OBIT) VALUES(179, 'considerado co-fundador da Inteligência Artificial, engenheiro e pesquisador da IBM.', NULL, NULL, NULL, NULL, NULL, NULL, NULL, '2014-07-13', 1, NULL, '1919-01-14', '2001-06-08');
INSERT INTO "STI"."USER"."valor" (ID_VALOR, NOME, NOME_FONEMA, AUTOR, AUTOR_FONEMA, COMPLEMENTO, ANO, DATA_EVENTO, ID_OBJETO, DATA, ID_USUARIO, IMAGEM, DATA_NASC, DATA_OBIT) VALUES(180, 'liderou um grupo de estudos em vários projetos na área de reconhecimento de padrões e teoria da informação.', NULL, NULL, NULL, NULL, NULL, NULL, NULL, '2014-07-13', 1, NULL, NULL, NULL);
INSERT INTO "STI"."USER"."valor" (ID_VALOR, NOME, NOME_FONEMA, AUTOR, AUTOR_FONEMA, COMPLEMENTO, ANO, DATA_EVENTO, ID_OBJETO, DATA, ID_USUARIO, IMAGEM, DATA_NASC, DATA_OBIT) VALUES(181, 'dentre outros projetos, o grupo simulou o comportamento de redes neurais abstratas em um computador IBM 704.', NULL, NULL, NULL, NULL, NULL, NULL, NULL, '2014-07-13', 1, NULL, NULL, NULL);
INSERT INTO "STI"."USER"."valor" (ID_VALOR, NOME, NOME_FONEMA, AUTOR, AUTOR_FONEMA, COMPLEMENTO, ANO, DATA_EVENTO, ID_OBJETO, DATA, ID_USUARIO, IMAGEM, DATA_NASC, DATA_OBIT) VALUES(178, 'foto de Nathaniel Rochester', 'Nataniel Roxester', NULL, NULL, NULL, NULL, NULL, NULL, '2014-07-13', 1, NULL, NULL, NULL);
INSERT INTO "STI"."USER"."valor" (ID_VALOR, NOME, NOME_FONEMA, AUTOR, AUTOR_FONEMA, COMPLEMENTO, ANO, DATA_EVENTO, ID_OBJETO, DATA, ID_USUARIO, IMAGEM, DATA_NASC, DATA_OBIT) VALUES(182, 'Nathaniel Rochester', NULL, 'Wikipedia', 'Uiquipédia', 'http://en.wikipedia.org/wiki/Nathaniel_Rochester_(computer_scientist)', NULL, NULL, NULL, '2014-07-13', 1, NULL, NULL, NULL);
INSERT INTO "STI"."USER"."valor" (ID_VALOR, NOME, NOME_FONEMA, AUTOR, AUTOR_FONEMA, COMPLEMENTO, ANO, DATA_EVENTO, ID_OBJETO, DATA, ID_USUARIO, IMAGEM, DATA_NASC, DATA_OBIT) VALUES(183, 'foto de Marvin Minsky', 'Marvin Minsqui', NULL, NULL, NULL, NULL, NULL, NULL, '2014-07-13', 1, NULL, NULL, NULL);
INSERT INTO "STI"."USER"."valor" (ID_VALOR, NOME, NOME_FONEMA, AUTOR, AUTOR_FONEMA, COMPLEMENTO, ANO, DATA_EVENTO, ID_OBJETO, DATA, ID_USUARIO, IMAGEM, DATA_NASC, DATA_OBIT) VALUES(184, 'cientista cognitivo, considerado co-fundador da área de Inteligência Artificial e organizador da Conferência de Dartmouth.', NULL, NULL, NULL, NULL, NULL, NULL, NULL, '2014-07-13', 1, NULL, '1927-08-09', NULL);
INSERT INTO "STI"."USER"."valor" (ID_VALOR, NOME, NOME_FONEMA, AUTOR, AUTOR_FONEMA, COMPLEMENTO, ANO, DATA_EVENTO, ID_OBJETO, DATA, ID_USUARIO, IMAGEM, DATA_NASC, DATA_OBIT) VALUES(185, 'co-fundador do laboratório de Inteligência Artificial do MIT.', NULL, NULL, NULL, NULL, NULL, NULL, NULL, '2014-07-13', 1, NULL, NULL, NULL);
INSERT INTO "STI"."USER"."valor" (ID_VALOR, NOME, NOME_FONEMA, AUTOR, AUTOR_FONEMA, COMPLEMENTO, ANO, DATA_EVENTO, ID_OBJETO, DATA, ID_USUARIO, IMAGEM, DATA_NASC, DATA_OBIT) VALUES(186, 'tem como principal contribuição a construção do primeiro computador baseado em redes neurais.', NULL, NULL, NULL, NULL, NULL, NULL, NULL, '2014-07-13', 1, NULL, NULL, NULL);
INSERT INTO "STI"."USER"."valor" (ID_VALOR, NOME, NOME_FONEMA, AUTOR, AUTOR_FONEMA, COMPLEMENTO, ANO, DATA_EVENTO, ID_OBJETO, DATA, ID_USUARIO, IMAGEM, DATA_NASC, DATA_OBIT) VALUES(187, 'escreveu com Seymour Papert o livro Perceptrons, no qual descreveu a incapadidade do perceptron simples para resolver certos problemas, como o problema do XOR.', NULL, NULL, NULL, NULL, NULL, NULL, NULL, '2014-07-13', 1, NULL, NULL, NULL);
INSERT INTO "STI"."USER"."valor" (ID_VALOR, NOME, NOME_FONEMA, AUTOR, AUTOR_FONEMA, COMPLEMENTO, ANO, DATA_EVENTO, ID_OBJETO, DATA, ID_USUARIO, IMAGEM, DATA_NASC, DATA_OBIT) VALUES(188, 'desenvolveu uma teoria da mente como uma sociedade de agentes, onde a inteligência surge como um produto da interação de partes não-inteligentes.', NULL, NULL, NULL, NULL, NULL, NULL, NULL, '2014-07-13', 1, NULL, NULL, NULL);
INSERT INTO "STI"."USER"."valor" (ID_VALOR, NOME, NOME_FONEMA, AUTOR, AUTOR_FONEMA, COMPLEMENTO, ANO, DATA_EVENTO, ID_OBJETO, DATA, ID_USUARIO, IMAGEM, DATA_NASC, DATA_OBIT) VALUES(189, 'Marvin Minsky', 'Marvin Minsqui', 'Wikipedia', 'Uiquipédia', 'http://en.wikipedia.org/wiki/Marvin_Minsky', NULL, NULL, NULL, '2014-07-13', 1, NULL, NULL, NULL);
INSERT INTO "STI"."USER"."valor" (ID_VALOR, NOME, NOME_FONEMA, AUTOR, AUTOR_FONEMA, COMPLEMENTO, ANO, DATA_EVENTO, ID_OBJETO, DATA, ID_USUARIO, IMAGEM, DATA_NASC, DATA_OBIT) VALUES(190, 'foto de Claude Shannon', 'Cloud Chanon', NULL, NULL, NULL, NULL, NULL, NULL, '2014-07-13', 1, NULL, NULL, NULL);
INSERT INTO "STI"."USER"."valor" (ID_VALOR, NOME, NOME_FONEMA, AUTOR, AUTOR_FONEMA, COMPLEMENTO, ANO, DATA_EVENTO, ID_OBJETO, DATA, ID_USUARIO, IMAGEM, DATA_NASC, DATA_OBIT) VALUES(191, 'matemático americano, engenheiro eletrônico e criptógrafo, é considerado o pai da teoria da informação.', NULL, NULL, NULL, NULL, NULL, NULL, NULL, '2014-07-13', 1, NULL, '1916-04-30', '2001-02-24');
INSERT INTO "STI"."USER"."valor" (ID_VALOR, NOME, NOME_FONEMA, AUTOR, AUTOR_FONEMA, COMPLEMENTO, ANO, DATA_EVENTO, ID_OBJETO, DATA, ID_USUARIO, IMAGEM, DATA_NASC, DATA_OBIT) VALUES(192, 'propôs uma medida de incerteza de informação que é o fundamento da teoria matemática da comunicação.', NULL, NULL, NULL, NULL, NULL, NULL, NULL, '2014-07-13', 1, NULL, NULL, NULL);
INSERT INTO "STI"."USER"."valor" (ID_VALOR, NOME, NOME_FONEMA, AUTOR, AUTOR_FONEMA, COMPLEMENTO, ANO, DATA_EVENTO, ID_OBJETO, DATA, ID_USUARIO, IMAGEM, DATA_NASC, DATA_OBIT) VALUES(193, 'também foi participante e organizador da Conferência de Dartmouth, e é considerado como um dos inventores do circuito digital e do computador digital.', NULL, NULL, NULL, NULL, NULL, NULL, NULL, '2014-07-13', 1, NULL, NULL, NULL);
INSERT INTO "STI"."USER"."valor" (ID_VALOR, NOME, NOME_FONEMA, AUTOR, AUTOR_FONEMA, COMPLEMENTO, ANO, DATA_EVENTO, ID_OBJETO, DATA, ID_USUARIO, IMAGEM, DATA_NASC, DATA_OBIT) VALUES(194, 'Claude Shannon', 'Cloud Chanon', 'Wikipedia', 'Uiquipédia', 'http://pt.wikipedia.org/wiki/Claude_Shannon', NULL, NULL, NULL, '2014-07-13', 1, NULL, NULL, NULL);
INSERT INTO "STI"."USER"."valor" (ID_VALOR, NOME, NOME_FONEMA, AUTOR, AUTOR_FONEMA, COMPLEMENTO, ANO, DATA_EVENTO, ID_OBJETO, DATA, ID_USUARIO, IMAGEM, DATA_NASC, DATA_OBIT) VALUES(195, '"o novo e interessante esforço para fazer os computadores pensarem...máquinas com mentes, no sentido total e literal"', NULL, 'Haugeland', 'Raugeland', NULL, 1985, NULL, NULL, '2014-07-19', 1, NULL, NULL, NULL);
INSERT INTO "STI"."USER"."valor" (ID_VALOR, NOME, NOME_FONEMA, AUTOR, AUTOR_FONEMA, COMPLEMENTO, ANO, DATA_EVENTO, ID_OBJETO, DATA, ID_USUARIO, IMAGEM, DATA_NASC, DATA_OBIT) VALUES(196, '"[Automatização de] atividades que associamos ao pensamento humano, atividades como a tomada de decisões, a resolução de problemas, o aprendizado"', NULL, 'Bellman', 'Belman', NULL, 1978, NULL, NULL, '2014-07-19', 1, NULL, NULL, NULL);
INSERT INTO "STI"."USER"."valor" (ID_VALOR, NOME, NOME_FONEMA, AUTOR, AUTOR_FONEMA, COMPLEMENTO, ANO, DATA_EVENTO, ID_OBJETO, DATA, ID_USUARIO, IMAGEM, DATA_NASC, DATA_OBIT) VALUES(197, '"o estudo das faculdades mentais pelo uso de modelos computacionais"', NULL, 'Charniak e McDermott', 'Charniak e MacDermot', NULL, 1985, NULL, NULL, '2014-07-19', 1, NULL, NULL, NULL);
INSERT INTO "STI"."USER"."valor" (ID_VALOR, NOME, NOME_FONEMA, AUTOR, AUTOR_FONEMA, COMPLEMENTO, ANO, DATA_EVENTO, ID_OBJETO, DATA, ID_USUARIO, IMAGEM, DATA_NASC, DATA_OBIT) VALUES(198, '"o estudo das computações que tornam possível perceber, raciocinar e agir"', NULL, 'Winston', 'Uinston', NULL, 1992, NULL, NULL, '2014-07-19', 1, NULL, NULL, NULL);
INSERT INTO "STI"."USER"."valor" (ID_VALOR, NOME, NOME_FONEMA, AUTOR, AUTOR_FONEMA, COMPLEMENTO, ANO, DATA_EVENTO, ID_OBJETO, DATA, ID_USUARIO, IMAGEM, DATA_NASC, DATA_OBIT) VALUES(199, '"a arte de criar máquinas que executam funções que exigem inteligência quando executadas por pessoas"', NULL, 'Kurzweil', 'Kurzuail', NULL, 1990, NULL, NULL, '2014-07-19', 1, NULL, NULL, NULL);
INSERT INTO "STI"."USER"."valor" (ID_VALOR, NOME, NOME_FONEMA, AUTOR, AUTOR_FONEMA, COMPLEMENTO, ANO, DATA_EVENTO, ID_OBJETO, DATA, ID_USUARIO, IMAGEM, DATA_NASC, DATA_OBIT) VALUES(200, '"a Inteligência Computacional é o estudo do projeto de agentes inteligentes"', NULL, 'Poole et al', 'Pule e outros', NULL, 1998, NULL, NULL, '2014-07-19', 1, NULL, NULL, NULL);
INSERT INTO "STI"."USER"."valor" (ID_VALOR, NOME, NOME_FONEMA, AUTOR, AUTOR_FONEMA, COMPLEMENTO, ANO, DATA_EVENTO, ID_OBJETO, DATA, ID_USUARIO, IMAGEM, DATA_NASC, DATA_OBIT) VALUES(201, 'diagrama das dimensões da IA', NULL, NULL, NULL, NULL, NULL, NULL, NULL, '2014-07-19', 1, NULL, NULL, NULL);
INSERT INTO "STI"."USER"."valor" (ID_VALOR, NOME, NOME_FONEMA, AUTOR, AUTOR_FONEMA, COMPLEMENTO, ANO, DATA_EVENTO, ID_OBJETO, DATA, ID_USUARIO, IMAGEM, DATA_NASC, DATA_OBIT) VALUES(202, 'o tabuleiro de xadrez e o crescimento exponencial', NULL, NULL, NULL, NULL, NULL, NULL, NULL, '2014-07-19', 1, NULL, NULL, NULL);
INSERT INTO "STI"."USER"."valor" (ID_VALOR, NOME, NOME_FONEMA, AUTOR, AUTOR_FONEMA, COMPLEMENTO, ANO, DATA_EVENTO, ID_OBJETO, DATA, ID_USUARIO, IMAGEM, DATA_NASC, DATA_OBIT) VALUES(203, 'observe a imagem do tabuleiro ', NULL, NULL, NULL, NULL, NULL, NULL, NULL, '2014-07-19', 1, NULL, NULL, NULL);
INSERT INTO "STI"."USER"."valor" (ID_VALOR, NOME, NOME_FONEMA, AUTOR, AUTOR_FONEMA, COMPLEMENTO, ANO, DATA_EVENTO, ID_OBJETO, DATA, ID_USUARIO, IMAGEM, DATA_NASC, DATA_OBIT) VALUES(204, 'partindo da primeira casa com o valor 1" (2^0), se dobrarmos a quantidade para cada casa subsequente" (2^1=2, 2^2=4...), o número para a última casa assumirá um valor astronômico" (2 elevado a 64), indicando o crescimento exponencial', NULL, NULL, NULL, NULL, NULL, NULL, NULL, '2014-07-19', 1, NULL, NULL, NULL);
INSERT INTO "STI"."USER"."valor" (ID_VALOR, NOME, NOME_FONEMA, AUTOR, AUTOR_FONEMA, COMPLEMENTO, ANO, DATA_EVENTO, ID_OBJETO, DATA, ID_USUARIO, IMAGEM, DATA_NASC, DATA_OBIT) VALUES(205, 'foi um matemático estadunidense, conhecido como o fundador da cibernética', NULL, 'Wikipedia', 'Uiquipédia', NULL, NULL, NULL, NULL, '2014-07-27', 1, NULL, '1894-11-26', '1964-03-18');
INSERT INTO "STI"."USER"."valor" (ID_VALOR, NOME, NOME_FONEMA, AUTOR, AUTOR_FONEMA, COMPLEMENTO, ANO, DATA_EVENTO, ID_OBJETO, DATA, ID_USUARIO, IMAGEM, DATA_NASC, DATA_OBIT) VALUES(206, 'o primeiro a visualizar que a informação como uma quantidade era tão importante quanto a energia ou a matéria', NULL, NULL, NULL, NULL, NULL, NULL, NULL, '2014-07-27', 1, NULL, NULL, NULL);
INSERT INTO "STI"."USER"."valor" (ID_VALOR, NOME, NOME_FONEMA, AUTOR, AUTOR_FONEMA, COMPLEMENTO, ANO, DATA_EVENTO, ID_OBJETO, DATA, ID_USUARIO, IMAGEM, DATA_NASC, DATA_OBIT) VALUES(207, 'trabalhou para o governo americano no desenvolvimento de sistemas de mira automática', NULL, NULL, NULL, NULL, NULL, NULL, NULL, '2014-07-27', 1, NULL, NULL, NULL);
INSERT INTO "STI"."USER"."valor" (ID_VALOR, NOME, NOME_FONEMA, AUTOR, AUTOR_FONEMA, COMPLEMENTO, ANO, DATA_EVENTO, ID_OBJETO, DATA, ID_USUARIO, IMAGEM, DATA_NASC, DATA_OBIT) VALUES(208, 'desenvolveu o estudo dos sistemas auto-regulados e o conceito de retroalimentação negativa', NULL, NULL, NULL, NULL, NULL, NULL, NULL, '2014-07-27', 1, NULL, NULL, NULL);
INSERT INTO "STI"."USER"."valor" (ID_VALOR, NOME, NOME_FONEMA, AUTOR, AUTOR_FONEMA, COMPLEMENTO, ANO, DATA_EVENTO, ID_OBJETO, DATA, ID_USUARIO, IMAGEM, DATA_NASC, DATA_OBIT) VALUES(209, 'foi integrante das conferências Macy, entre 1946 e 1953, contribuindo para a consolidação da teoria cibernética', NULL, NULL, NULL, NULL, NULL, NULL, NULL, '2014-07-27', 1, NULL, NULL, NULL);
INSERT INTO "STI"."USER"."valor" (ID_VALOR, NOME, NOME_FONEMA, AUTOR, AUTOR_FONEMA, COMPLEMENTO, ANO, DATA_EVENTO, ID_OBJETO, DATA, ID_USUARIO, IMAGEM, DATA_NASC, DATA_OBIT) VALUES(210, 'Norbert Wiener - Wikipedia', NULL, NULL, NULL, 'http://pt.wikipedia.org/wiki/Norbert_Wiener', NULL, NULL, NULL, '2014-07-27', 1, NULL, NULL, NULL);
INSERT INTO "STI"."USER"."valor" (ID_VALOR, NOME, NOME_FONEMA, AUTOR, AUTOR_FONEMA, COMPLEMENTO, ANO, DATA_EVENTO, ID_OBJETO, DATA, ID_USUARIO, IMAGEM, DATA_NASC, DATA_OBIT) VALUES(211, 'foto de Norbert Wiener', NULL, NULL, NULL, NULL, NULL, NULL, NULL, '2014-07-27', 1, NULL, NULL, NULL);
INSERT INTO "STI"."USER"."valor" (ID_VALOR, NOME, NOME_FONEMA, AUTOR, AUTOR_FONEMA, COMPLEMENTO, ANO, DATA_EVENTO, ID_OBJETO, DATA, ID_USUARIO, IMAGEM, DATA_NASC, DATA_OBIT) VALUES(212, 'psicólogo americano, considerado uma espécie de "homem da renascença" devido à sua excelência em várias áreas, incluindo computação, matemática, neurofisiologia, astronomia e música', NULL, NULL, NULL, NULL, NULL, NULL, NULL, '2014-07-27', 1, NULL, '1928-07-11', '1971-07-11');
INSERT INTO "STI"."USER"."valor" (ID_VALOR, NOME, NOME_FONEMA, AUTOR, AUTOR_FONEMA, COMPLEMENTO, ANO, DATA_EVENTO, ID_OBJETO, DATA, ID_USUARIO, IMAGEM, DATA_NASC, DATA_OBIT) VALUES(213, 'inventou o Perceptron em 1957, um dispositivo eletrônico construído de acordo com princípios biológicos e que mostrava capacidade de aprendizado', NULL, NULL, NULL, NULL, NULL, NULL, NULL, '2014-07-27', 1, NULL, NULL, NULL);
INSERT INTO "STI"."USER"."valor" (ID_VALOR, NOME, NOME_FONEMA, AUTOR, AUTOR_FONEMA, COMPLEMENTO, ANO, DATA_EVENTO, ID_OBJETO, DATA, ID_USUARIO, IMAGEM, DATA_NASC, DATA_OBIT) VALUES(214, 'desenvolveu e estendeu a ideia do perceptron em diversos artigos e no seu livro "Princípios de Neurodinâmica"', NULL, NULL, NULL, NULL, NULL, NULL, NULL, '2014-07-27', 1, NULL, NULL, NULL);
INSERT INTO "STI"."USER"."valor" (ID_VALOR, NOME, NOME_FONEMA, AUTOR, AUTOR_FONEMA, COMPLEMENTO, ANO, DATA_EVENTO, ID_OBJETO, DATA, ID_USUARIO, IMAGEM, DATA_NASC, DATA_OBIT) VALUES(215, 'foto de Frank Rosenblatt', NULL, NULL, NULL, NULL, NULL, NULL, NULL, '2014-07-27', 1, NULL, NULL, NULL);
INSERT INTO "STI"."USER"."valor" (ID_VALOR, NOME, NOME_FONEMA, AUTOR, AUTOR_FONEMA, COMPLEMENTO, ANO, DATA_EVENTO, ID_OBJETO, DATA, ID_USUARIO, IMAGEM, DATA_NASC, DATA_OBIT) VALUES(216, 'Contribuições de Frank Rosenblatt', NULL, NULL, NULL, 'http://csis.pace.edu/~ctappert/srd2011/rosenblatt-contributions.htm', NULL, NULL, NULL, '2014-07-27', 1, NULL, NULL, NULL);
INSERT INTO "STI"."USER"."valor" (ID_VALOR, NOME, NOME_FONEMA, AUTOR, AUTOR_FONEMA, COMPLEMENTO, ANO, DATA_EVENTO, ID_OBJETO, DATA, ID_USUARIO, IMAGEM, DATA_NASC, DATA_OBIT) VALUES(217, 'Frank Rosenblatt, por George Nagy', NULL, NULL, NULL, 'http://www.ecse.rpi.edu/homepages/nagy/PDF_chrono/2011_Nagy_Pace_FR.pdf', NULL, NULL, NULL, '2014-07-27', 1, NULL, NULL, NULL);
INSERT INTO "STI"."USER"."valor" (ID_VALOR, NOME, NOME_FONEMA, AUTOR, AUTOR_FONEMA, COMPLEMENTO, ANO, DATA_EVENTO, ID_OBJETO, DATA, ID_USUARIO, IMAGEM, DATA_NASC, DATA_OBIT) VALUES(218, 'rede com unidades sensoriais" (S), associativas" (A) e geradoras de respostas" (R), alimentada à frente" (feedforward) S->A->R', NULL, NULL, NULL, NULL, NULL, NULL, NULL, '2014-07-27', 1, NULL, NULL, NULL);
INSERT INTO "STI"."USER"."valor" (ID_VALOR, NOME, NOME_FONEMA, AUTOR, AUTOR_FONEMA, COMPLEMENTO, ANO, DATA_EVENTO, ID_OBJETO, DATA, ID_USUARIO, IMAGEM, DATA_NASC, DATA_OBIT) VALUES(219, 'Mark I, um perceptron implementado em hardware com 400 unidades fotosensoras, camada de associação de 512 unidades e camada de saída de 8 unidades', NULL, NULL, NULL, NULL, NULL, NULL, NULL, '2014-07-27', 1, NULL, NULL, NULL);
INSERT INTO "STI"."USER"."valor" (ID_VALOR, NOME, NOME_FONEMA, AUTOR, AUTOR_FONEMA, COMPLEMENTO, ANO, DATA_EVENTO, ID_OBJETO, DATA, ID_USUARIO, IMAGEM, DATA_NASC, DATA_OBIT) VALUES(220, 'perceptron implementado em hardware com 400 unidades fotosensoras, camada de associação de 512 unidades e camada de saída de 8 unidades', NULL, NULL, NULL, NULL, NULL, NULL, NULL, '2014-07-27', 1, NULL, NULL, NULL);
INSERT INTO "STI"."USER"."valor" (ID_VALOR, NOME, NOME_FONEMA, AUTOR, AUTOR_FONEMA, COMPLEMENTO, ANO, DATA_EVENTO, ID_OBJETO, DATA, ID_USUARIO, IMAGEM, DATA_NASC, DATA_OBIT) VALUES(221, 'Rosenblatt e o Mark I', NULL, NULL, NULL, NULL, NULL, NULL, NULL, '2014-07-27', 1, NULL, NULL, NULL);
INSERT INTO "STI"."USER"."valor" (ID_VALOR, NOME, NOME_FONEMA, AUTOR, AUTOR_FONEMA, COMPLEMENTO, ANO, DATA_EVENTO, ID_OBJETO, DATA, ID_USUARIO, IMAGEM, DATA_NASC, DATA_OBIT) VALUES(222, 'diagrama das camadas do Mark I', NULL, NULL, NULL, NULL, NULL, NULL, NULL, '2014-07-27', 1, NULL, NULL, NULL);
INSERT INTO "STI"."USER"."valor" (ID_VALOR, NOME, NOME_FONEMA, AUTOR, AUTOR_FONEMA, COMPLEMENTO, ANO, DATA_EVENTO, ID_OBJETO, DATA, ID_USUARIO, IMAGEM, DATA_NASC, DATA_OBIT) VALUES(223, 'sim', NULL, '', NULL, NULL, NULL, NULL, NULL, '2014-07-27', 1, NULL, NULL, NULL);
INSERT INTO "STI"."USER"."valor" (ID_VALOR, NOME, NOME_FONEMA, AUTOR, AUTOR_FONEMA, COMPLEMENTO, ANO, DATA_EVENTO, ID_OBJETO, DATA, ID_USUARIO, IMAGEM, DATA_NASC, DATA_OBIT) VALUES(224, 'Rosenblatt foi o inventor do Mark I', NULL, '', NULL, NULL, NULL, NULL, NULL, '2014-07-27', 1, NULL, NULL, NULL);
INSERT INTO "STI"."USER"."valor" (ID_VALOR, NOME, NOME_FONEMA, AUTOR, AUTOR_FONEMA, COMPLEMENTO, ANO, DATA_EVENTO, ID_OBJETO, DATA, ID_USUARIO, IMAGEM, DATA_NASC, DATA_OBIT) VALUES(225, 'lenda do jogo de xadrez', NULL, NULL, NULL, 'http://matematnews.blogspot.com.br/2011/05/lenda-da-invencao-do-xadrez.html', NULL, NULL, NULL, '2014-07-27', 1, NULL, NULL, NULL);
INSERT INTO "STI"."USER"."valor" (ID_VALOR, NOME, NOME_FONEMA, AUTOR, AUTOR_FONEMA, COMPLEMENTO, ANO, DATA_EVENTO, ID_OBJETO, DATA, ID_USUARIO, IMAGEM, DATA_NASC, DATA_OBIT) VALUES(226, 'Expert SINTA', NULL, NULL, NULL, 'http://www.dct.ufms.br/~mzanusso/sinta32.zip', NULL, NULL, NULL, '2014-07-28', 1, NULL, NULL, NULL);
INSERT INTO "STI"."USER"."valor" (ID_VALOR, NOME, NOME_FONEMA, AUTOR, AUTOR_FONEMA, COMPLEMENTO, ANO, DATA_EVENTO, ID_OBJETO, DATA, ID_USUARIO, IMAGEM, DATA_NASC, DATA_OBIT) VALUES(227, 'evento que é considerado o nascimento da área IA, ocorrido em 1956 e conduzido pelos pesquisadores John McCarthy, Marvin Minsky, Nathaniel Rochester e Claude Shannon', NULL, NULL, NULL, NULL, NULL, NULL, NULL, '2014-07-28', 1, NULL, NULL, NULL);
INSERT INTO "STI"."USER"."valor" (ID_VALOR, NOME, NOME_FONEMA, AUTOR, AUTOR_FONEMA, COMPLEMENTO, ANO, DATA_EVENTO, ID_OBJETO, DATA, ID_USUARIO, IMAGEM, DATA_NASC, DATA_OBIT) VALUES(228, 'chamada para a Conferência de Dartmouth', NULL, NULL, NULL, 'http://www-formal.stanford.edu/jmc/history/dartmouth/dartmouth.html', NULL, NULL, NULL, '2014-07-28', 1, NULL, NULL, NULL);
INSERT INTO "STI"."USER"."valor" (ID_VALOR, NOME, NOME_FONEMA, AUTOR, AUTOR_FONEMA, COMPLEMENTO, ANO, DATA_EVENTO, ID_OBJETO, DATA, ID_USUARIO, IMAGEM, DATA_NASC, DATA_OBIT) VALUES(229, 'implementação em Java', NULL, 'Wikipedia', 'Uiquipédia', 'http://pt.wikipedia.org/wiki/Perceptron', NULL, NULL, NULL, '2014-07-28', 1, NULL, NULL, NULL);
INSERT INTO "STI"."USER"."valor" (ID_VALOR, NOME, NOME_FONEMA, AUTOR, AUTOR_FONEMA, COMPLEMENTO, ANO, DATA_EVENTO, ID_OBJETO, DATA, ID_USUARIO, IMAGEM, DATA_NASC, DATA_OBIT) VALUES(230, 'implementação em Java" (código mais simples)', NULL, NULL, NULL, 'http://thiele.nu/index.php/content-andreas/4-mlp', NULL, NULL, NULL, '2014-07-28', 1, NULL, NULL, NULL);
INSERT INTO "STI"."USER"."valor" (ID_VALOR, NOME, NOME_FONEMA, AUTOR, AUTOR_FONEMA, COMPLEMENTO, ANO, DATA_EVENTO, ID_OBJETO, DATA, ID_USUARIO, IMAGEM, DATA_NASC, DATA_OBIT) VALUES(231, 'Scalab - implementação em Java" (orientação a objeto mais complexa)', NULL, NULL, NULL, 'https://code.google.com/p/scalalab/wiki/JavaNeuralNetworkFrameworkExamplesInJava', NULL, NULL, NULL, '2014-07-28', 1, NULL, NULL, NULL);
INSERT INTO "STI"."USER"."valor" (ID_VALOR, NOME, NOME_FONEMA, AUTOR, AUTOR_FONEMA, COMPLEMENTO, ANO, DATA_EVENTO, ID_OBJETO, DATA, ID_USUARIO, IMAGEM, DATA_NASC, DATA_OBIT) VALUES(232, 'Weka - Universidade de Waikato', NULL, NULL, NULL, 'http://www.cs.waikato.ac.nz/ml/weka/', NULL, NULL, NULL, '2014-07-28', 1, NULL, NULL, NULL);
INSERT INTO "STI"."USER"."valor" (ID_VALOR, NOME, NOME_FONEMA, AUTOR, AUTOR_FONEMA, COMPLEMENTO, ANO, DATA_EVENTO, ID_OBJETO, DATA, ID_USUARIO, IMAGEM, DATA_NASC, DATA_OBIT) VALUES(233, 'reconhecimento de frutas com perceptron', NULL, NULL, NULL, 'https://www.youtube.com/watch?v=LoIxZG2qh3s', NULL, NULL, NULL, '2014-07-29', 1, NULL, NULL, NULL);
INSERT INTO "STI"."USER"."valor" (ID_VALOR, NOME, NOME_FONEMA, AUTOR, AUTOR_FONEMA, COMPLEMENTO, ANO, DATA_EVENTO, ID_OBJETO, DATA, ID_USUARIO, IMAGEM, DATA_NASC, DATA_OBIT) VALUES(234, 'Implementação Direta de uma Rede Neural Artificial em Hardware e sua Aplicabilidade no Reconhecimento de Padrões para Separação de Frutas', NULL, 'Sousa e Torres', 'Sousa e Torres', 'http://www.cefetsp.br/edu/prp/sinergia/complemento/sinergia_2011_n1/pdf_s/segmentos/artigo_06_v12_n1.pdf', NULL, NULL, NULL, '2014-07-29', 1, NULL, NULL, NULL);
INSERT INTO "STI"."USER"."valor" (ID_VALOR, NOME, NOME_FONEMA, AUTOR, AUTOR_FONEMA, COMPLEMENTO, ANO, DATA_EVENTO, ID_OBJETO, DATA, ID_USUARIO, IMAGEM, DATA_NASC, DATA_OBIT) VALUES(235, 'identificação e definição do domínio do problema', NULL, NULL, NULL, NULL, NULL, NULL, 77, '2014-08-08', 1, NULL, NULL, NULL);
INSERT INTO "STI"."USER"."valor" (ID_VALOR, NOME, NOME_FONEMA, AUTOR, AUTOR_FONEMA, COMPLEMENTO, ANO, DATA_EVENTO, ID_OBJETO, DATA, ID_USUARIO, IMAGEM, DATA_NASC, DATA_OBIT) VALUES(236, 'aquisição de conhecimento', NULL, NULL, NULL, NULL, NULL, NULL, 78, '2014-08-08', 1, NULL, NULL, NULL);
INSERT INTO "STI"."USER"."valor" (ID_VALOR, NOME, NOME_FONEMA, AUTOR, AUTOR_FONEMA, COMPLEMENTO, ANO, DATA_EVENTO, ID_OBJETO, DATA, ID_USUARIO, IMAGEM, DATA_NASC, DATA_OBIT) VALUES(237, 'organização e representação do conhecimento', NULL, NULL, NULL, NULL, NULL, NULL, 79, '2014-08-08', 1, NULL, NULL, NULL);
INSERT INTO "STI"."USER"."valor" (ID_VALOR, NOME, NOME_FONEMA, AUTOR, AUTOR_FONEMA, COMPLEMENTO, ANO, DATA_EVENTO, ID_OBJETO, DATA, ID_USUARIO, IMAGEM, DATA_NASC, DATA_OBIT) VALUES(238, 'implementação do sistema especialista', NULL, NULL, NULL, NULL, NULL, NULL, 80, '2014-08-08', 1, NULL, NULL, NULL);
INSERT INTO "STI"."USER"."valor" (ID_VALOR, NOME, NOME_FONEMA, AUTOR, AUTOR_FONEMA, COMPLEMENTO, ANO, DATA_EVENTO, ID_OBJETO, DATA, ID_USUARIO, IMAGEM, DATA_NASC, DATA_OBIT) VALUES(239, 'testes e validação do sistema especialista', NULL, NULL, NULL, NULL, NULL, NULL, 81, '2014-08-08', 1, NULL, NULL, NULL);
INSERT INTO "STI"."USER"."valor" (ID_VALOR, NOME, NOME_FONEMA, AUTOR, AUTOR_FONEMA, COMPLEMENTO, ANO, DATA_EVENTO, ID_OBJETO, DATA, ID_USUARIO, IMAGEM, DATA_NASC, DATA_OBIT) VALUES(240, 'especificação do escopo do problema que geralmente ocorre a partir da consulta à algumas fontes de conhecimento, tais como: livros, manuais, relatórios técnicos e principalmente da experiência e conhecimento dos especialistas', NULL, NULL, NULL, NULL, NULL, NULL, NULL, '2014-08-08', 1, NULL, NULL, NULL);
INSERT INTO "STI"."USER"."valor" (ID_VALOR, NOME, NOME_FONEMA, AUTOR, AUTOR_FONEMA, COMPLEMENTO, ANO, DATA_EVENTO, ID_OBJETO, DATA, ID_USUARIO, IMAGEM, DATA_NASC, DATA_OBIT) VALUES(241, 'coleta e análise de informações de um ou mais especialistas ou qualquer outra fonte, possibilitando a produção de documentos', NULL, NULL, NULL, NULL, NULL, NULL, NULL, '2014-08-08', 1, NULL, NULL, NULL);
INSERT INTO "STI"."USER"."valor" (ID_VALOR, NOME, NOME_FONEMA, AUTOR, AUTOR_FONEMA, COMPLEMENTO, ANO, DATA_EVENTO, ID_OBJETO, DATA, ID_USUARIO, IMAGEM, DATA_NASC, DATA_OBIT) VALUES(242, 'a fase da aquisição de conhecimento é o gargalo de um sistema especialista', NULL, NULL, NULL, NULL, NULL, NULL, NULL, '2014-08-08', 1, NULL, NULL, NULL);
INSERT INTO "STI"."USER"."valor" (ID_VALOR, NOME, NOME_FONEMA, AUTOR, AUTOR_FONEMA, COMPLEMENTO, ANO, DATA_EVENTO, ID_OBJETO, DATA, ID_USUARIO, IMAGEM, DATA_NASC, DATA_OBIT) VALUES(243, 'utilização de fatos e regras para estruturar o conhecimento coletado', NULL, NULL, NULL, NULL, NULL, NULL, NULL, '2014-08-08', 1, NULL, NULL, NULL);
INSERT INTO "STI"."USER"."valor" (ID_VALOR, NOME, NOME_FONEMA, AUTOR, AUTOR_FONEMA, COMPLEMENTO, ANO, DATA_EVENTO, ID_OBJETO, DATA, ID_USUARIO, IMAGEM, DATA_NASC, DATA_OBIT) VALUES(244, 'escolha de uma linguagem de programação ou pacote, também chamado de shell, pelo analista na implementação do sistema especialista', NULL, NULL, NULL, NULL, NULL, NULL, NULL, '2014-08-08', 1, NULL, NULL, NULL);
INSERT INTO "STI"."USER"."valor" (ID_VALOR, NOME, NOME_FONEMA, AUTOR, AUTOR_FONEMA, COMPLEMENTO, ANO, DATA_EVENTO, ID_OBJETO, DATA, ID_USUARIO, IMAGEM, DATA_NASC, DATA_OBIT) VALUES(245, 'última etapa na elaboração do sistema especialista, executada através do uso e análise de casos conhecidos para validar a base de conhecimento', NULL, NULL, NULL, NULL, NULL, NULL, NULL, '2014-08-08', 1, NULL, NULL, NULL);

INSERT INTO "STI"."USER"."valor_propriedade" (ID_VALOR, ID_PROPRIEDADE) VALUES(31, 1);
INSERT INTO "STI"."USER"."valor_propriedade" (ID_VALOR, ID_PROPRIEDADE) VALUES(32, 1);
INSERT INTO "STI"."USER"."valor_propriedade" (ID_VALOR, ID_PROPRIEDADE) VALUES(33, 2);
INSERT INTO "STI"."USER"."valor_propriedade" (ID_VALOR, ID_PROPRIEDADE) VALUES(34, 2);
INSERT INTO "STI"."USER"."valor_propriedade" (ID_VALOR, ID_PROPRIEDADE) VALUES(35, 2);
INSERT INTO "STI"."USER"."valor_propriedade" (ID_VALOR, ID_PROPRIEDADE) VALUES(36, 2);
INSERT INTO "STI"."USER"."valor_propriedade" (ID_VALOR, ID_PROPRIEDADE) VALUES(58, 3);
INSERT INTO "STI"."USER"."valor_propriedade" (ID_VALOR, ID_PROPRIEDADE) VALUES(59, 3);
INSERT INTO "STI"."USER"."valor_propriedade" (ID_VALOR, ID_PROPRIEDADE) VALUES(144, 4);
INSERT INTO "STI"."USER"."valor_propriedade" (ID_VALOR, ID_PROPRIEDADE) VALUES(145, 4);
INSERT INTO "STI"."USER"."valor_propriedade" (ID_VALOR, ID_PROPRIEDADE) VALUES(146, 4);

INSERT INTO "STI"."USER"."valor_qualificador" (ID_VALOR, ID_QUALIFICADOR) VALUES(3, 1);
INSERT INTO "STI"."USER"."valor_qualificador" (ID_VALOR, ID_QUALIFICADOR) VALUES(4, 1);
INSERT INTO "STI"."USER"."valor_qualificador" (ID_VALOR, ID_QUALIFICADOR) VALUES(5, 1);
INSERT INTO "STI"."USER"."valor_qualificador" (ID_VALOR, ID_QUALIFICADOR) VALUES(6, 1);
INSERT INTO "STI"."USER"."valor_qualificador" (ID_VALOR, ID_QUALIFICADOR) VALUES(7, 2);
INSERT INTO "STI"."USER"."valor_qualificador" (ID_VALOR, ID_QUALIFICADOR) VALUES(8, 2);
INSERT INTO "STI"."USER"."valor_qualificador" (ID_VALOR, ID_QUALIFICADOR) VALUES(9, 2);
INSERT INTO "STI"."USER"."valor_qualificador" (ID_VALOR, ID_QUALIFICADOR) VALUES(14, 1);
INSERT INTO "STI"."USER"."valor_qualificador" (ID_VALOR, ID_QUALIFICADOR) VALUES(15, 1);
INSERT INTO "STI"."USER"."valor_qualificador" (ID_VALOR, ID_QUALIFICADOR) VALUES(16, 2);
INSERT INTO "STI"."USER"."valor_qualificador" (ID_VALOR, ID_QUALIFICADOR) VALUES(17, 2);
INSERT INTO "STI"."USER"."valor_qualificador" (ID_VALOR, ID_QUALIFICADOR) VALUES(24, 2);
INSERT INTO "STI"."USER"."valor_qualificador" (ID_VALOR, ID_QUALIFICADOR) VALUES(25, 2);

